ticker,price,history_days,ret_5,ret_10,ret_20,ret_60,ret_120,ret_252,above_ma_20,above_ma_60,above_ma_120,avg_turnover_20,volume_ratio_5,volume_ratio_20,breakout_60,distance_to_high_60,breakout_120,momentum_shift_5_20,momentum_shift_20_60,volatility_20,max_drawdown_60,breakout_momentum_score,volume_surge_score,breakout_price_score,momentum_shift_score,breakout_score,code,name,market,lot_cost
5013.TWO,52.70000076293945,487,0.36000001968876005,0.641744650094797,0.8621908898826274,1.0365169974123756,0.769432796754385,0.9274178370350528,0.4874400593277488,0.8093887837692131,0.8709340976194364,21961171.96943722,7.6421185460612255,12.3861891274144,0.02330098568814476,0.02330098568814476,0.02330098568814476,0.1444522972181032,0.5166852240785023,0.899184492203805,-0.06893202402059317,97.16686674669869,98.72749099639856,96.59063625450179,97.80912364945979,97.53811524609844,5013,強新,TPEx,52700.00076293945
4556.TWO,145.0,487,0.4285714285714286,0.6609392317435936,1.0567375886524824,0.3063063063063063,3.8974705234116476,5.345418312560123,0.49092591757491766,0.5609020946164118,0.973191290405679,180871772.62664908,3.2683409228660207,5.507715572979692,0.05454545454545445,0.05454545454545445,0.05454545454545445,0.16438703140830802,0.9546354865503802,0.9145969902766403,-0.4996226184772995,95.95438175270108,92.55102040816327,98.79951980792316,98.87755102040816,96.1110444177671,4556,旭然,TPEx,145000.0
2466.TW,180.5,487,0.44979919678714864,0.6409090909090909,0.7960199004975124,0.7960199004975124,1.7769230769230768,1.5933908614540289,0.5047309417264962,0.687573046474534,1.1943287876621707,369586209.2520393,3.812271312074003,1.426609132134313,0.058651026392961825,0.058651026392961825,0.058651026392961825,0.25079422166277054,0.5306799336650083,0.7433988258488843,-0.264754123375064,98.27130852340936,86.05042016806723,98.99159663865545,99.31572629051621,95.51680672268908,2466,冠西電,TWSE,180500.0
3518.TW,50.29999923706055,487,0.22384430911189201,0.5892574989988679,0.6907562768759847,0.696458680749011,0.9198472432188298,1.2061403912373723,0.4135169159124945,0.6615740137793897,0.6091923213885702,200005898.10217038,6.209749976409314,5.657001067232607,0.0,0.0,0.0,0.05115523989289583,0.4586033832929811,0.6571446664456353,-0.19863017098857483,96.45858343337333,97.20888355342136,92.86914765906363,88.77551020408164,94.77581032412964,3518,柏騰,TWSE,50299.99923706055
4174.TWO,52.099998474121094,487,0.3290815678600083,0.7424748875860372,1.088176227694151,0.7996544767217164,0.3746700890907917,0.01757808003458261,0.5542958980837391,0.8078768808363417,0.7486643968977864,62732968.96944113,2.787892508192618,5.514462644668412,0.025590536546940434,0.025590536546940434,0.025590536546940434,0.05703751093647058,0.8216247354535788,0.7965731419110976,-0.16468591700591995,94.5378151260504,91.50060024009603,97.02280912364945,90.38415366146458,93.65246098439376,4174,浩鼎,TPEx,52099.998474121094
6672.TW,505.0,487,0.3685636856368564,0.6290322580645162,0.686143572621035,0.8363636363636364,2.15625,3.846187412325273,0.46578622741455633,0.788349170748982,0.9708919424343441,2642004345.275,1.785926095211451,1.471272621345155,0.09902067464635467,0.09902067464635467,0.09902067464635467,0.19702779248159763,0.4073556938331562,0.7236562976643947,-0.3246268656716418,98.26530612244898,76.04441776710684,99.87995198079231,98.52941176470588,93.07262905162065,6672,騰輝電子-KY,TWSE,505000.0
6152.TW,19.799999237060547,487,0.2941175810606018,0.2531644935467334,0.4666666101526331,0.49999996387597223,0.11864397647474134,1.0732983080220184,0.26780849770315474,0.41614012804066136,0.3857054844871375,55755326.44850421,5.998007057172184,2.195968530678625,0.04485479893929267,0.04485479893929267,0.04485479893929267,0.17745092852244354,0.29999995552730907,0.6264817215558246,-0.16666665462532415,88.19927971188474,92.73709483793516,98.1032412965186,96.95678271308523,92.62815126050421,6152,百一,TWSE,19799.999237060547
6708.TWO,68.5,487,0.3249516245482038,0.7385786128715626,0.7792207792207793,0.7167919142953241,0.7792207792207793,0.6997518932210367,0.47502153437268757,0.6709354768268749,0.6790758957177505,22579230.919148635,12.163647915886955,19.65980739989863,-0.060356672617036145,-0.060356672617036145,-0.060356672617036145,0.130146429743009,0.5402901411223379,0.8309039064244897,-0.0800000190734863,96.38655462184873,99.79591836734694,65.13805522208884,97.24489795918367,91.11794717887155,6708,天擎,TPEx,68500.0
1569.TWO,72.19999694824219,487,0.15335461195082534,0.18360650734823247,0.43824692930173037,0.4901959919775618,0.3648392224132855,0.10229002974415558,0.22778671447087961,0.4832060273403105,0.4346151701990808,284689819.755134,2.055518731454305,8.801006996756387,0.031428527832031206,0.031428527832031206,0.031428527832031206,0.043792879625392744,0.2748482653092098,0.5296681320794756,-0.2151898825861973,91.14645858343337,87.64705882352939,97.57503001200479,85.56422569027612,90.71998799519807,1569,濱川,TPEx,72199.99694824219
6957.TW,444.0,487,0.1967654986522911,0.5310344827586206,1.009049773755656,1.1874106322588442,1.7786027797120059,1.5211845293558128,0.45490292455148684,0.78500181733136,1.121069176028902,176748151.9,3.2759332777148726,7.320396981054141,0.08292682926829276,0.08292682926829276,0.08292682926829276,-0.055496944786622926,0.6132462296693746,0.6593856138426837,-0.17786557091844746,98.4093637454982,93.21728691476591,99.37575030012005,51.58463385354141,90.28091236494598,6957,裕慶-KY,TWSE,444000.0
6716.TWO,153.5,487,0.3464912280701755,0.3232758620689655,0.30084745762711873,0.5663265306122449,1.053873945681787,2.0808109971476596,0.26389460683408816,0.3935753266972266,0.5032914129055108,126025566.375,3.430863917431408,0.9463711839548542,0.051369863013698724,0.051369863013698724,0.051369863013698724,0.27127936366339583,0.11207194742303708,0.6250551200440221,-0.24813634369682425,93.85954381752701,77.21488595438176,98.41536614645858,88.68547418967587,89.83343337334935,6716,應廣,TPEx,153500.0
2241.TW,52.0,487,0.12676052612567457,0.39223566598080417,0.5138283059656092,0.28395061728395055,0.8637993086373839,0.7838765242022261,0.3085876061654609,0.44074254465941176,0.40830766821182785,132285353.57376976,3.01442010420538,6.724863421207089,0.09820489283479783,0.09820489283479783,0.007751967785028402,-0.0016965503657277448,0.4191781002042924,0.6412483377110074,-0.24441684021330878,91.84873949579831,92.31092436974791,98.48739495798318,68.4093637454982,89.77611044417768,2241,艾姆勒,TWSE,52000.0
3147.TWO,295.0,487,0.2114989733059549,0.23949579831932777,0.3318284424379232,0.26326855002918825,0.8469063340670091,0.6466996453140175,0.20951209512095126,0.289566843102554,0.30874227451769864,255751923.725,3.7063440235817318,2.6290332661478937,0.010273972602739656,0.010273972602739656,-0.13195402298850578,0.1285418626964741,0.24407225909486047,0.4951536320350869,-0.18443722033155852,90.73229291716686,90.97238895558223,78.94357743097238,94.53181272509003,89.00450180072028,3147,大綜,TPEx,295000.0
2340.TW,48.150001525878906,487,0.1801471182906791,0.3956522181414175,0.4503012174514123,0.29261749062762155,0.493023303128028,0.7104796510968068,0.2965332115547388,0.43193482641441716,0.35559027555920286,619248552.1228137,7.513802673759119,4.25734163723477,-0.04274349391237253,-0.04274349391237253,-0.04274349391237253,0.06757181392782602,0.3527620539088718,0.6932097280817714,-0.30513176790005725,90.61224489795917,96.59063625450179,74.35774309723888,90.81032412965186,88.88565426170467,2340,台亞,TWSE,48150.001525878906
6278.TW,250.5,487,0.1490825688073394,0.28791773778920304,0.2846153846153847,0.38781163434903054,0.8018853055312745,1.3858295678029808,0.2249388753056234,0.3684162607547685,0.33071195234409734,1595383018.875,2.5419697021312913,1.0552980223476838,0.07051282051282048,0.07051282051282048,0.04531278802301797,0.07792872265349321,0.15534483983237454,0.5678573082207043,-0.2647887323943662,90.82833133253301,76.57863145258104,98.94357743097238,86.64465786314527,88.26140456182473,6278,台表科,TWSE,250500.0
6213.TW,796.0,487,0.2776886035313002,0.46863468634686356,0.5516569200779726,1.2141863699582753,2.1852644628946942,6.10342180295231,0.35282121006118294,0.6748198411446005,1.0803896109263027,11268901996.95,1.2645370432069898,1.264023014907162,0.011435832274459878,0.011435832274459878,0.011435832274459878,0.13977437351180705,0.14692813009188083,0.7194754749524858,-0.34741144414168934,98.32533013205281,64.43577430972388,95.46218487394958,89.8079231692677,88.00270108043216,6213,聯茂,TWSE,796000.0
3311.TW,47.349998474121094,487,0.1534713606370257,0.25596810386985336,0.49133853461798727,0.2849389534540663,0.45783660767169176,0.3609224765957306,0.2063693849445285,0.35560057044936233,0.3573322460815571,111804055.67103377,6.091713281891019,17.54726410669043,-0.04632432993096669,-0.04632432993096669,-0.04632432993096669,0.030636726982528895,0.39635888346663184,0.7088703174826244,-0.13259671390182082,90.20408163265306,98.22929171668667,72.50900360144058,83.88355342136855,87.72328931572629,3311,閎暉,TWSE,47349.998474121094
6944.TW,908.0,487,0.17161290322580647,0.2752808988764044,0.26286509040333805,0.154337209065033,0.3373419417011414,1.2976806073226381,0.21821962836251418,0.22521535283123728,0.2448538166462737,327335064.45,2.3970946752209197,1.7315661554157995,0.09529553679131486,0.09529553679131486,0.09529553679131486,0.10589663062497195,0.21141935404832704,0.42154571669322466,-0.20506634499396859,82.83313325330133,83.58343337334934,99.56782713085235,91.00240096038416,87.59303721488595,6944,兆聯實業,TWSE,908000.0
3564.TWO,60.900001525878906,487,0.20355737870280088,0.20833332702596374,0.23780488986806336,0.16221373573437936,0.4590098133276208,0.10081768857914852,0.19435186451146902,0.268089570151002,0.3012135797350419,33076825.68095951,4.309178923264842,2.0169704427227564,-0.012965951817962895,-0.012965951817962895,-0.012965951817962895,0.14410615623578504,0.18373364462327024,0.561235386342604,-0.2423664197159856,83.68547418967586,90.31812725090035,88.21128451380551,92.59903961584635,87.58583433373349,3564,其陽,TPEx,60900.001525878906
6456.TW,102.0,487,0.10869565217391308,0.41863696572088704,0.48255807377313675,0.4447592380244709,0.32812494722505625,0.6012558677918167,0.32312880458865956,0.47115384345576605,0.42562633583078013,1431724854.5191503,3.018129438844403,3.6810312016983553,0.024096401231396447,0.024096401231396447,0.024096401231396447,-0.011943866269371106,0.3343049944316464,0.7430833146450118,-0.277856140182858,89.69387755102042,90.4981992797119,96.78271308523409,62.388955582232896,87.21698679471788,6456,GIS-KY,TWSE,102000.0
3701.TW,61.099998474121094,487,0.33115460660000773,0.4309132876445174,0.49024386522246566,0.5030749367923923,-0.03627764978552861,0.42814300726991483,0.34863698437289314,0.4581468513105065,0.26374570518134277,196238382.82551804,9.143836869379134,3.990634218633646,0.0032840220563410405,0.0032840220563410405,-0.2226463147548513,0.2085936402943913,0.3225522196250016,0.723612341124467,-0.21453695658901495,85.5282112845138,97.12484993997599,68.16326530612244,97.9591836734694,86.81902761104442,3701,大眾控,TWSE,61099.998474121094
3707.TWO,89.9000015258789,487,0.1875826307806272,0.41798106249544964,0.46895425498620513,0.05146200615063057,0.6435100598168233,0.48595043844427943,0.2875966940998782,0.379204562891174,0.262470544290879,1429624333.4866505,3.0868104950006776,5.1365497301710885,0.04534885495208041,0.04534885495208041,-0.10547262163304572,0.07034406703407592,0.45180025293599496,0.5863437798440801,-0.390625,82.44897959183673,91.99879951980793,84.0096038415366,91.89075630252101,86.56482593037215,3707,漢磊,TPEx,89900.0015258789
3441.TWO,249.0,487,0.34959349593495936,0.4028169014084506,0.9007633587786259,2.351278462620589,6.735097278477863,6.483363597873965,0.3378106111484218,1.0019832213680036,1.7478294903231575,3221308098.05,1.6076965314131402,1.1233254982241831,-0.02352941176470591,-0.02352941176470591,-0.02352941176470591,0.12440265624030289,0.11700387123842948,0.8038328625585196,-0.14177487291980306,99.48379351740695,68.42737094837935,82.73709483793519,86.94477791116448,86.48949579831934,3441,聯一光,TPEx,249000.0
5432.TWO,195.0,487,0.21875,0.21118012422360244,0.18541033434650456,0.4285714285714286,0.4763803201508876,0.5831066513230865,0.21155638397017706,0.38399299673240317,0.3775229513916525,52218177.8,4.469634106019096,1.2913851807047585,-0.002557544757033292,-0.002557544757033292,-0.002557544757033292,0.17239741641337386,0.04255319148936168,0.7147445385326727,-0.2664178876734492,86.77070828331333,85.87635054021608,91.78871548619448,77.65906362545019,86.18397358943577,5432,新門,TPEx,195000.0
4927.TW,54.5,487,0.2247191011235956,0.2960761233966138,0.2674418604651163,0.34071335680771875,0.14495801989637158,1.0881225748446148,0.2192393736017897,0.41442104737407215,0.21323427555003316,331815312.3999456,4.358450834622788,1.7134292210023248,0.03024571697485423,0.03024571697485423,-0.11954767921589049,0.15785863600731653,0.15387074152921004,0.6241014274300726,-0.33167702811104915,84.3217286914766,88.96158463385353,81.968787515006,91.10444177671069,86.02851140456183,4927,泰鼎-KY,TWSE,54500.0
8150.TW,128.5,487,0.12227074235807867,0.24757281553398047,0.40744792666823426,0.11739130434782608,0.7658317275871682,3.396681935069739,0.24322755601491353,0.348397140249036,0.38095323707455053,5937186792.384386,1.8554189323956731,1.6520118285748355,0.007843137254901933,0.007843137254901933,0.007843137254901933,0.0204087606910201,0.36831749188562557,0.7444139131583565,-0.46122448979591835,85.62424969987994,78.06122448979592,94.71788715486193,80.47418967587035,84.77971188475388,8150,南茂,TWSE,128500.0
1714.TW,19.649999618530273,487,0.19090906778971362,0.23197491244582058,0.19452879678888313,0.1930004295017813,1.0145494841830947,1.5465970494007508,0.1967113058072918,0.22563402778947617,0.35346476158021733,342042971.3929977,4.2927781394079645,1.0998789263450082,0.03421050623843547,0.03421050623843547,-0.1268810316748954,0.14227686859249283,0.13019532028828934,0.5653844605085526,-0.2609970001293671,85.73229291716687,82.25690276110444,81.60864345738295,88.69747899159665,84.48349339735896,1714,和桐,TWSE,19649.999618530273
6197.TW,371.0,487,0.138036809815951,0.15217391304347827,0.20454545454545459,0.12937595129375956,1.1029480194945491,1.373232851499985,0.16218967812671314,0.19819140919367007,0.2599971086590016,620116518.0,2.1035491373308868,1.167437923669828,0.016438356164383494,0.016438356164383494,-0.004026845637583931,0.08690044617958737,0.16142013744753472,0.34247452526265926,-0.20627802690582964,82.86314525810324,76.51260504201682,94.57382953181272,87.78511404561826,84.3559423769508,6197,佳必琪,TWSE,371000.0
5228.TWO,55.79999923706055,487,0.403773565712215,0.37607892199569526,0.2871972595425074,0.06285712832496282,0.6533333107277199,2.301775177312889,0.3204756526509729,0.3316098118574915,0.15626698674486916,29449720.454616927,9.47498412757316,1.8695075894144793,0.06285712832496282,0.06285712832496282,-0.26771651611794767,0.33197425082658816,0.26624488343418645,0.6900441825525818,-0.31900001525878907,81.56662665066027,93.07923169267707,68.47539015606242,97.34093637454983,84.19267707082834,5228,鈺鎧,TPEx,55799.99923706055
6811.TWO,273.0,487,0.1351351351351351,0.06432748538011701,0.2214765100671141,0.24090909090909096,0.46853151674666527,0.14775008285126923,0.11736416658139781,0.1685393258426966,0.23792370030758692,116288036.975,1.1959706878910181,4.3572391464869265,0.024390243902439046,0.024390243902439046,0.024390243902439046,0.07976600761835656,0.1411734797640838,0.6008842772181903,-0.12627291242362526,84.5798319327731,70.90036014405763,96.90276110444177,85.58823529411765,83.77581032412965,6811,宏碁資訊,TPEx,273000.0
1709.TW,60.20000076293945,487,0.24380162944315664,0.3967518072903382,0.760233901169227,1.3140294810553872,2.246910397515891,2.8163684514598315,0.32862504330735876,0.7529319220708961,1.2275817129616655,1659078003.0791016,1.3962580609467836,2.456886871063486,-0.06376364065672113,-0.06376364065672113,-0.06376364065672113,0.0537431541508499,0.32222407415076454,1.0470837616682787,-0.19750895875894192,98.66746698679472,73.859543817527,62.953181272509,88.0672268907563,83.73259303721488,1709,和益,TWSE,60200.00076293945
6199.TWO,139.5,487,0.09411764705882364,0.21834061135371186,0.45010399610567764,0.3160377358490567,0.24,0.37438423645320196,0.20685180219611587,0.3489556498947175,0.3838942491782582,591463713.6845185,1.7129885426057816,5.640214779920016,0.029520295202952074,0.029520295202952074,0.029520295202952074,-0.01840835196759577,0.3447580841559921,0.279441953727366,-0.1251184544857079,86.42256902761105,81.95078031212486,97.14285714285714,59.98799519807923,83.48349339735896,6199,天品,TPEx,139500.0
6196.TW,670.0,487,0.14529914529914523,0.25233644859813076,0.30350194552529186,0.21597096188747722,0.9943611725570767,1.638454487250169,0.19185270835186352,0.2754818751487269,0.3409082838082309,1002531191.9,1.3025051688684894,1.50810206081421,-0.013254786450662692,-0.013254786450662692,-0.013254786450662692,0.06942365891782226,0.2315116248961328,0.5830120629924499,-0.26101694915254237,89.07563025210084,67.72509003601441,88.09123649459784,88.62545018007202,83.47358943577431,6196,帆宣,TWSE,670000.0
2413.TW,58.099998474121094,487,0.13035013131018824,0.07592589766890923,0.20165460822545,0.2846098827784329,0.16148024889680634,1.6959130202980721,0.11564492783777935,0.28055103720800423,0.22934518135721405,491226480.6337725,1.7571067603771136,7.195917225101508,0.037499972752162325,0.037499972752162325,-0.059665611489755355,0.07993647925382574,0.1067846472993057,0.6196694407076531,-0.23366562142916358,80.32412965186074,83.81152460984393,89.62785114045619,82.64105642256904,83.40426170468186,2413,環科,TWSE,58099.998474121094
1303.TW,314.0,487,0.22896281800391383,0.3110647181628392,0.36225596529284165,0.5739348370927317,2.4863643625568845,6.7809125819180585,0.2688150318213962,0.47544835147623155,0.9133348965845642,18025535989.625,1.1215606512662293,0.6897377184560957,0.07167235494880542,0.07167235494880542,0.07167235494880542,0.1383988266807034,0.17094435292859775,0.5887759358135083,-0.378021978021978,95.70828331332532,45.28211284513806,99.25570228091237,91.38055222088835,83.16206482593039,1303,南亞,TWSE,314000.0
2033.TW,53.20000076293945,487,0.25619841038361524,0.5670102965362438,1.0700388787402773,2.477124189524879,2.204819249421562,2.0141644143202226,0.44830874371973706,1.1122986140429707,1.5991898346495494,96627338.47246285,1.124861721949183,1.5079267778152248,0.0075757865844463534,0.0075757865844463534,0.0075757865844463534,-0.011311309301454076,0.24433081556531766,0.857537257904248,-0.10211266399588603,99.22569027611044,61.3625450180072,94.54981992797119,60.978391356542616,83.0876350540216,2033,佳大,TWSE,53200.00076293945
6257.TW,278.0,487,0.09448818897637801,0.1097804391217565,0.30516431924882625,0.18550106609808092,0.5688664830539416,2.0138310450598063,0.16733151375183697,0.2752781069612753,0.28617782785037615,4129278601.525,2.0724516357473983,2.3901412339201533,-0.027972027972028024,-0.027972027972028024,-0.027972027972028024,0.018197109164171443,0.24333063054946594,0.6258367633239612,-0.2710084033613446,85.58823529411765,83.67346938775509,81.1044417767107,77.24489795918367,82.96128451380552,6257,矽格,TWSE,278000.0
3265.TWO,217.0,487,0.16666666666666674,0.19889502762430933,0.23295454545454541,0.29166666666666674,0.3087011023915365,1.2072123555239629,0.2126292260407936,0.27722189523248963,0.2548958012507849,333369738.775,1.6391697596150818,0.8136012393598512,0.09873417721518996,0.09873417721518996,0.09873417721518996,0.10842803030303039,0.13573232323232315,0.6070501246437533,-0.2222222222222222,84.86194477791116,60.97238895558224,99.75990396158463,87.40096038415366,82.25,3265,台星科,TPEx,217000.0
3189.TW,1100.0,487,0.134020618556701,0.33010882708585254,0.35301353013530146,0.343101343101343,1.8002111842508008,8.708221154208724,0.21112028626479495,0.3225922808705062,0.4951824555756581,16911956863.65,1.0968809283653738,0.9848818837518171,0.004566210045662045,0.004566210045662045,0.004566210045662045,0.045767236022875635,0.23864641576818713,0.5105141136718007,-0.3183431952662722,92.5750300120048,52.611044417767104,93.87755102040816,85.28211284513807,81.75060024009603,3189,景碩,TWSE,1100000.0
3031.TW,33.5,487,0.08766236460456267,0.19217080232110062,0.36178859676905994,0.19894552934669818,0.05543532141215568,0.6467786006001806,0.18994760033490476,0.33124797289293184,0.21959509535206156,140320884.4408679,2.973850896275308,6.24514931895774,-0.020467858108880632,-0.020467858108880632,-0.020467858108880632,-0.002784784587702316,0.29547342032016055,0.6278055501035046,-0.2831662270818307,79.70588235294117,92.07082833133254,84.03361344537814,66.68667466986794,81.70978391356542,3031,佰鴻,TWSE,33500.0
3094.TW,67.5,487,0.09577924792250725,0.18838029765250375,0.5066964542303163,0.7578124301508096,1.701553879905747,1.5258022743000441,0.2530746801802022,0.5699195681708569,0.7574527993443558,885567103.7237551,1.7604050812518204,3.1207824862864912,-0.03982934466868138,-0.03982934466868138,-0.03982934466868138,-0.030894865635071822,0.2540923108467131,0.8960377070932204,-0.24908426307456022,95.42016806722688,81.36254501800721,75.31812725090036,53.95558223289316,81.6656662665066,3094,聯傑,TWSE,67500.0
3624.TWO,159.5,487,0.15999999999999992,0.20377358490566033,0.6460268058654532,0.226923076923077,1.8718776325879922,2.9369681612097986,0.22311261142836636,0.5823674319266599,0.5731655802801379,3628888412.453166,1.098698577116204,3.6720267357567122,0.056291390728476776,0.056291390728476776,-0.08880937987472759,-0.0015067014663633915,0.5703857802244275,0.8712452102571503,-0.5157446678648604,92.73109243697478,66.34453781512605,86.6266506602641,69.03961584633853,81.35984393757502,3624,光頡,TPEx,159500.0
8111.TWO,94.0,487,0.1853719594266312,0.16625312381589374,0.2789115646258504,0.9125126568003517,0.31959384747731234,0.736942376863114,0.20551458800897726,0.4219622594057755,0.4737308208846356,1289292292.892873,1.5382511478399272,1.2782135821310596,-0.003181368420456465,-0.003181368420456465,-0.003181368420456465,0.1156440682701686,-0.025259320974266808,0.7216475011143203,-0.15725189674901596,89.90996398559425,69.79591836734694,91.04441776710684,63.68547418967587,81.17466986794719,8111,立碁,TPEx,94000.0
6505.TW,107.0,487,0.09969164074005588,0.20903954802259883,0.34253455579787095,0.6957211186603025,0.9860584955781475,1.791628083993054,0.1896158804051582,0.34608127411317957,0.6157817585740366,2499577725.872415,1.0168282348509352,1.2814008399197785,0.054187192118226646,0.054187192118226646,0.054187192118226646,0.014058001790588137,0.11062751624443679,0.6234198467711174,-0.2800429112526206,93.09123649459784,55.01200480192077,98.67947178871549,65.9543817527011,80.61854741896758,6505,台塑化,TWSE,107000.0
6174.TWO,58.20000076293945,487,0.2791208958887792,0.31376979154099915,0.2819382997105031,0.0300885090785743,1.1465230912824262,1.5150250879702698,0.24785592483966812,0.27647909599518705,0.28735410198871336,56979977.81878643,4.412465218971173,0.9186246769957024,-0.03801651631505032,-0.03801651631505032,-0.07619046408032615,0.20863632096115342,0.27190879668431167,0.8311317552838802,-0.36622070218371006,80.26410564225691,78.4453781512605,71.04441776710684,96.99879951980793,80.47569027611044,6174,安碁,TPEx,58200.00076293945
8213.TW,37.70000076293945,487,0.09275364530259278,0.13554216555992582,0.14415781153312035,0.14203178400053162,0.0834254200579796,0.07006809770043443,0.1300959577616041,0.16356616449598582,0.10424862951771363,21603653.771910094,5.068575403726056,1.3315411726574942,0.09275364530259278,0.09275364530259278,-0.06561035854501962,0.05671419241931269,0.09681388353294315,0.4234429174448212,-0.1379207251196204,71.99879951980792,86.87875150060023,89.69987995198079,77.00480192076832,80.00990396158463,8213,志超,TWSE,37700.00076293945
6691.TW,776.0,487,0.07927677329624472,0.2278481012658229,0.2435897435897436,0.21720583987643738,0.34114618248071005,0.9875543983099044,0.1627210068924183,0.22300516002404724,0.2612821050416765,555416288.25,2.1269886445052837,1.1845601259594567,-0.02267002518891692,-0.02267002518891692,-0.02267002518891692,0.018379337398808815,0.1711877969642645,0.5304888902458113,-0.19496015384289656,82.22088835534214,76.99879951980793,83.16926770708284,74.13565426170469,79.8922569027611,6691,洋基工程,TWSE,776000.0
6485.TWO,85.5999984741211,487,0.1116882918717026,0.19220048517846733,0.3851132610174539,0.155752591613612,0.11107135684681979,0.271668608401328,0.24004053448777007,0.32713061071915717,0.10539778354524154,75281925.46866818,4.5231571184282755,3.913094945542797,0.010625756296412492,0.010625756296412492,-0.30468438201372616,0.015409976617339116,0.33319573047958323,0.8254617090777285,-0.2793914622538982,80.03601440576232,94.26770708283314,62.83313325330131,76.92677070828331,79.68697478991598,6485,點序,TPEx,85599.9984741211
2484.TW,87.0999984741211,487,0.11666664710411667,0.24428569248744414,0.23897574243338826,0.04275618100219525,1.1812495253271122,2.8219282367242022,0.1711711494523036,0.19411495344719043,0.3385211444494678,1203203340.8881736,3.5928738343042856,1.049234944839203,-0.018924617858377624,-0.018924617858377624,-0.08812917920554797,0.05692271149576961,0.22472368209932317,0.6066815083345253,-0.3571428448663092,78.79351740696279,79.84393757503003,76.25450180072028,86.1044417767107,79.64495798319328,2484,希華,TWSE,87099.9984741211
2030.TW,36.75,487,0.0013623770033006632,0.4818548842969981,0.6083150716182271,1.1120690118212866,1.2955863575747228,1.6973139741673555,0.27085673004121946,0.6038113199768265,0.8210841883030082,349071944.00426924,3.409195595689685,2.9800591912450947,-0.04296878802900361,-0.04296878802900361,-0.04296878802900361,-0.1507163909012561,0.23762540101113155,0.7205752196781321,-0.0672268287987855,89.36974789915966,90.58823529411765,74.09363745498199,42.46698679471788,79.58373349339736,2030,彰源,TWSE,36750.0
3236.TWO,56.20000076293945,487,0.27293315561942477,0.2875142909129107,0.22306854907099471,-0.0061632411971621615,0.5879181066079089,1.668895079629396,0.22493463069735298,0.2576521829722187,0.18492376044489434,259198046.8321188,8.159794866871414,1.48770072526596,-0.0061632411971621615,-0.0061632411971621615,-0.22126757454427282,0.2171660183516761,0.2251229628033821,0.6338953485857602,-0.3555758481259823,73.75750300120049,90.22208883553421,65.3061224489796,95.46818727490998,79.43997599039618,3236,千如,TPEx,56200.00076293945
4903.TWO,46.75,487,0.08974355098329378,0.13059254474358672,0.2808219178082192,0.19871794871794868,-0.04689091279990776,0.4609375,0.17884385387147383,0.2367452283225624,0.14849580039327814,182860265.22850877,1.7686693447585575,4.417370463364528,0.0320088474030964,0.0320088474030964,-0.12124061410601894,0.019538071531238987,0.21458260156890296,0.7217481732112137,-0.20095688671051626,76.45258103241297,83.11524609843937,81.94477791116446,76.04441776710685,79.15546218487394,4903,聯光通,TPEx,46750.0
6658.TW,202.5,487,0.12188365650969524,0.16714697406340062,0.15384615384615374,0.15384615384615374,1.6128314622470028,2.368609368962576,0.13620423621826339,0.2151215121512151,0.17121295251187685,81929217.25,3.356641800148086,1.1193413659633729,-0.0024630541871921707,-0.0024630541871921707,-0.21206225680933855,0.0834221180481568,0.1025641025641025,0.438777092164713,-0.2571428571428571,82.0828331332533,80.93637454981993,68.11524609843937,82.31092436974791,79.03691476590636,6658,聯策,TWSE,202500.0
6204.TWO,111.5,487,0.08252427184466016,0.03240740740740744,0.2308602420228163,0.19926592543648458,0.7304221833672107,0.5509179682753542,0.11293167008630389,0.2911758304363068,0.24012111536432434,54936359.811589815,1.542716732878722,1.771925168151583,-0.013274336283185861,-0.013274336283185861,-0.10294905126202536,0.024809211338956083,0.16443826687732144,0.729181017425353,-0.3089887906825377,84.30972388955581,73.56542617046819,76.5906362545018,76.05042016806723,78.84093637454981,6204,艾華,TPEx,111500.0
6274.TWO,1720.0,487,0.13157894736842102,0.1986062717770034,0.25547445255474455,0.10967741935483866,0.7916666666666667,4.665874134689688,0.16294793779580807,0.2121924003053972,0.19900315435422877,13560745318.75,1.5330689286334545,1.8456685307170535,-0.0337078651685393,-0.0337078651685393,-0.09473684210526312,0.06771033422973488,0.21891531276979834,0.5795407193371812,-0.2961672473867596,83.0672268907563,73.75150060024009,70.22809123649459,87.36494597839138,78.81512605042018,6274,台燿,TPEx,1720000.0
6834.TW,125.0,487,0.17910932626251563,0.08695652173913038,0.2886597938144331,-0.03100775193798455,2.3972593423076773,3.1899528847674725,0.134658652359672,0.25623810413765336,0.42292966344858307,874611515.9129887,1.8197209092033488,1.9085790578528483,-0.04580152671755722,-0.04580152671755722,-0.05303030303030298,0.10694437780890736,0.2989957111270946,0.8324675632915237,-0.3847457756430416,76.2124849939976,78.96158463385353,71.9327731092437,93.99759903961585,78.71158463385355,6834,天二科技,TWSE,125000.0
2492.TW,428.0,487,0.42904841402337235,0.38735818476499184,0.32507739938080493,0.021479713603818507,1.8974556909761615,3.0978302005941174,0.31328628413623827,0.4382123155330291,0.3257003938004057,11607541387.3,2.360329296432145,1.0075344892181262,0.021479713603818507,0.021479713603818507,-0.30263829558716115,0.3477790641781711,0.31791749484619874,0.737119942893886,-0.49102564102564106,80.90036014405761,74.50180072028812,63.88955582232893,98.32533013205283,78.51230492196878,2492,華新科,TWSE,428000.0
2061.TWO,68.4000015258789,487,0.14381274913944453,0.26666669492368356,0.30783943639925826,0.01634470169748914,3.2222221175666093,2.9767440983641826,0.23532601040294887,0.24998099332095736,0.46083617431799206,146173570.81143284,1.8625991507370274,1.1180983052821591,0.005882375380572125,0.005882375380572125,-0.17590359607374817,0.06685289003962996,0.3023912025000952,0.758056379828574,-0.3080882465138155,79.62184873949579,72.93517406962785,73.34933973589436,89.8139255702281,78.22448979591836,2061,風青,TPEx,68400.0015258789
4760.TWO,334.0,487,0.2723809523809524,0.255639097744361,0.22568807339449548,0.13363506944847248,0.28066666440438626,1.2493001579821037,0.19949721673550025,0.299465665061601,0.15422901501608188,184717411.35,4.349726520593673,1.3513418258565268,-0.04160688665710188,-0.04160688665710188,-0.27209972512142744,0.21595893403232852,0.18114305024500466,0.6648029822108131,-0.3094405170114255,80.4141656662665,86.11044417767107,50.01200480192077,93.99759903961585,77.7953181272509,4760,勤凱,TPEx,334000.0
5309.TWO,67.19999694824219,487,0.07177027321445562,0.28982723447912395,0.3073928979244931,0.08212558131134928,0.1423861903640633,0.00489244057863214,0.20689651510614326,0.24580940218634084,0.11931416582386745,328197458.925758,4.662529036896725,3.7882897341231407,0.0,0.0,-0.1784841755357598,-0.005077951266667657,0.2800177041540433,0.46224395778555355,-0.2419627682955403,74.49579831932773,94.33373349339736,72.05282112845138,64.8859543817527,77.52521008403362,5309,系統電,TPEx,67199.99694824219
1301.TW,75.4000015258789,487,0.10719534824265686,0.15644179532299374,0.1321321809816145,0.2524917038256407,0.396612333319178,0.9693499050130416,0.1457225670530431,0.213844949985603,0.34480914436418875,1928994661.4380302,1.4684174506739238,0.8169083750077376,0.09912541112261208,0.09912541112261208,0.09912541112261208,0.07416230299725324,0.04796827970640094,0.48229522314923823,-0.18731115230830686,80.06002400960384,58.481392557022815,100.0,72.5390156062425,77.5252100840336,1301,台塑,TWSE,75400.0015258789
6533.TW,347.0,487,0.040479760119940034,0.31688804554079697,0.35019455252918297,0.6484560570071258,0.5881006864988558,0.09291338582677167,0.23399715504978658,0.37134575740503317,0.46825652772510784,1259370108.575,2.169223119749542,2.5779988159501914,-0.05320600272851295,-0.05320600272851295,-0.05320600272851295,-0.04706887801235571,0.1340425335268077,0.9003180107279627,-0.16542750929368033,88.9075630252101,85.1860744297719,69.2436974789916,44.057623049219686,77.31692677070829,6533,晶心科,TWSE,347000.0
8086.TWO,140.0,487,0.222707423580786,0.27853881278538806,0.24444444444444446,0.052014826063436104,0.007248313895629854,0.20869795013625625,0.23239436619718323,0.21678431599041414,0.05834219988648859,563307169.875,4.26273964152424,0.9970100386771147,0.052014826063436104,0.052014826063436104,-0.2065809478043229,0.16159631246967487,0.22710616908996575,0.5353133702693759,-0.21969697413888034,70.97839135654262,79.83193277310923,73.46938775510203,94.70588235294119,77.24909963985594,8086,宏捷科,TPEx,140000.0
3114.TWO,39.54999923706055,487,0.1430636121744855,0.23787162105287796,0.27375201960889584,0.10573029821713464,0.6032043381389953,0.7308063750625402,0.1815669439102654,0.23688113543153366,0.21596017460908246,42015373.7259656,9.322415329145988,3.1175870157657286,-0.0928898940091577,-0.0928898940091577,-0.2650822382714574,0.07462560727226153,0.23850858686985096,0.7097729146350831,-0.22764224713541625,82.77310924369748,96.06842737094838,32.84513805522209,89.91596638655463,77.18277310924371,3114,好德,TPEx,39549.99923706055
7810.TWO,248.5,426,0.057446808510638325,0.11936936936936937,0.14252873563218382,0.26293775382723195,0.014860702066644249,0.9522510704555702,0.08943445857080223,0.18987392108217627,0.17732414525026674,34988727.125,2.1452720267754817,1.797617956061513,-0.002008032128514081,-0.002008032128514081,-0.010658071069196917,0.02181462460259237,0.05488281768977317,0.3869992475947515,-0.12406951971221247,72.40696278511405,82.27490996398559,91.26050420168067,62.43097238895558,77.14825930372149,7810,捷創科技,TPEx,248500.0
3543.TW,55.70000076293945,487,0.08789062369032763,0.23640403343486938,0.25450447857471925,0.8113821386321773,0.31888657785040775,0.5641340195285622,0.18998025741861646,0.3667873379271027,0.4748328994501765,124083374.81353188,1.8605514177219482,0.6615254731404424,0.02201836262274215,0.02201836262274215,0.02201836262274215,0.024264504046647817,-0.015956234302673178,0.49788889701597683,-0.22935779816513757,87.29291716686676,60.258103241296524,96.47058823529412,51.21848739495799,76.95858343337336,3543,州巧,TWSE,55700.00076293945
8227.TWO,372.0,487,0.004048582995951344,0.29391304347826086,1.268292682926829,1.1196581196581197,1.7601206286574915,1.2750085478252688,0.2627291242362524,0.8603875807459886,0.9054667318972256,978362651.075,0.9118834514127648,4.846851497616688,0.004048582995951344,0.004048582995951344,0.004048582995951344,-0.3130245877357559,0.8950733097074559,0.7862862348023152,-0.2168674698795181,90.906362545018,60.11404561824729,93.75750300120046,45.144057623049214,76.9141656662665,8227,巨有科技,TPEx,372000.0
6209.TW,90.9000015258789,487,0.11260715937927168,0.14917829683167927,0.14917829683167927,0.10567804886016119,0.5057590541850803,1.1668674802876802,0.12353997418698714,0.21306024697882853,0.1988464009646984,808073927.4908069,1.4702893353547388,0.9387298177719304,0.03412969224029827,0.03412969224029827,-0.05812601588192878,0.07531258517135186,0.11395228054495887,0.42970742152881836,-0.26242034251287893,76.8547418967587,62.33493397358943,89.55582232893157,82.59303721488595,76.62575030012005,6209,今國光,TWSE,90900.0015258789
8021.TW,556.0,487,0.15155176889436217,0.19313304721030033,0.20346320346320357,0.09890476295599049,0.5725173221523738,4.976912344972571,0.16364960030515596,0.2794510568646864,0.22713613389600518,2683520468.0690703,1.273491418824084,0.8931658086405628,-0.0089126559714795,-0.0089126559714795,-0.039167601709805266,0.10068596802856128,0.17049494914454008,0.4993503753128642,-0.4473684210526315,79.75390156062424,56.770708283313326,85.73829531812726,89.171668667467,76.61764705882352,8021,尖點,TWSE,556000.0
6668.TW,50.20000076293945,487,0.06695008665159974,-0.0019880412651659407,0.22738383594377387,0.324538225378747,0.43019951410970725,0.11804006808342304,0.09386067105506135,0.2565969439569702,0.2773672527170452,209033963.95284444,1.1698916167063556,2.1072298091867303,-0.02524270363224368,-0.02524270363224368,-0.02524270363224368,0.01010412766565627,0.11920442748419154,0.6076286010067049,-0.11883406767683735,84.093637454982,66.18847539015606,82.16086434573829,65.58823529411765,76.45498199279713,6668,中揚光,TWSE,50200.00076293945
6263.TWO,178.0,487,0.12302839116719233,0.12302839116719233,0.04398826979472137,0.0953846153846154,0.4143961088432191,0.28271092599473135,0.11145800811738993,0.11891042430591936,0.12051875876287932,30812960.65,3.609316613054944,1.4471859552469717,0.014245014245014342,0.014245014245014342,-0.013299229275356428,0.11203132371851199,0.012193397999849566,0.39180553123879897,-0.11635220125786161,64.15966386554622,85.67226890756302,93.80552220888356,70.71428571428572,76.45018007202881,6263,普萊德,TPEx,178000.0
3014.TW,149.0,487,0.053003533568904526,0.06810035842293916,0.1287878787878789,0.07971014492753614,0.28764344188391244,0.1684171430540613,0.08068902991840443,0.12198795180722888,0.10811143934349832,287824132.575,1.8853297608679334,2.8073371734568187,0.017064846416382284,0.017064846416382284,-0.06387940106237022,0.020806563871934802,0.10221783047870019,0.2431850223195206,-0.11808118081180807,69.51380552220888,82.4969987995198,87.39495798319328,69.31572629051621,76.3061224489796,3014,聯陽,TWSE,149000.0
5285.TW,97.80000305175781,487,0.08546065158756178,0.06652133376796754,0.11516540997688218,0.013471534215106828,0.9067707185188556,0.9990337650461543,0.0811408712881585,0.17320114715696278,0.19286584338163082,222823495.9906265,3.3915808575536186,1.9760469687129438,-0.02199996948242189,-0.02199996948242189,-0.09861748339393717,0.05666929909334123,0.11067489857184658,0.5064895499774653,-0.30916843343808975,68.58343337334935,88.0732292917167,73.66146458583432,78.88355342136856,76.01650660264107,5285,界霖,TWSE,97800.00305175781
6227.TWO,140.5,487,0.06439393939393945,0.06439393939393945,0.2600896860986548,0.2811056695603684,0.5687008354596477,0.6119873576800203,0.063789513533977,0.175902431879853,0.21779061218379292,231754006.425,0.9393641706028525,2.8738934011180843,-0.01403508771929829,-0.01403508771929829,-0.01403508771929829,-0.0006284821307242505,0.16638779624519867,0.48195488893920085,-0.11922462666006639,85.35414165666268,59.44177671068427,87.46698679471788,62.89915966386555,75.93037214885956,6227,茂綸,TPEx,140500.0
8289.TWO,55.400001525878906,487,0.19396551086276115,0.2519774356130826,0.22026430977760647,0.0,0.1762711787530249,1.6375299571174624,0.19506016637313683,0.21502333772738025,0.053541201849578,59821369.460702516,8.71450790572742,2.4373245970340265,-0.03146851771069881,-0.03146851771069881,-0.2665785180528577,0.13889943341835953,0.22026430977760647,0.6128344175641017,-0.3136704030220402,68.76950780312124,94.53181272509003,53.94957983193277,93.28331332533014,75.9231692677071,8289,泰藝,TPEx,55400.001525878906
6155.TW,71.5,487,0.1295418777531132,0.2543859649122806,0.2285223206651521,0.018518562795897253,0.37193105450812736,1.8079211097937042,0.1766641988790616,0.2254516875884518,0.14386844186410963,218042817.53353348,5.299688306573032,1.2344976718185954,-0.01379310344827589,-0.01379310344827589,-0.26737489753260546,0.07241129758682519,0.222349466399853,0.6172999237977824,-0.3096296522352431,72.89915966386556,86.0204081632653,60.0,88.36134453781513,75.91896758703481,6155,鈞寶,TWSE,71500.0
8046.TW,1480.0,487,0.10447761194029859,0.39622641509433953,0.4095238095238096,0.16535433070866135,1.0570124595726633,5.297689964150027,0.2161051766639277,0.2630680605931299,0.4077925052392173,13542504985.75,1.1902639695115835,0.8204774203118397,-0.01661129568106312,-0.01661129568106312,-0.01661129568106312,0.002096659559346181,0.3544056992875892,0.615208858730535,-0.40848056537102473,88.08523409363745,51.71068427370948,85.8343337334934,70.39615846338536,75.88805522208884,8046,南電,TWSE,1480000.0
3675.TWO,359.5,487,0.08939393939393936,0.22071307300509346,0.29300195287803654,0.02279538815072546,0.8415484012973276,1.236972872462443,0.16495601735993803,0.2888186934560366,0.21515456629805563,605695148.7190735,1.7399184584963168,2.0147824469018443,-0.001388888888888884,-0.001388888888888884,-0.18971872876296236,0.016143451174430223,0.28540349016112804,0.7999269022814549,-0.406626502654293,76.79471788715486,77.94717887154862,70.63625450180072,76.54861944777912,75.81422569027612,3675,德微,TPEx,359500.0
5452.TWO,31.200000762939453,487,0.1386861750844437,0.11827961252793084,0.15985134592519068,0.016286644546393392,-0.08988380204541246,0.2428662094538847,0.1313571098976587,0.15263840818990237,0.03898320031489777,27977603.760368347,8.340010345369315,2.7801845577692856,-0.02499997615814209,-0.02499997615814209,-0.13016558018363855,0.09872333860314603,0.1544224644097262,0.42883167133466027,-0.22635137420923168,62.094837935174084,95.09003601440575,69.65186074429772,88.18727490996399,75.76890756302521,5452,佶優,TPEx,31200.000762939453
1708.TW,57.29999923706055,487,0.06505576300434224,0.13241108626448095,0.145999984741211,0.026881720797654607,0.4965687475963598,0.96025987501637,0.10697898400076356,0.12069105226929122,0.19721280976241817,196699542.39872742,2.438080769339594,1.1614824605839658,0.0035026404252900267,0.0035026404252900267,-0.0713128277385986,0.028555766819039485,0.1370394111419928,0.3186212826332845,-0.1851851826933848,69.54381752701082,78.61344537815125,84.8499399759904,75.36014405762305,75.74489795918367,1708,東鹼,TWSE,57299.99923706055
7556.TWO,283.0,487,0.06994328922495274,0.09055876685934483,0.1319999999999999,0.1411290322580645,0.11661458580740747,0.789234180031803,0.08553893364019949,0.16829503233796617,0.11854627066806933,20286890.125,6.0508051221689945,1.9640559887718994,-0.05666666666666664,-0.05666666666666664,-0.05666666666666664,0.03694328922495277,0.08495698924731174,0.5219675590196812,-0.17124735729386897,71.1344537815126,91.9327731092437,66.89075630252101,71.87274909963986,75.59603841536614,7556,意德士,TPEx,283000.0
3167.TW,1025.0,487,0.15558060879368663,0.27171215880893307,0.16081540203850508,0.2409200968523002,0.5372805359391137,4.175768511213778,0.14608374797338852,0.34386574453439955,0.3197754233970207,4689619528.45,0.765793821091409,1.3492941951329638,0.004901960784313708,0.004901960784313708,0.004901960784313708,0.11537675828406035,0.08050870308773835,0.692016860100292,-0.5044843049327354,83.31932773109244,44.63385354141656,93.99759903961585,81.33853541416566,75.48649459783914,3167,大量,TWSE,1025000.0
1721.TW,27.75,487,0.04914930811200757,0.14669417872486656,0.23883930681159327,0.18843681141958601,0.4879356872709073,1.1264367505298374,0.1300010101200233,0.27586206710075567,0.14890974345786456,67080816.3890234,3.1914579727538857,4.2985849974588275,-0.0431034482758621,-0.0431034482758621,-0.20143884892086328,-0.010560518590890744,0.17602703633839795,0.6885383332479225,-0.22483939675505682,81.50060024009603,91.65066026410565,55.84633853541417,58.45738295318127,75.45078031212485,1721,國慶科技,TWSE,27750.0
4919.TW,159.5,487,0.15162454873646203,0.27091633466135456,0.3020408163265307,-0.024464831804281384,0.35744680851063837,1.4057314126438971,0.21246674268339016,0.2417282989490075,0.05854049719326371,2184204254.025,3.470158075968878,5.431816481655044,-0.053412462908011826,-0.053412462908011826,-0.271689497716895,0.07611434465482936,0.31019576026129114,0.7078372392335516,-0.3679525222551929,71.97478991596638,93.13325330132052,45.61824729891956,91.69267707082832,74.95078031212485,4919,新唐,TWSE,159500.0
4908.TWO,254.0,487,0.22705314009661826,0.09482758620689657,0.13901345291479816,0.6080288302797536,0.6495263474524868,1.7760757242066174,0.11330265176419019,0.3869655468891704,0.29366183656536093,1331359707.675,1.127973184448792,1.3603065259432756,0.02008032128514059,0.02008032128514059,-0.12887029490149138,0.19229977686791871,-0.0636628238451197,0.7669727052774326,-0.22829578007633722,87.0048019207683,60.13805522208883,80.31212484993998,60.204081632653065,74.92947178871549,4908,前鼎,TPEx,254000.0
4566.TW,77.30000305175781,487,0.04318494795589367,0.1729893969942038,0.21540888217491494,0.19290122548321254,0.105865541693003,0.36746812128760453,0.12264909066021534,0.12742480805193668,0.15499556406784332,151201065.56765634,1.993802514005922,1.03890211145945,-0.0025806057837701735,-0.0025806057837701735,-0.0025806057837701735,-0.010667272587835064,0.15110847368051078,0.4254443898177107,-0.1782437974424831,74.96998799519808,72.64105642256902,91.6686674669868,56.27250900360144,74.92286914765907,4566,時碩工業,TWSE,77300.00305175781
3455.TWO,281.0,487,0.05243445692883886,0.09551656920077978,0.1957446808510639,0.30057927692471,0.5313271276814686,1.851119710200304,0.10826267008479595,0.24136061042430645,0.19833169891537472,736646035.0,1.754101479645211,1.0956387400650212,-0.020905923344947785,-0.020905923344947785,-0.08120370811085142,0.0034982867160728848,0.09555158854282723,0.507662626795397,-0.33111111599931864,82.74909963985593,70.42617046818728,76.20648259303721,59.15966386554622,74.82142857142856,3455,由田,TPEx,281000.0
2444.TW,15.75,487,-0.00943393849868146,0.13718408420207218,0.32911388126441277,0.29098362674062184,0.2450593260831968,0.29629633699570457,0.148377687863523,0.31423405847900665,0.2568578601441718,33771127.51981115,2.555317924152009,11.69731056456358,-0.045454545454545414,-0.045454545454545414,-0.045454545454545414,-0.09171240881478465,0.23211933901753884,0.7346716257127818,-0.13223143231631718,76.74669867947179,91.11044417767107,72.82112845138055,45.102040816326536,74.80582232893158,2444,兆勁,TWSE,15750.0
9933.TW,43.54999923706055,487,0.07002453122104701,0.05320437349753049,0.12292744438537317,0.1146299506839139,0.19246322139278016,0.3902912453467675,0.03708994025562262,0.09970509720974552,0.11944123524652439,210559131.33427563,5.478687791250493,1.89228912817754,-0.06040991001593865,-0.06040991001593865,-0.06040991001593865,0.03929267012470372,0.08471746082406853,0.455641750039005,-0.1360294249807461,70.23409363745499,91.1704681872749,64.96998799519808,72.29291716686676,74.72418967587035,9933,中鼎,TWSE,43549.99923706055
6187.TWO,1535.0,487,0.1717557251908397,0.2429149797570851,0.12043795620437958,0.5019438512513352,0.40679813557898004,3.0168266458734694,0.1796349663784822,0.2807916456607704,0.32751079763065194,3082165727.5,1.5745104448469254,0.6213695160124386,0.0,0.0,0.0,0.1416462361397448,-0.04687666087939882,0.628387452302176,-0.2175926106102004,83.17527010804322,54.36374549819928,92.86914765906363,61.350540216086436,74.6374549819928,6187,萬潤,TPEx,1535000.0
3025.TW,58.5,487,0.10586008152346738,0.12068963879275207,0.14931234275616,0.04320987108432117,-0.019514729793467023,0.4067348216271036,0.10680162070250598,0.11053242289781506,0.012783252466305184,21194089.631726645,8.641139355966962,2.0144032128100946,-0.015151540450496492,-0.015151540450496492,-0.21362098984714573,0.06853199583442737,0.13490905239471962,0.4586232181234883,-0.14041092525643906,64.74789915966386,93.27731092436974,64.03361344537815,83.13325330132054,74.4951980792317,3025,星通,TWSE,58500.0
4720.TW,23.25,487,0.20466326005622437,0.18925835843131056,0.2601625495161124,0.015283859707426073,0.09728951927348439,0.5061521486370775,0.18471338155327777,0.20041304298465912,0.0501168194718431,43038629.96715279,13.498763297451967,2.4026096637831333,-0.0810276402719261,-0.0810276402719261,-0.20381857871344455,0.13962262267719627,0.25506792961363706,0.7035633031171075,-0.21700225050066835,69.96998799519808,94.91596638655462,42.11284513805522,95.14405762304922,74.41116446578631,4720,德淵,TWSE,23250.0
5434.TW,605.0,487,0.09009009009009006,0.12662942271880828,0.1182994454713493,0.109054885703455,0.4849382580298043,1.08741307596142,0.09522085445329487,0.1271783678984144,0.2292753371525036,368133632.5,1.8608869998547035,0.8741670663017131,-0.024193548387096753,-0.024193548387096753,-0.024193548387096753,0.060515228722252734,0.08194781690353095,0.321550233701462,-0.20218120805369133,74.20768307322929,66.84873949579833,82.42496998799521,75.74429771908763,74.24189675870349,5434,崇越,TWSE,605000.0
0053.TW,262.0,487,0.04465708457719142,0.0615883175052252,0.07531297583907048,0.10548523206751059,0.37532808398950124,1.153419841276759,0.05228278902454253,0.09576436930382126,0.12053004231708697,32983554.19403992,1.7529522769830108,2.758535177031115,-0.0038022813688213253,-0.0038022813688213253,-0.0038022813688213253,0.0258288406174238,0.040151231816566955,0.1915897869703516,-0.14925996306336164,66.49459783913565,80.22208883553421,90.58823529411765,61.512605042016816,73.99789915966387,0053,元大電子,TWSE,262000.0
3532.TW,513.0,487,0.08917197452229297,0.165909090909091,0.2729528535980148,0.10441334768568344,1.650022637930578,3.196770555769292,0.15242053240480735,0.2978306242489406,0.48900469632543,3494036573.125,1.0589904723562917,0.8378037338566066,-0.019120458891013437,-0.019120458891013437,-0.019120458891013437,0.020933761122789274,0.23814840436945364,0.5578067536749289,-0.49330783938814526,83.19327731092437,47.070828331332535,84.89795918367346,78.30732292917168,73.77070828331334,3532,台勝科,TWSE,513000.0
3016.TW,195.0,487,0.15384615384615374,0.6182572614107884,0.9402985074626866,0.4606741573033708,2.1274794939582375,2.5989009422335694,0.39087018544935814,0.717099421533429,0.7233998684337739,3003398443.3,0.26724297061220165,4.209586305430467,0.037234042553191404,0.037234042553191404,0.037234042553191404,-0.08122847301951791,0.7867404550282296,0.6882917812213799,-0.39999998769452494,96.27250900360141,32.98919567827131,97.9111644657863,49.3937575030012,73.74759903961582,3016,嘉晶,TWSE,195000.0
6742.TW,59.900001525878906,487,0.06394320315458524,0.10925928751627612,0.3552036310393798,0.0715563486728743,0.3801843184305247,0.08514494018077934,0.1498224631700391,0.27442292078746733,0.18331703366044527,80606058.12530136,1.422749884132534,3.666476873638397,-0.00498337596774967,-0.00498337596774967,-0.1551480925707024,-0.02485770460525971,0.33135151481508834,0.5517498019336452,-0.24618322805788384,78.16326530612244,76.0564225690276,72.89315726290516,57.7250900360144,73.51680672268907,6742,澤米,TWSE,59900.001525878906
2302.TW,48.29999923706055,487,0.07333331637912321,0.09399767990379537,0.11547344314316965,0.10907003635393409,1.658792134763627,1.6660763134840675,0.08643084190906936,0.12264660414716677,0.26815747997615813,235205193.5981207,2.0603692396371276,1.0707156209175288,-0.031093265486561772,-0.031093265486561772,-0.12815888254988128,0.0444649555933308,0.07911676435852497,0.610451776976274,-0.26805251193637114,76.03241296518607,74.02160864345738,67.80312124849941,72.46098439375751,73.34813925570229,2302,麗正,TWSE,48299.99923706055
6147.TWO,231.5,487,0.1050119331742243,0.033482142857142794,0.212041884816754,0.16919191919191912,1.0560064354278107,3.2155528629527783,0.1043530113297555,0.28397115917914584,0.18405331074877984,9396373900.375,0.9491358053403534,1.402791926326481,0.01091703056768556,0.01091703056768556,-0.23278316599604998,0.0520014619700358,0.15564457841944765,0.6842890979326952,-0.4205378973105135,84.23169267707084,54.19567827130852,68.47539015606242,82.14285714285714,73.25810324129652,6147,頎邦,TPEx,231500.0
6953.TWO,257.0,487,0.048979591836734615,0.06198347107438007,0.07983193277310918,0.12472647702406991,0.11982570806100212,0.22487993738133638,0.06661133015148368,0.1197850477469955,0.07698486144820249,23154488.575,3.883804466051736,3.1059667503607744,-0.007722007722007707,-0.007722007722007707,-0.12136752136752138,0.02902160864345732,0.038256440431752546,0.36407451457968365,-0.16414686825053992,64.20768307322929,92.12484993997599,75.84633853541416,62.25690276110445,73.22208883553421,6953,家碩,TPEx,257000.0
3044.TW,582.0,487,0.10857142857142854,0.11068702290076327,0.18052738336713992,0.32574031890660593,0.45698597040918965,0.9481848178075614,0.10778015703069244,0.24787821394750487,0.23053366296075128,1451041104.25,0.9193202497373424,0.6979807253712487,0.005181347150259086,0.005181347150259086,0.005181347150259086,0.06343958272964356,0.07194727706493793,0.36775127747062736,-0.20305164319248825,83.91956782713085,37.81512605042017,94.11764705882354,74.88595438175271,73.078031212485,3044,健鼎,TWSE,582000.0
3406.TW,1085.0,487,0.2191011235955056,0.13970588235294112,0.09929078014184389,0.7816091954022988,1.1775671255060232,1.5146595369619789,0.10657827638959705,0.42724033981912846,0.5973177684781659,5867071251.9,1.076810410500265,1.1127312312829858,-0.022522522522522515,-0.022522522522522515,-0.022522522522522515,0.19427842856004462,-0.16124561832558904,0.8310196790917913,-0.237649063032368,85.62424969987995,54.741896758703476,83.28931572629051,55.67827130852341,72.94477791116446,3406,玉晶光,TWSE,1085000.0
6190.TWO,76.4000015258789,487,0.08522727088002147,0.08831915736702856,0.13859915444475912,-0.000778610104628874,0.2395403925943227,0.8991262681117163,0.09447749003468076,0.1137315055201773,0.050524846743869034,185117755.2044243,2.3624832058995624,1.4725806352516497,-0.012919896386121454,-0.012919896386121454,-0.1484896085198819,0.050577482268831686,0.1388586911463021,0.4343422352143931,-0.24901821591857487,64.62785114045619,81.47058823529412,72.48499399759905,80.71428571428571,72.82292917166868,6190,萬泰科,TPEx,76400.0015258789
6667.TWO,278.5,487,0.06297709923664119,0.07321772639691715,0.09215686274509793,0.09001956947162437,0.026379029579670865,0.03739569788111097,0.09044635865309325,0.1684989807454973,0.11947816956583668,134277660.5,1.359413169579791,2.383350563016601,0.05293005671077511,0.05293005671077511,-0.013768398724302466,0.039937883550366704,0.062150339587889805,0.4793261976998053,-0.17794970986460346,62.60504201680671,72.78511404561824,95.8703481392557,69.30372148859544,72.8079231692677,6667,信紘科,TPEx,278500.0
3037.TW,1305.0,487,0.11063829787234036,0.27941176470588225,0.3751317175974711,0.4451827242524917,1.0273987930118142,7.250298155674546,0.18604017086249214,0.3015508901411261,0.3675124650285242,16266883138.95,0.7616520152564178,0.6101381626589931,-0.015094339622641506,-0.015094339622641506,-0.015094339622641506,0.016855368472972587,0.22673747617997386,0.5120105447487399,-0.2649572649572649,92.63505402160864,27.382953181272512,87.0108043217287,75.24009603841537,72.58793517406963,3037,欣興,TWSE,1305000.0
3030.TW,313.5,487,0.12365591397849451,0.16759776536312843,0.11170212765957444,0.04849498327759205,0.040404625565384045,0.6910006380284723,0.13514981442925666,0.0988754198919235,-0.012858919231170551,391681213.0,3.6538202329031897,1.2737523726683773,0.011290322580645107,0.011290322580645107,-0.23612723152292214,0.0957303820636009,0.09553713323371042,0.3049774261170667,-0.1967741935483871,63.865546218487395,84.14765906362545,68.40336134453781,81.88475390156063,72.54651860744299,3030,德律,TWSE,313500.0
6715.TW,485.0,487,0.09728506787330327,0.07419712070874862,0.43067846607669624,0.3002680965147453,0.1611791793972761,4.084703980191626,0.1636276391554703,0.2544050517014438,0.16835255324712817,897381950.75,1.0429264360317916,1.6440751058297767,-0.014227642276422814,-0.014227642276422814,-0.14391094615668454,-0.010384548645870795,0.33058910057178115,0.7611626693453785,-0.375,84.70588235294119,59.13565426170468,72.12484993997599,63.01920768307323,72.54411764705883,6715,嘉基,TWSE,485000.0
1617.TW,23.950000762939453,487,-0.004157940843798391,0.2345361460761659,0.3417367087455192,0.009000384179888465,0.5547491131513618,0.6874068473786645,0.17936727307188605,0.2557452828489519,0.3476529207894934,46389678.49342833,4.390797971417465,3.1473965944431868,-0.03427413307541061,-0.03427413307541061,-0.07413826131415213,-0.08959211803017819,0.3387365806855564,0.582806840477573,-0.3306000375784921,68.28331332533013,93.11524609843939,72.70108043217287,47.78511404561825,72.3001200480192,1617,榮星,TWSE,23950.000762939453
4912.TW,109.5,487,0.09499999999999997,0.12077792651323227,0.08241602186252939,0.2661289056235192,0.2376425747312778,0.4236853358679651,0.11548338622611909,0.18750087987679742,0.1902695661341487,62241345.4976963,1.6651111484912788,0.8504876190607515,0.0,0.0,-0.0314101661689099,0.07439599453436763,-0.006293613345310353,0.5082854217631695,-0.14149542278330207,73.04921968787514,62.78511404561824,89.38775510204081,63.04321728691477,72.25,4912,聯德控股-KY,TWSE,109500.0
4923.TWO,62.70000076293945,487,0.021172625484587648,0.004807679963535483,0.231827090045589,0.0312500254888286,0.7392510981936959,0.9000000231193774,0.050339242540875295,0.19216632692316193,0.27079570315493084,100817707.22631054,2.589166439299085,4.231058042437992,-0.059969960544475676,-0.059969960544475676,-0.059969960544475676,-0.0367841470268096,0.22141041488264612,0.7423699636155646,-0.3602430650987377,72.0108043217287,89.44777911164466,65.45018007202881,50.61824729891957,71.84903961584634,4923,力士,TPEx,62700.00076293945
3717.TW,27.450000762939453,279,-0.009025270509540273,0.10240968608334833,0.2562929191625509,0.08915859417569783,0.266115747266803,0.3797820222004482,0.11528697004430044,0.1821281489478821,0.19215002870692177,306409695.0002842,2.150679936362626,8.173986272401574,-0.03514938394316869,-0.03514938394316869,-0.057423235109789306,-0.073098500300178,0.22657338777065164,0.6171568703720951,-0.1714286025689573,69.04561824729892,88.69747899159664,74.42977190876351,46.00240096038416,71.57893157262907,3717,聯嘉投控,TWSE,27450.000762939453
6207.TWO,147.5,487,-0.023178807947019875,0.26068376068376065,0.3111111111111111,0.05434526290898223,1.5897818049031542,1.412630509671739,0.17929242454527272,0.28460430083687616,0.32191423223429605,1582101218.8,2.603154338570042,2.8037050516381954,-0.02960526315789469,-0.02960526315789469,-0.10492137866715834,-0.10095658572479765,0.2929960234747837,0.7434777753129891,-0.4129697562852258,71.62064825930372,87.79711884753901,70.56422569027612,45.636254501800714,71.55582232893157,6207,雷科,TPEx,147500.0
6603.TWO,28.799999237060547,487,0.0,0.0017391038977581097,0.1802766504846096,0.16154206877113353,0.26440000994806323,0.7527460996029607,0.05649563222722764,0.1018495981353571,0.15508206466600538,101394090.24616794,2.233098379755954,1.8037913637937353,-0.03355704783899316,-0.03355704783899316,-0.03355704783899316,-0.0450691626211524,0.1264292942275651,0.5687224937171037,-0.17368591281030843,70.95738295318127,83.1812725090036,78.05522208883554,43.95558223289316,71.38265306122449,6603,富強鑫,TPEx,28799.999237060547
2360.TW,2400.0,487,0.1241217798594847,0.010526315789473717,0.07623318385650224,0.29729729729729737,0.1806337583501969,3.0677297022909222,0.07322526551145891,0.13973643594918683,0.11016629466182559,5854312438.25,1.4146342731071568,1.3721913849254261,-0.016393442622950838,-0.016393442622950838,-0.07798123060017326,0.10506348389535913,-0.022865915242596888,0.6415133301841656,-0.1694915254237288,72.50900360144058,68.80552220888356,78.15126050420167,63.11524609843938,71.30252100840337,2360,致茂,TWSE,2400000.0
5347.TWO,190.0,487,0.04972375690607733,0.10465116279069764,0.21794871794871784,0.06442577030812324,0.46790046394125495,0.8975299334926414,0.11094869171173793,0.17969679722667764,0.1637328438331882,3246755063.875,1.3242102838405319,1.419962730639688,-0.005235602094240788,-0.005235602094240788,-0.115923562899382,-0.004763422581102128,0.19647346117934342,0.4104173956570656,-0.29066666666666663,74.09963985594237,67.51500600240097,76.95078031212485,62.44897959183673,71.27611044417768,5347,世界,TPEx,190000.0
7712.TWO,173.0,487,0.07453416149068315,0.08805031446540879,0.11612903225806459,0.03922504106632285,0.5059956682657463,0.24707011786404265,0.08395989974937357,0.1622770658382795,0.14093274100556008,52723153.275,2.6670451559306994,0.9263597085703076,-0.017045454545454586,-0.017045454545454586,-0.1676464075937606,0.045501903426167,0.1030540185692903,0.4207849221861002,-0.3063063304769008,68.99159663865547,74.1656662665066,67.71908763505402,76.41056422569028,71.14345738295319,7712,博盛半導體,TPEx,173000.0
6933.TW,385.5,487,0.03908355795148255,0.2141732283464568,0.23162939297124607,1.2630051147561896,1.1452047648030605,1.1162155282223605,0.11055095426719475,0.5558468326436159,0.8881961011063153,714546293.225,1.1571748103381432,2.0106706177043994,-0.02281368821292773,-0.02281368821292773,-0.02281368821292773,-0.018823790291328968,-0.18937231194748377,0.9102996350698267,-0.2142857142857143,89.10564225690277,65.41416566626651,82.92917166866746,16.908763505402163,71.11794717887156,6933,AMAX-KY,TWSE,385500.0
3013.TW,96.30000305175781,487,0.10944700076030256,0.15884482334554373,0.11587485105884143,0.01061559055822947,-0.04232144504656743,-0.18577936023131647,0.1119450642370039,0.1441418979048683,0.011337644389268542,166713044.28248405,4.001513089612292,1.4076732131609773,0.01061559055822947,0.01061559055822947,-0.2467696643210261,0.0804782879955922,0.11233632087276495,0.4109699472564068,-0.2663265326776787,59.00960384153662,86.23049219687876,67.37094837935174,83.19327731092437,71.11464585834334,3013,晟銘電,TWSE,96300.00305175781
3055.TW,223.0,487,0.06443914081145574,0.18617021276595747,0.6579925650557621,0.36809815950920255,2.6081924538445374,2.843778939408883,0.20150862068965525,0.523362784025063,0.7809604400129471,1132934571.5,0.14221511369311718,2.135701727220087,0.03002309468822162,0.03002309468822162,0.03002309468822162,-0.10005900045248478,0.5352931785526945,0.6498194211283334,-0.531606209710472,92.85114045618248,29.36374549819928,97.26290516206483,47.5390156062425,71.06482593037215,3055,蔚華科,TWSE,223000.0
2409.TW,37.95000076293945,487,-0.015564163060845848,0.13793110942382403,0.32229964300017033,0.31975740862113033,0.8648744808189099,1.8594743379282868,0.12686513520877374,0.3418043758335876,0.47172499303640403,20094104768.60277,1.4418027729330083,3.2717525917486427,-0.061804695991267256,-0.061804695991267256,-0.061804695991267256,-0.09613907381088843,0.21571384012646022,0.7724542453485226,-0.20205174655134284,80.85234093637455,76.07442977190875,64.00960384153662,43.679471788715496,70.71338535414166,2409,友達,TWSE,37950.00076293945
6225.TW,68.69999694824219,487,0.1280787393584668,0.20738128481413987,0.1280787393584668,1.838842759602357,2.7135133485536316,3.1261260373714332,0.09534432777284763,0.47723276119968694,0.9669538068700454,21921315.933629416,1.2062020915616238,1.9535862319201094,-0.08277709547835643,-0.08277709547835643,-0.08277709547835643,0.0960590545188501,-0.48486884717565226,1.1247078834797142,-0.38317757247338957,88.69747899159664,66.64465786314526,54.64585834333734,50.564225690276125,70.65396158463386,6225,天瀚,TWSE,68699.99694824219
0052.TW,67.6500015258789,487,0.0415705112317144,0.06034486418272467,0.07894737962850695,0.09112905686901462,0.38068536766597294,-0.6917482591483317,0.051282081226281084,0.09526574581878133,0.12519861645311914,997282667.3616192,1.4451521134097507,1.1060117538561356,0.0,0.0,0.0,0.021833666324587664,0.04857102733883541,0.1627815167215802,-0.12771085562954942,66.06842737094837,65.56422569027612,92.86914765906363,61.63265306122449,70.63715486194478,0052,富邦科技,TWSE,67650.0015258789
3105.TWO,588.0,487,0.08487084870848705,0.19877675840978593,0.30521642619311873,0.45905707196029777,0.20381365002204865,5.087325851070712,0.1648754395522758,0.40130677417432925,0.2904860608371558,14142380741.3,0.9671117573792822,0.9484649215340379,-0.04390243902439028,-0.04390243902439028,-0.04390243902439028,0.008566742160207363,0.1521974022063528,0.6507978847050084,-0.30569948186528495,85.09603841536615,47.05882352941177,73.73349339735894,67.1968787515006,70.62935174069628,3105,穩懋,TPEx,588000.0
2383.TW,5950.0,487,0.2056737588652482,0.21552604698672106,0.08280254777070062,0.16627685810052562,0.5585838472026077,3.5978221507711448,0.14346113193043153,0.13512135181076657,0.16814797357751265,10741774186.0,1.3038674610968133,1.0755297257784868,-0.05871353138693991,-0.05871353138693991,-0.05871353138693991,0.18497312192257304,0.027376928403858747,0.5896162911145194,-0.2572537865313753,75.65426170468187,62.130852340936386,65.88235294117648,75.42617046818728,70.28481392557023,2383,台光電,TWSE,5950000.0
2254.TW,91.4000015258789,487,-0.012958930540128977,0.159898451600885,0.46474357837912783,0.5387205248817797,0.31321844151855216,0.5157546050133979,0.12381656440326205,0.35497741265753535,0.3872481658398985,183318552.67615852,1.9842366163348029,5.761125501780505,-0.09950737412927191,-0.09950737412927191,-0.09950737412927191,-0.12914482513491093,0.28517007008520123,0.5590637877116346,-0.09950737412927191,81.00240096038416,86.40456182472988,47.32292917166867,44.27370948379351,70.1077430972389,2254,巨鎧精密-創,TWSE,91400.0015258789
5465.TWO,33.54999923706055,487,0.015128593390081768,0.14310047022154415,0.38065844816540517,0.41860452737597553,0.35325628405526155,0.01591704414913253,0.15311907094086785,0.3381638986187767,0.3586333216625206,33832637.2135149,0.7829173315211625,12.325201977043383,-0.033141253619427546,-0.033141253619427546,-0.033141253619427546,-0.08003601865126952,0.24112360570674665,0.6272644043624211,-0.11205072563527407,83.87755102040816,55.61224489795918,78.2953181272509,46.380552220888354,70.0702280912365,5465,富驊,TPEx,33549.99923706055
1710.TW,17.600000381469727,487,0.05074629143102838,0.035294140086454595,0.1246006907649102,0.09316769965585991,0.27075811528620775,0.4308943177681541,0.06296243106931132,0.12232971367591294,0.18319330738097173,90707457.75196114,1.2463596924198235,1.0586112605834366,0.0028490681813586605,0.0028490681813586605,-0.066312996005496,0.019596118739800827,0.09354479087962357,0.32848138154909995,-0.27635325576274716,69.79591836734694,60.084033613445385,85.13805522208884,67.1968787515006,70.04651860744299,1710,東聯,TWSE,17600.000381469727
5469.TW,80.5,487,0.08783783783783794,0.09523809523809534,0.11341627388828757,0.004993776947550543,-0.09480616389596985,-0.22424048502615124,0.08702991132177185,0.10998759467702945,0.035702450554115694,108368678.39531937,2.7181736802032157,1.1485280082105271,0.0,0.0,-0.13804495519650528,0.05948376936576605,0.11175168157243738,0.26581415068527686,-0.18122553147637643,56.824729891956785,79.68787515006002,76.99879951980793,79.58583433373349,69.98949579831933,5469,瀚宇博,TWSE,80500.0
1560.TW,1020.0,487,0.05919003115264787,0.11597374179431075,0.3972602739726028,0.4669132401461604,0.8875721011682118,2.0836011992545114,0.15098171970209884,0.35393550822111486,0.4504634727244905,1830171565.8,0.5631600559974194,1.627763769447351,-0.019230769230769273,-0.019230769230769273,-0.019230769230769273,-0.04012503734050282,0.24162252725721597,0.6124766838302769,-0.21037413432326735,91.07442977190875,34.975990396158466,84.6578631452581,51.12244897959184,69.77370948379352,1560,中砂,TWSE,1020000.0
6532.TWO,116.5,487,-0.016877637130801704,0.16500000000000004,0.18877551020408156,0.5369392521059846,0.535906735277039,0.9797813187787006,0.1304643118238773,0.3214609727935194,0.2878842082001347,124277332.47534752,2.589751373357128,1.540447230783529,-0.048979591836734726,-0.048979591836734726,-0.048979591836734726,-0.0640715146818221,0.009795759502086693,0.6576288378203814,-0.20159151797526798,77.33493397358944,83.30732292917166,71.59663865546219,24.45378151260504,69.7481992797119,6532,瑞耘,TPEx,116500.0
2404.TW,1330.0,487,0.03100775193798455,0.17699115044247793,0.2314814814814814,0.11604142584305976,0.46816138838875654,0.39363548535349646,0.14138596867624975,0.1791108928245797,0.18656389784916172,2105289849.25,0.9031604556635567,1.3824561558487407,-0.0037453183520599342,-0.0037453183520599342,-0.008858573931522118,-0.0268626184323858,0.19280100620046148,0.5990048802623578,-0.19599999999999995,76.84873949579833,51.48859543817527,90.51620648259303,52.70108043217287,69.62004801920769,2404,漢唐,TWSE,1330000.0
2527.TW,50.70000076293945,487,0.014000015258789134,0.08102343525434108,0.16820274148395242,0.14945728413050774,0.32173118758095676,1.0822509998468552,0.08472402234314047,0.13252031260627017,0.260880670916692,34733268.55828915,1.6481707540447377,0.9863368519655252,-0.021235492091167707,-0.021235492091167707,-0.021235492091167707,-0.028050670112198972,0.11838364677378319,0.3536415355642793,-0.19702974732376966,72.79711884753901,65.91836734693877,83.60144057623049,47.4669867947179,69.43877551020408,2527,宏璟,TWSE,50700.00076293945
6122.TWO,59.900001525878906,487,-0.009917330150761905,0.15860736251318452,0.1631068257452215,0.23543132236188047,0.2771854920479426,0.2547349737936748,0.08829944331063921,0.19448519276961407,0.2552965203925819,71188145.16091499,2.752209792680959,3.926331128540153,-0.0625978075818987,-0.0625978075818987,-0.0625978075818987,-0.05069403658706728,0.08462971829126135,0.4674750169419295,-0.1064163206475649,71.1704681872749,90.17406962785114,63.481392557022815,37.37695078031213,69.31452581032413,6122,擎邦,TPEx,59900.001525878906
5292.TW,243.0,487,0.05652173913043468,0.1146788990825689,0.1045454545454545,0.3500000000000001,0.20763498551656823,0.7611343983947993,0.08373285762069349,0.21277657627682567,0.21301477864236396,38215913.975,2.211061633644989,0.5002192450016025,-0.02409638554216864,-0.02409638554216864,-0.02409638554216864,0.030385375494071054,-0.0121212121212122,0.3410627102977487,-0.14929577464788735,74.67587034813926,59.49579831932773,82.54501800720288,53.7154861944778,69.31062424969988,5292,華懋,TWSE,243000.0
1815.TWO,132.5,487,0.14224137931034475,0.0950413223140496,0.07437235320347435,0.47641009506148047,0.20925030135447975,1.051894728484633,0.091401274689904,0.3236551720879457,0.33023515162668526,6916440857.047213,1.0433738247091353,0.80916875907531,0.03112840466926059,0.03112840466926059,0.03112840466926059,0.12364829100947616,-0.08443101181701915,0.5771872955051914,-0.3395399729808316,74.87995198079231,45.432172869147664,97.45498199279712,56.62665066026411,69.29501800720288,1815,富喬,TPEx,132500.0
2480.TW,167.5,487,0.046875,0.01823708206686936,0.06349206349206349,0.024464831804281273,0.2591867125408678,0.04003625301275471,0.03972687771570449,0.056171509642162665,0.09959688678107259,40976066.475,1.5238896946023337,1.5147226267747962,-0.0029761904761904656,-0.0029761904761904656,-0.0029761904761904656,0.031001984126984128,0.05533711955730306,0.18607527190566897,-0.09036144578313254,57.81512605042017,71.78871548619449,91.40456182472988,65.31212484993998,69.15096038415366,2480,敦陽科,TWSE,167500.0
0056.TW,58.45000076293945,487,0.03359861275884368,0.028144280242095476,0.05505413633672562,0.1409992569733034,0.528381096665062,0.7620835119683957,0.03598016800949155,0.09841990609492668,0.17091170245598764,1512859914.2285144,1.615411538282966,0.871069418505141,0.010371690659365607,0.010371690659365607,0.010371690659365607,0.019835078674662276,0.008054384012291159,0.1065974080173893,-0.10234278723039258,66.14645858343337,62.196878751500606,95.05402160864345,54.087635054021604,69.13175270108043,0056,元大高股息,TWSE,58450.00076293945
6925.TWO,71.19999694824219,487,-0.03523043355014732,0.2318338734957932,0.42828483706382925,0.19865311648556694,0.012349648494149879,-0.46304680489487204,0.1537837809803213,0.282132029567173,0.20263856281516035,36412889.02840252,1.815798629200744,26.558432326630328,-0.05066670735677081,-0.05066670735677081,-0.07806142413590789,-0.14230164281610463,0.3620671315686403,0.8524881160289094,-0.13898602547030647,69.04561824729892,85.52220888355342,66.72268907563026,45.09603841536615,69.1077430972389,6925,意藍,TPEx,71199.99694824219
6983.TWO,382.0,487,0.09770114942528729,0.0883190883190883,0.09298998569384831,0.08368794326241136,-0.14157303370786511,1.6609157297124821,0.07970604861503672,0.15626182368520625,0.053212020953956385,30424976.925,6.1980177077542615,1.553991251272775,-0.032911392405063244,-0.032911392405063244,-0.24654832347140043,0.07445365300182522,0.06509400460637786,0.40551475896051287,-0.1983240223463687,60.4561824729892,89.98799519807923,55.174069627851146,75.6422569027611,69.06062424969988,6983,華洋精機,TPEx,382000.0
3498.TWO,231.5,487,0.01091703056768556,0.18112244897959173,0.2216358839050132,0.7671755725190839,1.843980290668679,3.5570866826138037,0.12569900316070992,0.39945392035799476,0.6248369600740933,688736844.7,1.1858400042731656,1.119926901517151,-0.02114164904862581,-0.02114164904862581,-0.02114164904862581,-0.04449194040856774,-0.03408930693468143,0.8232814952745665,-0.33359071002503615,85.906362545018,59.32773109243698,83.72148859543817,18.73949579831933,68.74969987995198,3498,陽程,TPEx,231500.0
1711.TW,45.45000076293945,487,0.1112469209611544,0.15355327418164588,0.1112469209611544,0.08472551569879871,0.04243124664136011,1.318877544814177,0.12222224106023338,0.1575931388919165,0.027650870735763444,373741168.86872864,7.793555176067447,1.3475177591176266,-0.06481476975475575,-0.06481476975475575,-0.2669354715654927,0.0834351907208658,0.08300508239488817,0.5646767578112096,-0.3348519419589052,65.71428571428571,88.67947178871549,41.680672268907564,79.40576230492196,68.70258103241297,1711,永光,TWSE,45450.00076293945
2368.TW,1245.0,487,0.1116071428571428,0.19138755980861255,0.1116071428571428,0.19138755980861255,0.07623250245288027,1.7893456112557953,0.14778279708675202,0.22555453471584186,0.07477858980913443,10183569712.6,1.2634183803892058,0.9373880872549277,-0.011904761904761862,-0.011904761904761862,-0.161330541123464,0.0837053571428571,0.04781128958760528,0.7009602715717926,-0.2965853658536586,71.65066026410564,57.7671068427371,70.66026410564226,74.06962785114047,68.34453781512605,2368,金像電,TWSE,1245000.0
2034.TW,24.149999618530273,487,-0.026209662843816872,0.12587406804459333,0.155502395182749,0.246819818258448,0.22278479081165936,0.2750142993518969,0.09288378651949514,0.1736955406916354,0.20599216868101045,109157375.4355317,1.4804174290660355,3.7995200484250327,-0.026209662843816872,-0.026209662843816872,-0.026209662843816872,-0.06508526163950412,0.073229122429933,0.3600967161336655,-0.09135804352936916,68.32533013205283,77.28691476590636,81.7046818727491,34.639855942376954,68.1887755102041,2034,允強,TWSE,24149.999618530273
3491.TWO,1705.0,487,0.13666666666666671,0.12171052631578938,0.12913907284768222,0.3602900215116429,-0.02059117688079759,2.7098818111576195,0.13270220893539286,0.262009781858237,0.14145507053273176,2265544959.25,1.3168861420107796,0.91917685226295,-0.005830903790087438,-0.005830903790087438,-0.22092479482520433,0.10438189845474616,0.009042399010467925,0.6645799230829773,-0.3152373140717746,74.93997599039616,58.66746698679472,65.49819927971188,69.04561824729892,68.09933973589436,3491,昇達科,TPEx,1705000.0
6292.TWO,68.80000305175781,487,0.03303310252314162,0.01176475076114425,0.04559270305261576,0.20490376340271532,0.46316149505500226,0.7194817274341183,0.026942359357500667,0.127668634173302,0.17799911873756602,28995002.323522568,1.8971235608157846,1.1725527420881228,-0.033707780889780325,-0.033707780889780325,-0.033707780889780325,0.021634926759987683,-0.02270855141495602,0.31110588337332307,-0.12730629942346694,66.16446578631452,74.29771908763504,77.93517406962785,49.237695078031216,68.01290516206483,6292,迅德,TPEx,68800.00305175781
6416.TW,118.0,487,0.03056768558951961,-0.024793388429752095,0.18236469330370042,0.25471199580099513,0.5053429883983493,0.3803258556924791,0.013745704467353903,0.13628517749979263,0.2606217417543688,137966644.3,0.8239537082361791,2.0225047210006744,-0.032786885245901676,-0.032786885245901676,-0.032786885245901676,-0.015023487736405494,0.09746069470336871,0.4411581029816327,-0.1648682323000742,79.78991596638654,51.734693877551024,78.67947178871549,49.48979591836735,68.00900360144057,6416,瑞祺電通,TWSE,118000.0
6117.TW,68.0,487,0.09324757501476366,0.10929854561709007,0.07255517923360677,0.010059919815288199,-0.13672212675872042,-0.19519905759626555,0.09061748529300373,0.07523041920617413,-0.037940979698800836,22839823.71862755,6.338221023519731,1.9087318368938198,-0.01018918456094775,-0.01018918456094775,-0.26212458608373745,0.07510878020636197,0.0692018726285107,0.37331985221942277,-0.0922401350857448,52.334933973589436,92.19087635054021,61.53661464585835,76.26050420168067,67.72809123649459,6117,迎廣,TWSE,68000.0
4958.TW,595.0,487,0.17357001972386588,0.26595744680851063,0.18762475049900207,-0.07894736842105265,1.335544260673005,2.42324077466147,0.17414898865318196,0.21374902254105344,0.2101316580108099,15989081926.125,1.5307292983508254,0.889389463881194,-0.07894736842105265,-0.07894736842105265,-0.07894736842105265,0.12666383209911536,0.21394053997268628,0.5061277923731373,-0.4022257551669316,68.031212484994,61.44657863145258,56.278511404561826,92.62905162064826,67.72418967587035,4958,臻鼎-KY,TWSE,595000.0
6239.TW,307.5,487,0.06217616580310881,0.05128205128205132,0.09821428571428581,0.0033786317004658173,0.47555672057015097,1.076528633424326,0.0732984293193717,0.11084424519828229,0.09542076699636448,4213025582.75,1.7238219039841722,1.0502620153878293,-0.009661835748792313,-0.009661835748792313,-0.17267594684650522,0.037622594374537355,0.09708807514746387,0.40356000904899586,-0.30892797518221826,63.403361344537814,68.88355342136855,69.81992797118848,73.75750300120049,67.60984393757504,6239,力成,TWSE,307500.0
1326.TW,75.80000305175781,487,0.08751802540314846,0.11799409498393221,0.054242022852742044,0.16615389310396633,0.47152186660256423,1.6345803356423874,0.09577163790036591,0.16460109028330105,0.29882894818582306,1849877207.0778337,1.0933147116434285,0.6891588890273963,0.020188424473617905,0.020188424473617905,0.020188424473617905,0.07395751968996295,-0.0011426081819133974,0.41869244156927193,-0.21478379869804431,68.87755102040816,44.22569027611044,96.27851140456181,64.2076830732293,67.49429771908764,1326,台化,TWSE,75800.00305175781
1773.TW,177.0,487,0.05671641791044779,0.09597523219814241,0.10280373831775691,0.0028328611898016387,0.16450606578829152,0.3217568940922626,0.06819553409776713,0.08744624206430474,0.05684223544223954,126858695.1,1.7518879152187237,1.3279860690910268,-0.04065040650406504,-0.04065040650406504,-0.07138108211075167,0.031015483331008564,0.1018594512544897,0.3045044746686294,-0.20596205962059622,59.41776710684273,73.80552220888356,70.82833133253301,72.56302521008404,67.26860744297718,1773,勝一,TWSE,177000.0
8996.TW,1645.0,487,0.024922118380062308,0.09302325581395343,0.3266129032258065,0.3266129032258065,0.4753363228699552,3.95184379459195,0.13370089593383883,0.34639256824041365,0.344769093473033,5176807048.25,0.692016318611273,0.9532272451449262,-0.0060422960725075026,-0.0060422960725075026,-0.0060422960725075026,-0.056731107426389316,0.217741935483871,0.8222964407245316,-0.3434599156118143,84.63985594237695,33.60744297719088,89.81992797118846,46.83673469387756,67.24729891956784,8996,高力,TWSE,1645000.0
3551.TWO,200.0,487,0.06666666666666665,0.07238605898123329,0.10803324099723,0.006697929868318742,0.05612237457036007,0.3058126255718385,0.08754758020663411,0.10220110836163498,0.05014660416186856,153144402.45,2.612905085480745,3.018816967215708,-0.09173477397000229,-0.09173477397000229,-0.09173477397000229,0.03965835641735915,0.10580059770779042,0.36836557700854444,-0.2960944498267518,58.57142857142857,88.21128451380552,51.23649459783913,75.66626650660265,67.07863145258104,3551,世禾,TPEx,200000.0
2476.TW,131.5,487,0.06477732793522262,0.05622489959839361,0.07786885245901631,0.06424551391835776,0.2523447357755506,0.22388233722764284,0.07128309572301417,0.09141371785479535,0.09545185375508392,131911063.675,1.432593160642489,0.5966142261709114,0.0,0.0,-0.010095141542988628,0.04531011482046854,0.05645368115289706,0.2504375826587166,-0.19771861062658946,63.6374549819928,51.12845138055222,91.88475390156063,69.26770708283314,67.00420168067228,2476,鉅祥,TWSE,131500.0
5464.TWO,93.4000015258789,487,0.05895697004035272,0.03090511146705599,0.2225130845611516,0.07356323592964253,2.1342283193659513,3.0,0.043925358717554985,0.20048844338029048,0.2806069614723419,97947896.99724655,0.6365050272968651,2.2171428657183205,-0.005324813544994478,-0.005324813544994478,-0.13116277650345198,0.0033286989000648193,0.19799200591793742,0.694108552279934,-0.3374165035862401,78.89555822328931,41.086434573829536,75.39015606242496,67.25690276110444,66.99639855942377,5464,霖宏,TPEx,93400.0015258789
4772.TWO,277.0,487,0.029739776951672958,0.13292433537832316,0.10578842315369252,0.02402957486136792,-0.09101345984139486,-0.0939551967428155,0.0908732893570936,0.11033169656278186,0.025886366302267705,273188006.025,3.5305769311428947,1.683062212611842,-0.01598579040852577,-0.01598579040852577,-0.143829184190837,0.0032926711632498273,0.09777856486656988,0.464848888866479,-0.23191094619666053,54.86194477791117,87.1188475390156,71.59663865546219,59.30372148859544,66.93937575030013,4772,台特化,TPEx,277000.0
0050.TW,116.05000305175781,487,0.04267744716764388,0.05644064327499598,0.07553291390755157,0.10355559524862357,0.3874769827995028,1.0772652963176963,0.048755160920290974,0.0952013516115735,0.13191384804933537,7939533283.642491,0.9415584825005087,1.1150306053453245,0.0008624933691052661,0.0008624933691052661,0.0008624933691052661,0.023794218690755986,0.04101438215801038,0.16332082230016232,-0.11589320509518664,66.48859543817527,50.024009603841534,93.34933973589436,61.08043217286915,66.93337334933973,0050,元大台灣50,TWSE,116050.00305175781
2393.TW,68.0,487,0.054263565891472965,0.059190081501426794,0.07086614173228356,0.06177169867108434,0.010584330465045477,0.1554081653685404,0.0644126221403627,0.07671047316495994,0.07201391742802143,100551750.36024284,1.7162491867674723,0.7377405799041094,0.011904807858458266,0.011904807858458266,-0.005847975394087768,0.036547030458402074,0.050275575508588785,0.21164085419001863,-0.1194244195308396,57.48499399759904,60.07202881152461,94.18967587034814,66.39255702280911,66.80882352941177,2393,億光,TWSE,68000.0
6150.TWO,65.0,487,0.02201260313628106,0.0517799482596184,0.08153080948893598,0.06545603637593533,0.22447935395652485,-0.19469826895214593,0.03825573163824969,0.08188416416575794,0.05302299169558111,32435110.837015916,5.491641253579717,3.188189231669468,-0.07010016336072311,-0.07010016336072311,-0.13641986977898313,0.0016299007640470653,0.059712130696957536,0.4663757711152527,-0.15883304887974958,61.0564225690276,94.52581032412965,53.061224489795926,52.55102040816327,66.54891956782713,6150,撼訊,TPEx,65000.0
2316.TW,179.0,487,0.07831325301204828,0.14743589743589736,0.12578616352201255,-0.035040431266846306,0.5784966049916174,0.6734987139134514,0.1032357473035439,0.11968306922435357,0.11589960417554757,318286663.725,2.1622480389114536,0.8367211534240893,-0.035040431266846306,-0.035040431266846306,-0.22926284364933136,0.04686671213154514,0.13746630727762799,0.24378856559134196,-0.2961956521739131,64.8499399759904,69.26770708283313,55.534213685474185,79.90396158463385,66.34933973589436,2316,楠梓電,TWSE,179000.0
6108.TW,25.950000762939453,487,0.03592820572015776,0.09033620146218313,0.13071894990280408,0.42975213820091507,0.45786527388777465,0.7773972660901509,0.0813626806101595,0.20941435756637206,0.2762556971023029,46616847.01687775,1.146178736271239,0.4469059557174505,-0.0019230475792517687,-0.0019230475792517687,-0.0019230475792517687,0.003248468244456737,-0.012531762830834264,0.3980145434328499,-0.14807693774883568,79.75390156062424,39.309723889555826,92.1968787515006,41.12845138055222,66.3376350540216,6108,競國,TWSE,25950.000762939453
6126.TWO,32.400001525878906,487,0.04854375164616842,0.053658586207444126,0.11724143192685887,-0.01623704733953224,-0.0013765738361143365,0.23337435642752014,0.06142510146446356,0.07827536607434937,-0.005506490511441919,23846749.046208955,2.772960225903041,2.1810904583949733,-0.02994011839266486,-0.02994011839266486,-0.23129229843844057,0.019233393664453702,0.12265378104003628,0.38848763432496547,-0.1333332507810916,55.942376950780314,87.3889555822329,57.046818727491,70.88835534213686,66.26680672268907,6126,信音,TPEx,32400.001525878906
4949.TW,83.9000015258789,487,0.09960679122077698,0.08961040942699872,0.08678762749341362,0.03965309415921148,-0.050904976496891075,1.0348532240670933,0.09939070664364102,0.15657670211711072,0.029363669233333667,65725701.49625473,2.20817777440865,0.8245165471432805,0.016969715465198876,0.016969715465198876,-0.22314813401963973,0.07790988434742357,0.07356992944034313,0.37659873604954436,-0.3029150958639689,58.385354141656656,69.1236494597839,69.86794717887155,77.66506602641057,66.25840336134453,4949,有成精密,TWSE,83900.0015258789
1605.TW,39.900001525878906,487,0.03906249844779586,0.07547178347489525,0.05277044642423978,0.1769911424758983,0.26111014219513473,0.655690539589382,0.060465156833990896,0.09776233239365206,0.1148080942454941,720549390.7857354,1.9120557609056668,0.650350958875908,-0.002499961853027366,-0.002499961853027366,-0.0519523649739384,0.025869886841735912,-0.006226601067726323,0.26609137865133187,-0.1828571319580078,64.5438175270108,60.78631452581032,86.19447779111644,53.25930372148861,66.24189675870348,1605,華新,TWSE,39900.001525878906
6509.TWO,50.400001525878906,487,0.026476641388145872,0.06779662523760033,0.08855296666045165,0.017749607734431683,0.16966960519928787,0.5578109574281565,0.0650887879251707,0.08402097387042029,0.08815106026881492,40499264.22820072,1.9245980649116694,1.0385130133907612,0.010020039773760203,0.010020039773760203,-0.09376034236667574,0.00433839972303296,0.08263643074897442,0.19408987043069664,-0.16829740687993566,57.29891956782713,71.74069627851141,82.85714285714286,57.90516206482593,66.11194477791116,6509,聚和,TPEx,50400.001525878906
3221.TWO,54.400001525878906,487,0.0625000139698384,0.11819115764963217,0.0625000139698384,-0.028571401323590928,0.19617465923539146,1.3975958529152108,0.09440228639789394,0.11794225133543446,0.06807160187970496,182566551.31747454,3.6047973488869918,1.302341199482216,-0.028571401323590928,-0.028571401323590928,-0.175487441023377,0.0468750104773788,0.07202381441103538,0.49591825242731813,-0.2596684838348513,53.541416566626644,84.1656662665066,63.24129651860744,72.29891956782713,65.95108043217287,3221,台嘉碩,TPEx,54400.001525878906
2342.TW,50.099998474121094,487,-0.00397615836924492,0.22195118229563637,0.2603773201036754,0.008048243562199575,0.6672212893880196,0.6006389679013326,0.13618320907465575,0.22693873623137373,0.1840472304042835,409546893.68775976,1.3024044939414317,3.145969269837029,-0.023391828085497113,-0.023391828085497113,-0.15371625289767177,-0.06907048839516378,0.2576945722496089,0.5772890445166855,-0.3850102609088395,67.28091236494599,72.94117647058823,67.73109243697479,47.977190876350534,65.89045618247299,2342,茂矽,TWSE,50099.998474121094
8358.TWO,549.0,487,0.10909090909090913,0.11698880976602233,0.06601941747572826,0.1074550052572869,0.6487671112349418,1.2193666089278223,0.0745742806811509,0.2323786837517441,0.14217068118209553,7551995950.4,2.2590449995996336,0.6079268032531697,-0.0368421052631579,-0.0368421052631579,-0.21212485383062307,0.09258605472197706,0.03020108238996596,0.7018778285632173,-0.4113723867100406,69.99399759903962,62.87515006002401,56.68667466986795,71.80072028811526,65.82382953181273,8358,金居,TPEx,549000.0
2399.TW,49.95000076293945,487,0.020429008874645715,0.010111223302037287,0.06730772600920143,0.13522729006680567,0.4271428789411271,1.5355329354559055,0.04301526002771605,0.13507680459537386,0.10189901575456606,329199443.7705124,1.8288367306590316,1.002057905927926,-0.026315760120827036,-0.026315760120827036,-0.0918181679465554,0.003602077372345358,0.022231962653599537,0.40611494780973506,-0.2709832359152369,65.76230492196879,69.41776710684273,73.30132052821128,48.271308523409374,65.56032412965186,2399,映泰,TWSE,49950.00076293945
1434.TW,18.950000762939453,487,0.04407719896547091,0.0527778201633029,0.046961346052784236,0.05120955791834381,0.15414692751065173,0.28365524874099113,0.05585740201485945,0.05303915371357615,0.11645079026011085,33867581.18013392,2.158587075841262,0.9234657503503196,-0.028205089080028056,-0.028205089080028056,-0.028205089080028056,0.03233686245227485,0.0298914934133363,0.2589307783630476,-0.12307690351437295,55.05402160864345,71.6266506602641,80.984393757503,62.25090036014406,65.46278511404562,1434,福懋,TWSE,18950.000762939453
5340.TWO,90.0,487,0.11111111111111116,0.09756097560975618,0.10837442589273794,0.11248452784280993,-0.27527348619509306,0.93157372315171,0.07933081193213143,0.16131529862752014,0.01136036291304765,309124222.9758434,1.3510030818607943,1.0408909341266677,0.04772989989861531,0.04772989989861531,-0.3239491636876213,0.08401750463792668,0.07087958327846797,0.36635712436074586,-0.29648239857433833,62.95018007202881,62.4609843937575,64.0096038415366,78.02521008403362,65.30102040816325,5340,建榮,TPEx,90000.0
3443.TW,8460.0,487,0.052238805970149294,0.11096520026263956,0.4254422914911542,0.9812646370023419,1.5406701848172855,5.537339796815543,0.15427908721901962,0.4863836017569545,0.6421061890250808,10774401406.25,0.6123024881921637,0.6738545417698736,-0.016279069767441867,-0.016279069767441867,-0.016279069767441867,-0.05412176690263926,0.09835407915704025,0.7553004306868324,-0.24771689497716898,93.2172869147659,19.549819927971186,86.1704681872749,39.1296518607443,65.27791116446579,3443,創意,TWSE,8460000.0
2347.TW,96.80000305175781,487,0.020021090572488465,0.07795099957808937,0.08398655927988097,0.17333337032433715,0.23628688611806292,0.6233671353294492,0.05068926875400792,0.0791728119731836,0.12001102588218227,273556232.43637466,1.1453048554195775,0.9177582803914628,-0.0030895512572354233,-0.0030895512572354233,-0.0030895512572354233,-0.0009755492474817773,0.026208769171768585,0.21733875284112242,-0.11431512511382214,66.87274909963986,52.84513805522209,91.16446578631452,45.63025210084034,65.03781512605042,2347,聯強,TWSE,96800.00305175781
4766.TW,359.5,487,0.05580029368575623,0.04657933042212514,0.04354136429608135,0.06047197640117985,0.09342883400316904,-0.0940535482280278,0.048028569346257655,0.06581678031426019,0.04836459603983445,42770744.525,1.9638712113065988,0.656928322349912,0.016973125884016893,0.016973125884016893,-0.036276372413480584,0.04491495261173589,0.023384038829021403,0.200311720945266,-0.08997050147492625,54.657863145258105,61.46458583433374,91.11644657863145,63.895558223289314,65.03691476590637,4766,南寶,TWSE,359500.0
6221.TWO,30.049999237060547,487,-0.03064518590127263,-0.03064518590127263,0.4042055968561902,0.43764749596989594,0.18284062615831043,-0.10094175155631824,0.05226295570279205,0.286802161388098,0.3023709060235964,43817276.65129175,1.1118565323651886,10.650846515573694,-0.0852359015866122,-0.0852359015866122,-0.0852359015866122,-0.13169658511532017,0.25832309819955823,0.7426568762159953,-0.0852359015866122,75.8703481392557,69.29171668667466,53.78151260504202,43.87154861944778,65.00810324129651,6221,晉泰,TPEx,30049.999237060547
3219.TWO,130.0,487,-0.011406844106463865,0.3171226344431539,0.39335472398519644,0.665369864293647,0.9292146374921624,0.5291470045586266,0.22873345935727785,0.5625239998349751,0.6531229888592789,188920970.7661976,0.8318389601520021,2.3036224966536816,-0.07473309608540923,-0.07473309608540923,-0.07473309608540923,-0.10974552510276298,0.17156476922064745,0.923030554397463,-0.2366745616177699,84.75990396158463,52.87515006002401,58.247298919567825,41.11044417767107,64.93877551020408,3219,倚強科,TPEx,130000.0
3673.TW,76.30000305175781,487,0.010596066910699475,0.16133952200737856,0.15957446068415493,0.002525160381266156,0.14323036160477587,0.9897446753437185,0.12263669359901486,0.17633504829497282,0.10313889811480226,728793972.6015923,3.9958726584022073,2.001388663232306,-0.05334982014601297,-0.05334982014601297,-0.16811743785207678,-0.029297548260339257,0.1587327405570662,0.6256136240575925,-0.3011050081810501,59.34573829531813,89.63985594237695,55.342136854741895,50.10804321728691,64.73289315726291,3673,TPK-KY,TWSE,76300.00305175781
4906.TW,42.20000076293945,487,-0.002364030163704678,0.09610391592050527,0.14673917494108735,0.08903227775327616,0.09246753303184296,0.6795613470072053,0.09702998780471983,0.16290821352951368,0.0900618543315932,339558296.325292,2.3178978513729387,1.4308193109489482,-0.01860463342001273,-0.01860463342001273,-0.20110755429212135,-0.039048823898976515,0.11706174902332862,0.4321552236924799,-0.2538659450465319,62.388955582232896,81.0204081632653,64.03361344537815,44.147659063625454,64.63955582232893,4906,正文,TWSE,42200.00076293945
6285.TW,257.5,487,0.09110169491525433,0.10042735042735051,0.0751565762004176,-0.00579150579150578,-0.019323753472503924,1.163971541862038,0.10125093552870745,0.07519398726469251,0.031004843767083567,1060906285.25,2.8348448374758894,1.043269460127322,-0.035580524344569264,-0.035580524344569264,-0.17918315018778253,0.07231255086514993,0.07708707813091953,0.34083549513475425,-0.2359550561797753,53.73349339735894,77.8811524609844,60.14405762304922,76.84273709483793,64.51890756302521,6285,啟碁,TWSE,257500.0
3354.TWO,30.5,487,-0.05132197348577883,0.0032894862738344077,0.15530304699670983,0.20553363319166684,0.08928571428571419,0.7183098591549295,0.02546860487318625,0.24460162514042394,0.12689933194924108,78076946.15724316,2.1391653996950577,5.068099929231313,-0.05132197348577883,-0.05132197348577883,-0.13841811623360512,-0.09014773523495628,0.08679183593282087,0.8450774370011139,-0.2530120214287941,63.50540216086435,87.74309723889556,59.97599039615846,34.429771908763506,64.49759903961585,3354,律勝,TPEx,30500.0
1802.TW,65.69999694824219,487,0.09682796785668657,0.09317801358235367,0.0823722590190723,0.023364487091943165,-0.06008590108659384,1.446927225877599,0.11073537399753342,0.1539305467099663,0.047965232673193414,1283376392.525309,1.808839511848753,0.6183205435394388,0.023364487091943165,0.023364487091943165,-0.14229767288522088,0.0762349031019185,0.07458409665509125,0.4768805146562527,-0.32594939936928324,55.96638655462185,58.217286914765914,79.47178871548618,77.49699879951982,64.45978391356543,1802,台玻,TWSE,65699.99694824219
2330.TW,2585.0,487,0.04233870967741926,0.04233870967741926,0.05390616733822151,0.06254478842602351,0.24677507212887506,1.0206180845257498,0.046404786413237975,0.07433975101723855,0.09976364505684976,48330269703.38812,0.9392634116820896,1.1564216311635902,0.0,0.0,0.0,0.028862167842863884,0.033057904529547,0.18144497366088203,-0.10931173125830118,58.65546218487395,50.75030012004802,92.86914765906363,61.3265306122449,63.92256902761105,2330,台積電,TWSE,2585000.0
0055.TW,49.81999969482422,487,0.012395867134735061,-0.0065802955336780045,0.016734687649473834,0.1678387218242443,0.49609612120885815,0.6946048885665481,0.005469323822065775,0.08873170561726607,0.20009153123215206,46155118.2609457,1.2503323855834554,2.4668331825601015,-0.020255630485831122,-0.020255630485831122,-0.020255630485831122,0.008212195222366603,-0.0392115529586076,0.17589321918467957,-0.042281175529942816,58.96158463385355,70.23409363745498,84.22569027611044,39.459783913565424,63.90726290516207,0055,元大MSCI金融,TWSE,49819.99969482422
3338.TW,70.5,487,0.03676470588235303,0.03829158196896576,0.06818181818181812,0.03372438643220632,0.11235566535036079,0.2078608803541322,0.04243679546339929,0.08673312798291066,0.021104692289098947,34618383.9221283,1.4911159541139947,1.7578243986273365,-0.0028288112712169244,-0.0028288112712169244,-0.1911280329494991,0.019719251336898502,0.05694035603774935,0.22083529286063822,-0.2069464479426305,56.170468187274906,72.74309723889556,69.72388955582232,61.91476590636255,63.885954381752704,3338,泰碩,TWSE,70500.0
3693.TWO,718.0,487,0.04512372634643369,0.02279202279202286,0.05278592375366564,0.48973776161674687,0.21010256703560404,1.9374264041371183,0.03600028857946769,0.24712216123547082,0.26612083424590516,1306831072.8,0.8899830037365031,1.4837052495755856,-0.01912568306010931,-0.01912568306010931,-0.01912568306010931,0.03192724540801728,-0.11045999678524998,0.45923934431063446,-0.21676304698997895,68.73349339735894,51.63265306122449,84.77791116446579,43.36734693877551,63.86224489795919,3693,營邦,TPEx,718000.0
6226.TW,43.45000076293945,487,-0.036585316341605445,-0.023595488473270754,0.3410493431068071,0.6939571699466991,2.2669173037461974,5.076923102573273,0.07323701919226155,0.4800726989820594,0.951456890420258,1008057899.4877077,1.1842956086663536,1.3581518693654753,-0.09479165077209473,-0.09479165077209473,-0.09479165077209473,-0.12184765211830723,0.10973028645790742,1.0013162386987755,-0.3525179678421012,82.92917166866746,62.280912364945976,49.02761104441777,35.33013205282113,63.8469387755102,6226,光鼎,TWSE,43450.00076293945
2402.TW,61.900001525878906,487,0.05811968420305824,0.1462963245533131,0.10338686647974416,0.032730700238378097,-0.09143066329698168,0.17863948307754174,0.108921563109726,0.11180904001847902,0.02136510492694077,92484247.39308605,1.8578635425179073,0.7873468967569316,-0.004823138800334137,-0.004823138800334137,-0.1732837400126921,0.0322729675831222,0.09247663306695146,0.3184562310975044,-0.21643652983783257,57.37695078031213,63.67947178871549,70.70828331332534,71.84273709483793,63.78871548619448,2402,毅嘉,TWSE,61900.001525878906
6491.TW,411.5,487,-0.003631961259079941,0.011056511056511065,0.08432147562582348,0.15638203190351319,0.435170295153289,0.33120522655758,0.0364586612933695,0.10835342074153753,0.2133915491132652,144864025.4,1.6736197763035006,0.9002037918775451,-0.02948113207547165,-0.02948113207547165,-0.02948113207547165,-0.024712330165535812,0.03219413165798576,0.34073362520252287,-0.1191780864268035,65.61824729891957,64.08163265306123,80.28811524609844,36.19447779111645,63.75450180072029,6491,晶碩,TWSE,411500.0
4105.TWO,80.30000305175781,487,0.022929975181628093,0.0151707282020912,0.04967324250663818,0.024234712868618224,0.08221032822643726,0.11078450958955743,0.024104099307413307,0.03537202168889264,0.05507504547899811,34724947.75026474,1.7137561341576677,0.9077852005353106,0.0151707282020912,0.0151707282020912,0.0151707282020912,0.010511664554968547,0.04159500488376544,0.09517063525503609,-0.059418420213748435,50.486194477791116,64.95798319327731,95.7983193277311,54.33373349339736,63.743697478991606,4105,東洋,TPEx,80300.00305175781
7717.TWO,602.0,217,-0.0033112582781457123,0.016891891891891886,0.21862348178137658,0.30464365468603205,-0.27511127436692195,,0.08127525819488102,0.28327622137991804,0.11314694945521042,766536952.2,1.3929687105983202,6.329281206525147,-0.009868421052631526,-0.009868421052631526,-0.3144717463331501,-0.05796712872348986,0.11707559688603257,0.8345079162257454,-0.3721804511278195,66.67466986794719,77.28691476590635,57.74309723889556,41.03241296518607,63.69507803121249,7717,萊德光電-KY,TPEx,602000.0
3374.TWO,497.0,487,0.0935093509350935,0.12189616252821667,0.05857294994675177,0.3882681564245809,1.7161405067732995,2.2753458650601095,0.0795547108335597,0.293176348142848,0.5625204853675856,4239519780.2,0.7446524094518723,0.5768576862865588,-0.0030090270812437314,-0.0030090270812437314,-0.0030090270812437314,0.07886611344840555,-0.07084976886144187,0.6594029627162946,-0.3971291866028708,77.29291716686674,25.030012004801918,91.28451380552221,54.40576230492197,63.59243697478991,3374,精材,TPEx,497000.0
5483.TWO,224.0,487,0.07951807228915664,0.20107238605898115,0.22070844686648505,-0.02194810831064653,0.7828268855923197,0.8408049248088387,0.16092251878725072,0.16775561126199268,0.2751482047677769,4308924522.725,2.3704802248915153,1.0073373750638752,-0.18554312053243505,-0.18554312053243505,-0.18554312053243505,0.024340960572535375,0.2280244829700339,0.5378191145862892,-0.44551484768391225,70.68427370948379,74.61584633853542,24.057623049219686,78.83553421368548,63.56452581032413,5483,中美晶,TPEx,224000.0
3715.TW,139.0,487,0.09881422924901195,0.1729957805907174,0.16317991631799167,-0.03472222222222221,-0.24998231887301192,0.51876552818072,0.10229976209357661,0.16110708866411172,-0.051843004526103686,971412142.025,1.7136347419091473,1.3210064915923916,-0.03472222222222221,-0.03472222222222221,-0.2935439116222619,0.058019250169514036,0.17475399039206574,0.5869961506321744,-0.3621052524499726,56.27250900360144,72.78511404561824,50.42016806722689,84.6938775510204,63.49339735894358,3715,定穎投控,TWSE,139000.0
2371.TW,30.600000381469727,487,0.0049260957232171165,0.020000012715657656,0.08703377606181895,0.08896797032247017,-0.059907800347061335,-0.22236336548795266,0.04776579906316436,0.11276100225579255,0.07907962153745984,402326563.2374938,1.912636639224526,1.3166476121758877,-0.016077170220805348,-0.016077170220805348,-0.07552864676431836,-0.01683234829223762,0.057377785954328894,0.325148064195142,-0.13761467889908252,55.390156062424964,76.36854741896758,78.8235294117647,42.82112845138056,63.43607442977191,2371,大同,TWSE,30600.000381469727
7799.TW,516.0,258,-0.042671614100185495,-0.011494252873563204,0.3063291139240507,0.2819875776397516,0.3046776232616941,-0.23555555555555552,0.06661154462301688,0.25787185633608267,0.3276727132381321,588805481.6,0.9543316403357309,4.294223706982326,-0.07027027027027022,-0.07027027027027022,-0.07027027027027022,-0.11925389258119817,0.21233325471080017,0.7935692277490713,-0.22196796338672764,73.9435774309724,61.95678271308523,60.28811524609844,41.99879951980793,63.424069627851146,7799,禾榮科,TWSE,516000.0
3042.TW,210.5,487,0.0023809523809523725,0.14713896457765663,0.19263456090651565,0.08785529715762275,0.533806595089245,1.177818823042812,0.08142820446956067,0.16228776514977228,0.15108620570421882,4018910376.8,2.022293690748768,1.2058067500449172,-0.08676789587852496,-0.08676789587852496,-0.15461847389558236,-0.04577768784567654,0.16334946185397473,0.6261152468254372,-0.27968337730870707,70.82833133253301,76.11644657863144,45.42617046818727,46.41656662665066,63.40816326530612,3042,晶技,TWSE,210500.0
2855.TW,57.70000076293945,487,0.01943466993769105,0.0069808295149189625,0.10961539928729724,0.1621349242630874,0.7952332471345267,1.6493528262846922,0.04918630208005981,0.17531234640472282,0.24150489606965775,286941052.75848407,0.6625987732960271,1.390056129907699,-0.013675200633513573,-0.013675200633513573,-0.013675200633513573,-0.00796917988413326,0.05557042453293478,0.3596853150684404,-0.1449893993714615,73.34333733493398,38.18727490996399,87.77911164465786,46.21848739495799,63.37274909963986,2855,統一證,TWSE,57700.00076293945
4722.TW,224.0,487,0.1758530183727034,0.17277486910994755,0.1200000000000001,-0.09311740890688258,0.270444746322801,0.34651925830593755,0.1393692777212614,0.09020116807267997,-0.007114930073225945,314675336.9,4.533498993524812,2.047447231427084,-0.1839708561020036,-0.1839708561020036,-0.26633369956515973,0.14585301837270337,0.1510391363022943,0.6114899818071597,-0.41530054644808745,58.92557022809124,91.15246098439376,17.118847539015604,90.48619447779112,63.35504201680673,4722,國精化,TWSE,224000.0
4755.TW,127.5,487,0.0805084745762712,0.10389610389610393,0.09913793103448265,-0.07272727272727275,-0.08729019615553502,0.011381160861704487,0.09114249037227218,0.0843373493975903,-0.014374431637705132,40247804.125,4.887633260282949,1.9163244716935546,-0.07272727272727275,-0.07272727272727275,-0.21337025053545222,0.05572399181765053,0.1233803552769069,0.42765451307491187,-0.24452554744525545,49.74189675870348,90.71428571428571,43.60144057623049,80.24009603841537,63.331632653061234,4755,三福化,TWSE,127500.0
3711.TW,732.0,487,0.04125177809388325,0.10407239819004532,0.1787439613526569,0.09253731343283578,0.6397130024267383,3.282264999131895,0.0953164746371391,0.17101263797792354,0.22337054947101942,9426326610.9,0.6698761268823173,0.8174962667763479,-0.016129032258064502,-0.016129032258064502,-0.016129032258064502,-0.0034342122442809764,0.14789819020837833,0.40583477608071267,-0.26939970717423134,75.1500600240096,27.509003601440575,86.2905162064826,60.33613445378151,63.24579831932774,3711,日月光投控,TWSE,732000.0
8182.TWO,43.79999923706055,487,0.057970957070651696,0.10745891484158387,0.10606062941351335,-0.08054306215593654,0.2406194546740732,0.6311847487962954,0.0808142882396441,0.08907811383561204,0.03142190944187817,58914311.3017334,5.617973192452316,1.415731474651257,-0.08054306215593654,-0.08054306215593654,-0.25352561174890775,0.03145579971727336,0.13290831679882553,0.46199457593347676,-0.2773644941269471,54.87394957983193,88.34333733493398,37.93517406962785,75.84033613445379,62.99849939975991,8182,加高,TPEx,43799.99923706055
2221.TWO,189.5,487,-0.040506329113924044,0.35357142857142865,1.1856978854696725,3.0367560778521554,5.163375399942133,5.867451597990706,0.3425433899246215,1.217390036760026,1.9805045743165404,655782114.2734302,0.1657415997351603,2.3237034964339784,-0.040506329113924044,-0.040506329113924044,-0.040506329113924044,-0.33693080048134216,0.17344585951895408,0.9352594149269198,-0.2791096340046286,86.6626650660264,29.861944777911162,74.98199279711883,38.96158463385355,62.97118847539015,2221,大甲,TPEx,189500.0
6488.TWO,1215.0,487,0.17391304347826098,0.30504833512352314,0.25128733264675596,-0.17865490348950852,1.258698968806867,1.39849862499265,0.21554699614826678,0.20121673447814836,0.29210829697338614,12363427093.55,1.697956857352716,1.2263788168167782,-0.19491913059535892,-0.19491913059535892,-0.19491913059535892,0.11109121031657199,0.3108389671432588,0.5871104321613059,-0.4844831963812257,66.09243697478992,71.45858343337335,22.064825930372148,94.8499399759904,62.94207683073229,6488,環球晶,TPEx,1215000.0
6419.TWO,165.0,487,0.05769230769230771,0.08552631578947367,0.08552631578947367,0.13013698630136994,0.21323529411764697,1.9464285714285716,0.06934543097861301,0.10732061965214479,0.11769686706181193,39073227.5,3.4208521739900006,0.608686011540756,-0.08333333333333337,-0.08333333333333337,-0.1516709511568124,0.03631072874493929,0.04214732035568369,0.5178353563812322,-0.22789115646258506,67.41896758703481,67.05282112845138,47.034813925570226,65.19207683073229,62.91656662665066,6419,京晨科,TPEx,165000.0
2323.TW,12.222220420837402,486,0.13996067931583123,0.13996067931583123,0.1294055306288664,0.09395333821984542,0.12420086854134538,0.34928980796093945,0.10816406522964428,0.138382016755336,0.1317543297791932,36566271.56445136,0.6701838014111947,0.5026652863582544,0.0,0.0,-0.04332709382375144,0.10760929665861463,0.09808775122225125,0.4264762600550685,-0.15113110737128677,70.44417767106843,18.385354141656663,87.89915966386555,83.31332533013206,62.85084033613445,2323,中環,TWSE,12222.220420837402
1727.TW,106.0,487,-0.02752293577981646,0.029126213592232997,0.16483516483516492,0.18435754189944142,0.9590588992403122,2.064386350525546,0.019426817336570146,0.17766873520830484,0.20340045117170713,1660142836.9441853,1.9596922484981185,2.391182982727174,-0.1382113821138211,-0.1382113821138211,-0.1382113821138211,-0.06873172698860769,0.10338265086868445,0.8414638436397893,-0.33652824041871154,72.39495798319328,82.3109243697479,36.03841536614646,38.817527010804326,62.566026410564234,1727,中華化,TWSE,106000.0
3402.TWO,139.5,487,0.025735294117646967,0.09842519685039375,0.1160000000000001,-0.01645119857164823,0.16919853326348866,0.11118488809204896,0.07410972088546686,0.08638690795452608,0.05802049771268969,38769203.65,1.9665214356750345,1.3918389329504333,-0.0787010938562216,-0.0787010938562216,-0.0787010938562216,-0.0032647058823530584,0.12148373285721618,0.24910587115388189,-0.2669234510253806,57.472989195678274,77.63505402160864,56.51860744297719,58.69747899159664,62.5063025210084,3402,漢科,TPEx,139500.0
7788.TW,329.0,471,0.11904761904761907,0.13058419243986252,0.03949447077409163,0.28141295617924067,1.1906665337718052,1.169189231552251,0.09447771124417814,0.224423750415361,0.3669207774177816,663507868.725,1.5155114790776885,0.8547980452124739,-0.09986320109439129,-0.09986320109439129,-0.09986320109439129,0.10917400135409616,-0.054309847952321924,0.8682200484979746,-0.35889405760748117,72.88115246098438,60.57623049219688,46.86674669867947,58.835534213685484,62.4951980792317,7788,松川精密,TWSE,329000.0
2020.TW,24.399999618530273,487,-0.08614236249766938,0.14018691838677877,0.12702078745748668,0.1375290792850563,0.04273504343171486,0.06616401952804729,0.06260205197736646,0.11149069510368248,0.11719478314471132,65568906.98558569,8.96623718853261,8.866470362508998,-0.09293680429191742,-0.09293680429191742,-0.09293680429191742,-0.11789755936204105,0.08117776102913457,0.5793761283667036,-0.09293680429191742,57.49699879951981,98.76950780312126,50.30012004801921,31.596638655462186,62.49069627851141,2020,美亞,TWSE,24399.999618530273
6548.TWO,77.9000015258789,487,0.07894743516018243,0.06275577466037752,0.0584239557188273,-0.0802833018579513,0.5735341664891842,1.2544587371818552,0.06639290247609742,0.07939589276402703,0.092189953090966,274196327.7431927,3.266026635631426,1.4024975485669875,-0.0802833018579513,-0.0802833018579513,-0.20200479851781927,0.06434144623047561,0.0851850563381444,0.39231465513770747,-0.2685644029460793,53.56542617046819,84.11764705882354,42.49699879951981,76.81272509003601,62.47689075630253,6548,長科*,TPEx,77900.0015258789
5209.TWO,173.0,487,0.032835820895522394,0.014662756598240456,0.12337662337662336,0.09841269841269851,0.13382348190964133,0.17660926035911628,0.01600352371164293,0.07203718048024776,0.08878040335326487,26614867.75,0.5803478546952506,3.0811306556762688,-0.017045454545454586,-0.017045454545454586,-0.017045454545454586,0.0019916650513665535,0.09057239057239053,0.4123494967062238,-0.06134969325153372,66.35654261704681,40.07202881152461,85.67827130852342,57.25690276110444,62.28481392557022,5209,新鼎,TPEx,173000.0
1809.TW,46.5,487,-0.028213135155087166,0.1923076923076923,0.22691287936357574,-0.017996805308459818,0.7266588396124114,1.4057815985287854,0.12190121476952487,0.17949253242098684,0.12460436496770755,241074846.6176346,1.3881029253866883,3.40346853121556,-0.028213135155087166,-0.028213135155087166,-0.21489169260626584,-0.0849413549959811,0.23291181446639567,0.5826680883160398,-0.35092164679092663,61.42857142857142,75.1500600240096,59.35174069627851,45.606242496998796,62.070228091236494,1809,中釉,TWSE,46500.0
1409.TW,26.149999618530273,487,0.050200803981931275,0.06952960337603042,0.07392193876228204,0.0516539727901133,0.5913592225234028,0.8842133769488143,0.057099525728849354,0.101426344868919,0.1588154320920776,463547210.1702329,0.9432799429450464,1.1176609275123661,-0.026070791545409144,-0.026070791545409144,-0.14407972281183667,0.031720319291360766,0.056703947832244264,0.49907113030637557,-0.23484847576205903,64.8919567827131,50.18607442977191,67.89915966386556,66.15246098439377,62.00600240096039,1409,新纖,TWSE,26149.999618530273
3362.TWO,196.0,487,0.14619883040935666,0.12320916905444124,0.03157894736842115,0.039787798408488007,0.7268722466960353,0.7117903930131004,0.09973348295693651,0.0978854502170563,0.221196531907921,674396042.0,1.745904502141447,0.6226125131290431,-0.06666666666666665,-0.06666666666666665,-0.07109004739336489,0.13830409356725137,0.018316347898925146,0.5218714225648338,-0.19999999999999996,61.00240096038415,57.05882352941177,61.23649459783914,72.73109243697479,61.82262905162065,3362,先進光,TPEx,196000.0
4716.TWO,19.450000762939453,487,0.15430268976901607,0.15088764508687857,0.13411085688445556,-0.13555552164713547,0.2671009954122985,0.27124186408296147,0.11669303600588576,0.10406816859010282,0.10605634546594556,28114961.678040218,5.904094693120844,0.7523949340039598,-0.13555552164713547,-0.13555552164713547,-0.19628098554749973,0.12077497554790217,0.17929603076683406,0.587388846916302,-0.22931444297618175,58.15126050420169,74.97599039615847,29.7719087635054,91.36854741896758,61.66416566626651,4716,大立,TPEx,19450.000762939453
5230.TWO,22.75,487,-0.025695947394753782,0.07565013760415895,0.27808994242164276,0.1262375812251939,0.31004208920900167,0.29189747962217294,0.09440770697494671,0.20540445519081452,0.22695754228245235,22321121.985412885,0.5916495384827978,11.173900294827124,-0.025695947394753782,-0.025695947394753782,-0.05208333333333337,-0.09521843300016447,0.23601074867991145,0.5882135967164369,-0.14898984693237638,70.1080432172869,44.32773109243697,78.75150060024009,44.98799519807923,61.623649459783906,5230,雷笛克光學,TPEx,22750.0
2881.TW,155.5,487,0.0298013245033113,0.006472491909385036,0.04013377926421402,0.22440944881889768,0.8290835806384191,0.8599984851125808,0.026233294835835697,0.12402867297150766,0.267761317362156,2227909578.75,0.8555857990383537,0.725877758564053,0.006472491909385036,0.006472491909385036,0.006472491909385036,0.019767879687257794,-0.03466937034208521,0.23018694743400284,-0.05384615384615388,67.31092436974791,35.55822328931573,94.30972388955581,46.28451380552221,61.61854741896759,2881,富邦金,TWSE,155500.0
6442.TW,1815.0,487,0.21812080536912748,0.19016393442622959,0.0676470588235294,0.3313990404887872,-0.11774758284407916,1.1793734415685355,0.1354394745073506,0.20807055919393314,0.07601140875404644,3435329115.25,1.135158035151757,0.693338638335386,0.008333333333333304,0.008333333333333304,-0.2275638384785681,0.20120904066324513,-0.04281928800606634,0.7578473797496805,-0.26573426573426573,67.33493397358944,45.7563025210084,68.42737094837935,63.31932773109244,61.55642256902762,6442,光聖,TWSE,1815000.0
6168.TW,41.45000076293945,487,-0.08397788369194581,-0.029274004160789402,0.40986398982176486,0.4620811359858823,0.4698581433165492,0.9145497225534509,0.07571532559416316,0.392575196624372,0.4380294579494346,619682902.6768718,1.0371446277035699,3.5450953975465236,-0.11995749244633225,-0.11995749244633225,-0.11995749244633225,-0.18644388114738702,0.25583694449313743,0.8635172302454961,-0.2826087332102356,78.08523409363745,63.4873949579832,40.024009603841534,42.77310924369748,61.52671068427371,6168,宏齊,TWSE,41450.00076293945
3010.TW,132.0,487,0.05179282868525892,0.05600000000000005,0.019305019305019266,0.11392405063291133,0.05397381510897903,0.3837381868623162,0.04824300178677787,0.06774519716885741,0.050240449707618096,59518236.55,1.6861593192564819,0.6385589302129763,-0.0037735849056603765,-0.0037735849056603765,-0.03138325370278949,0.0469665738590041,-0.01866966423928451,0.1735748215829642,-0.10373443983402486,53.34333733493398,56.46458583433373,87.77911164465786,56.64465786314526,61.506002400960384,3010,華立,TWSE,132000.0
3605.TW,167.0,487,-0.02052785923753664,-0.011834319526627168,0.3858921161825726,0.8885075181739208,1.6455220126249843,1.2586548568868365,0.0758576260267354,0.373483983837809,0.6687861157208397,3333635990.575,0.8109495136210327,1.5806044523783682,-0.08991825613079019,-0.08991825613079019,-0.08991825613079019,-0.11700088828317978,0.0897229434579323,0.7433307028159579,-0.17803030303030298,85.1440576230492,48.691476590636256,51.500600240096034,32.85114045618247,61.45828331332533,3605,宏致,TWSE,167000.0
3162.TWO,83.0999984741211,487,-0.02693211956279462,0.09342103255422485,0.18039768001388023,0.022140164265644025,0.3328399872443828,0.5549800168316881,0.07503232709202301,0.18553389842063894,0.09093794756950313,190822878.95991668,2.016099731984331,1.8032880029071818,-0.07254464409257078,-0.07254464409257078,-0.12441169346829128,-0.07203153956626468,0.17301762525866557,0.6931997684026374,-0.2940430965052635,59.8859543817527,80.95438175270107,53.133253301320536,44.18967587034814,61.448079231692674,3162,精確,TPEx,83099.9984741211
2305.TW,58.900001525878906,487,-0.14264913912218202,0.0017007192196583087,0.7634730190129528,0.4873738332179611,2.3183099451199385,3.8879668542384413,0.09028648219330426,0.5461008835181835,0.8721195596771252,988932132.7665892,0.9370820128456119,3.4017753166880076,-0.14761211539045438,-0.14761211539045438,-0.14761211539045438,-0.33351739387542023,0.6010150746069658,0.9026688220193595,-0.29634642860203164,82.38295318127251,60.12605042016807,33.565426170468186,44.86194477791117,61.42707082833134,2305,全友,TWSE,58900.001525878906
3026.TW,839.0,487,0.060682680151706636,0.060682680151706636,0.08819714656290523,-0.07292817679558006,2.511142613757546,7.461220479726162,0.06790555590911995,0.2146071346708327,0.32881791210480427,8432425351.45,1.4162123256579096,1.0987616272359115,-0.07292817679558006,-0.07292817679558006,-0.16517412935323383,0.03863339351098033,0.11250653882809858,0.6390675437182866,-0.4898568019093079,59.993997599039616,64.8499399759904,48.30732292917167,76.15846338535414,61.2953181272509,3026,禾伸堂,TWSE,839000.0
2753.TW,184.0,487,0.022222222222222143,0.025069637883008422,0.025069637883008422,0.0915254378435224,0.09948362138653954,0.004281592715845717,0.022222222222222143,0.046301454366625805,0.0757785743586088,21950147.95,1.637087314649555,0.803438092017132,-0.00540540540540535,-0.00540540540540535,-0.00540540540540535,0.015954812751470038,-0.005438841398165712,0.1324386986384451,-0.030219780219780223,52.02881152460985,60.474189675870356,90.06002400960384,48.799519807923176,61.262004801920774,2753,八方雲集,TWSE,184000.0
6449.TW,261.5,487,0.2482100238663485,0.21345707656612523,0.12958963282937375,-0.17507886435331232,0.5177534046060264,0.2635841088464346,0.18701770313209254,0.13691532915474092,-0.009396465955495592,412322787.45,3.8747186156591424,1.354049456949551,-0.17507886435331232,-0.17507886435331232,-0.42961319441245616,0.21581261565900506,0.18794925428047785,0.6153317117497922,-0.3595317725752508,59.45378151260505,85.45018007202881,9.843937575030012,94.14765906362545,61.23499399759904,6449,鈺邦,TWSE,261500.0
6531.TW,1000.0,487,0.07874865156418553,0.05485232067510548,0.04166666666666674,0.11982082866741317,0.7181944989041582,1.918440593684633,0.031565917062100324,0.11771390249809066,0.08309126025881897,3382589311.5,1.096721358658016,1.0756578276633273,-0.05213270142180093,-0.05213270142180093,-0.15389749393774577,0.06833198489751885,0.0017263904441956815,0.7397369112021709,-0.3563096500530223,65.91836734693878,54.801920768307326,57.911164465786314,63.781512605042025,61.21728691476591,6531,愛普*,TWSE,1000000.0
8121.TWO,34.650001525878906,487,0.10000004844060029,0.2509025477081588,0.255434820542338,-0.17105257994460288,0.2577133388543751,0.2692308605943299,0.1791730940426175,0.15902444005132854,0.0011557801600581286,35586318.517224886,3.620837581954621,1.8496525144538971,-0.17105257994460288,-0.17105257994460288,-0.3630514604049161,0.03614134330501578,0.312452347190539,0.6653244414176772,-0.361519614603372,59.98799519807923,88.22929171668667,12.172869147659062,84.66986794717889,61.187575030012006,8121,越峰,TPEx,34650.001525878906
4721.TWO,82.30000305175781,487,-0.0024242054332386243,0.09006626558619613,0.1542776932564074,0.04663730541996758,-0.05170445235079535,0.1857010548308473,0.08239630175599344,0.11434571597566667,0.016385919468021815,35117332.52279892,1.4689294804626751,1.121287652805242,-0.0024242054332386243,-0.0024242054332386243,-0.1606175646140524,-0.04099362874734047,0.13873192478308485,0.2604626764588112,-0.1860465276743467,57.208883553421366,66.66866746698679,73.46938775510205,45.60024009603842,61.08463385354141,4721,美琪瑪,TPEx,82300.00305175781
6234.TWO,41.79999923706055,487,0.05157230785057987,-0.012986995439837723,0.1692307478898054,-0.05825429960363315,0.24544481304436827,0.6737985060240816,0.11839463412381002,0.15816503360696577,0.0016046878813338328,35714946.7209177,1.2889797546596995,3.1547787929999407,-0.05825429960363315,-0.05825429960363315,-0.321031733048997,0.009264620878128516,0.18864884775768312,0.7752754419114893,-0.3028503234567831,60.60024009603842,72.79111644657863,40.360144057623046,69.95798319327731,61.00360144057623,6234,高僑,TPEx,41799.99923706055
4961.TW,179.0,487,-0.011049723756906049,-0.01377410468319562,0.08157099697885206,0.04678362573099415,0.20375710280110115,0.06394396323421647,-0.006521437491327942,0.06194690265486713,0.08494515321040197,227993056.85,1.29524488655367,2.721739492300393,-0.037634408602150504,-0.037634408602150504,-0.037634408602150504,-0.031442473001619065,0.06597645506852068,0.3967606713919731,-0.14880952380952384,54.747899159663866,71.90276110444178,76.20648259303721,39.15966386554622,60.99009603841536,4961,天鈺,TWSE,179000.0
6438.TW,165.5,487,0.009146341463414531,0.09966777408637872,0.06430868167202575,0.07817589576547235,-0.049565446977398286,-0.03452258831999466,0.06756974681502981,0.11011738401341531,0.06195053225076208,86278525.6,1.6364882055398682,1.2467696189500985,-0.014880952380952328,-0.014880952380952328,-0.09323400509588364,-0.0069308289545919055,0.03825004975020163,0.25518712933700394,-0.18122977346278313,52.89915966386555,70.81632653061224,77.31092436974791,44.309723889555826,60.97238895558223,6438,迅得,TWSE,165500.0
1313.TW,12.600000381469727,487,0.02439025903112113,0.02439025903112113,0.06779662523760033,0.02439025903112113,0.02911457666788153,0.25217395095351325,0.03469516903635528,0.06516382374639385,0.08406896294836974,34560095.95887909,1.7345954579772207,1.009925083381785,-0.01945525234073231,-0.01945525234073231,-0.11888110395736817,0.007441102721721049,0.059666538893893284,0.2314119311696558,-0.2023346540299752,52.5750300120048,67.91116446578633,72.26890756302521,56.062424969987994,60.87094837935174,1313,聯成,TWSE,12600.000381469727
6127.TWO,58.29999923706055,487,0.12765954307010818,0.19222898605037808,0.174219485304004,-0.16833094855796282,0.13645224374473286,1.4808510313642786,0.14324932149892233,0.1338000668786219,-0.0032129267426754815,313744687.278684,5.414587489808235,1.8362156066861006,-0.16833094855796282,-0.16833094855796282,-0.398348830557134,0.08410467174410718,0.2303298014899916,0.6028257186837637,-0.3857350416662687,55.588235294117645,90.75630252100841,11.452581032412965,90.89435774309726,60.849039615846344,6127,九豪,TPEx,58299.99923706055
2103.TW,29.0,487,0.030195395843280792,0.04316549625439259,0.05839417531917279,0.24463523388761055,0.5180877808644493,0.7749245989701847,0.0629524390691163,0.10955235247639261,0.24064236756170887,110304064.22586164,0.8587532114878634,0.5066251994494274,0.00694447111936336,0.00694447111936336,0.00694447111936336,0.015596852013487594,-0.023150902643364057,0.43709142701146275,-0.19921876193257027,69.45378151260505,29.28571428571429,94.42977190876351,45.4561824729892,60.807322929171676,2103,台橡,TWSE,29000.0
1504.TW,73.30000305175781,487,0.060781543710303865,0.060781543710303865,0.022315288307063863,0.10225568498883919,0.19304252306794023,-0.11812527668795603,0.05021854534363612,0.06129348047911898,0.06491292120759828,414580406.2401813,1.7789239236451724,0.5890462977041432,-0.0027210469148597483,-0.0027210469148597483,-0.13332997763590038,0.0552027216335379,-0.011769940022549198,0.23322991648165547,-0.13447784435882693,56.06842737094837,56.932773109243705,76.18247298919569,58.985594237695075,60.744897959183675,1504,東元,TWSE,73300.00305175781
2069.TW,25.049999237060547,487,-0.06179780819216929,0.035123902781970306,0.2279411620334768,0.3916666242811415,0.4247617588771153,0.774955735623859,0.017878882377246663,0.178176650720981,0.2616147020328812,49515508.337425515,0.7811581116482192,3.6133509498007133,-0.06179780819216929,-0.06179780819216929,-0.06179780819216929,-0.11878309870053849,0.09738562060642963,0.6215155978040466,-0.07677906688507119,73.98559423769507,52.76110444177671,64.1296518607443,33.85354141656663,60.688475390156064,2069,運錩,TWSE,25049.999237060547
3017.TW,3545.0,487,0.03202328966521106,0.038067349926793614,0.03654970760233911,0.60271015404884,0.46148767913523714,2.5133300656696362,0.04050484297035517,0.18916279875603204,0.2857260883538846,9558802545.0,1.1846154804867846,0.7039083240385071,-0.037991858887381325,-0.037991858887381325,-0.037991858887381325,0.022885862764626286,-0.16435367708060755,0.5366898141409396,-0.1413935018174084,68.79951980792316,48.409363745498204,76.01440576230492,38.73349339735895,60.635054021608646,3017,奇鋐,TWSE,3545000.0
6179.TWO,37.75,487,0.03994492543843009,0.010709545976449242,0.2541528080258695,0.3802559222476838,0.5657893695884904,0.07675427429382697,0.03156169198122316,0.2608161146931678,0.3865841883493908,480302538.1298922,0.3620104358434546,4.45675575516595,-0.08926419046649647,-0.08926419046649647,-0.08926419046649647,-0.02359327656803728,0.12740083394330823,0.8736737533406408,-0.17805751927616464,85.15606242496999,34.4297719087635,51.86074429771909,50.21608643457383,60.57442977190877,6179,亞通,TPEx,37750.0
5536.TWO,1045.0,487,0.13710554951033727,0.20809248554913284,0.19565217391304346,-0.11440677966101698,0.33633507533025764,0.34214178683568663,0.16577420794288278,0.09757378426635865,0.03666412329563329,1031946563.05,2.879533416971487,0.8987224052741709,-0.17391304347826086,-0.17391304347826086,-0.27177700348432055,0.0881925060320764,0.23378776713338245,0.4444460149965314,-0.35415019762845845,62.02881152460984,74.21968787515007,17.406962785114047,91.41656662665068,60.56032412965186,5536,聖暉*,TPEx,1045000.0
2367.TW,47.20000076293945,487,0.0838117471830584,0.12918664173302608,0.1132075251018767,-0.06016839375286642,-0.3258310322886542,0.6980856458053952,0.10778619388218447,0.10280055841301827,-0.08797093261556788,323422985.5367285,6.28212200887549,1.3189977564396507,-0.08020351910775592,-0.08020351910775592,-0.3258310322886542,0.05550986590758922,0.1332636563528322,0.47474134343424695,-0.3527131036686234,49.68187274909964,87.95918367346938,32.62905162064826,80.71428571428572,60.49549819927971,2367,燿華,TWSE,47200.00076293945
6120.TW,14.0,487,-0.024390269837322398,0.1067194009628416,0.13360320385139235,0.0071942722456204145,-0.05405406624492348,0.17548986204469474,0.07630213101724004,0.08345156686875788,0.048103354049265246,88424532.2045662,5.02283058589159,4.267463464444362,-0.08196721311475408,-0.08196721311475408,-0.11574620846216344,-0.057791070800170485,0.1312051131028522,0.5186761929333854,-0.18309855371258366,50.042016806722685,95.0360144057623,51.212484993997606,42.07082833133253,60.32893157262905,6120,達運,TWSE,14000.0
4551.TW,187.0,487,0.07163323782234965,0.18354430379746844,0.11641791044776117,-0.10268711383510931,0.3522883308829663,0.3152393593730414,0.12026359143327836,0.11233598369555997,0.11032226528776112,299406036.625,2.982298793936061,1.243334616445187,-0.10268711383510931,-0.10268711383510931,-0.3190604890647797,0.042528760210409355,0.1506469483927976,0.5724978819471568,-0.2668730530744926,56.830732292917176,81.8547418967587,25.8343337334934,79.73589435774309,60.32322929171669,4551,智伸科,TWSE,187000.0
3680.TWO,567.0,487,0.021621621621621623,0.034671532846715314,0.07183364839319473,0.08413001912045881,0.31460194767731053,0.5797981268385459,0.05473654838859687,0.15482535048711776,0.11593925356367674,1013783818.175,0.710545922456266,1.4962514784838514,0.0017667844522968323,0.0017667844522968323,-0.07166914078914433,0.003663209523322941,0.04379030868637512,0.5150144656170661,-0.30414312617702444,62.19087635054022,42.97719087635054,84.53781512605042,51.91476590636255,60.3154261704682,3680,家登,TPEx,567000.0
3264.TWO,250.0,487,0.026694045174537884,-0.11971830985915488,0.1013215859030836,0.11111111111111116,0.4569670932101457,1.903977752949729,0.02364622786365045,0.1227544910179641,0.13218709034173926,3789196292.25,1.1446721820932366,2.5815728268444174,-0.11971830985915488,-0.11971830985915488,-0.11971830985915488,0.0013636486987669838,0.06428454886604654,0.6994639896779903,-0.3221052631578948,69.14765906362544,66.26650660264106,40.14405762304922,53.229291716686674,60.238895558223284,3264,欣銓,TPEx,250000.0
4989.TW,73.69999694824219,487,0.20819667128265884,0.21018054354110394,0.1925565996454801,-0.10882708986836664,-0.2980952671595982,1.781131960311026,0.1858406625007778,0.14550677981976645,-0.0783262263917428,391986860.36854136,6.285897591654563,0.943303445737663,-0.10882708986836664,-0.10882708986836664,-0.36738200044427305,0.1600575213712888,0.22883229626826898,0.5776121601400144,-0.36250000000000004,53.27731092436974,81.14645858343337,21.824729891956782,94.80192076830733,60.1827731092437,4989,榮科,TWSE,73699.99694824219
3149.TW,77.0999984741211,487,0.041891871271906744,0.18433180155557616,0.26809209607892415,-0.11056688489012534,0.831353949371626,0.7325842353735077,0.1552292157201398,0.14016364276985493,0.10980361434151131,650652894.3927578,3.266115796960813,1.2322855875683434,-0.12198206751953022,-0.12198206751953022,-0.26220097153951105,-0.025131152747824292,0.3049477243756326,0.537075775049101,-0.32355035588496506,64.8139255702281,82.34693877551021,25.618247298919567,56.78871548619448,60.15426170468187,3149,正達,TWSE,77099.9984741211
6885.TW,30.399999618530273,487,-0.050000011920928955,-0.03492064703078501,0.20874751807677372,0.4205607551603363,0.22828281286991015,-0.03184713414486362,0.04056134037271519,0.2655241610003074,0.3054213416655114,36775043.109650895,0.7807398950793288,2.590361609838114,-0.050000011920928955,-0.050000011920928955,-0.050000011920928955,-0.10218689144012238,0.06856059968999495,0.5891099188366611,-0.0859375,71.20048019207684,51.170468187274906,70.828331332533,30.660264105642256,60.0375150060024,6885,全福生技,TWSE,30399.999618530273
5234.TW,336.5,487,0.0907617504051863,0.15042735042735034,0.11423841059602657,-0.08930987821380243,-0.2165308498253784,-0.09597409402337342,0.12176014667888979,0.07502262925296854,-0.06732879085344734,137841507.225,3.661297500981411,2.0109297753188016,-0.10505319148936165,-0.10505319148936165,-0.2716450216450217,0.06220214775617966,0.14400837000062738,0.5251068083614999,-0.24867021276595747,48.60744297719088,89.17767106842737,28.667466986794715,82.85714285714286,59.89945978391357,5234,達興材料,TWSE,336500.0
3081.TWO,3140.0,487,0.16512059369202237,0.09217391304347822,0.0228013029315961,0.7386589370345409,0.462973122414277,6.193204133951436,0.11644444444444435,0.23762538840021796,0.3080520875198802,9343905242.5,1.316606479409813,0.9060753724324265,-0.11048158640226624,-0.11048158640226624,-0.11048158640226624,0.15942026795912334,-0.2234183427465842,0.6635935565214299,-0.24929178470254953,71.54261704681873,58.08523409363745,43.04921968787515,54.27370948379352,59.88925570228092,3081,聯亞,TPEx,3140000.0
6799.TW,91.5,487,-0.002180991874569771,0.09188540176408355,0.14949750947228657,-0.015609367639747629,0.18921344811758511,0.037454667378540085,0.07621736448406802,0.11417255223402667,0.04440999122396816,22525604.206691742,1.1779808255343067,1.5683458864768944,-0.015609367639747629,-0.015609367639747629,-0.15421860436021684,-0.039555369242641414,0.1547006320188691,0.30073467322352626,-0.22702703070305263,56.926770708283314,63.739495798319325,70.46818727490997,47.04081632653061,59.855342136854745,6799,來頡,TWSE,91500.0
3615.TWO,43.95000076293945,487,-0.04039298045717232,0.16423843080634315,0.20741755276281526,-0.060853234681272794,0.37616110165233985,0.8006625950297168,0.13676044089543127,0.16559929779256843,0.06934412184496463,69498366.0477911,3.6576764074713153,2.8820903144813736,-0.060853234681272794,-0.060853234681272794,-0.26672529692707303,-0.09224736864787614,0.22770196432323953,0.6630397829203031,-0.3296823798763152,54.22569027611044,91.24249699879952,43.24129651860745,44.645858343337345,59.846038415366145,3615,安可,TPEx,43950.00076293945
6945.TWO,140.0,488,-0.0572390572390572,0.03703703703703698,0.4690450736288585,0.2962962962962963,-0.3220338983050848,0.22807017543859653,0.12112111769630607,0.29793874598010306,0.13796466737745527,75565832.5133377,1.466707747460172,2.03065647208153,-0.0572390572390572,-0.0572390572390572,-0.3220338983050848,-0.17450032564627183,0.3702796415300931,0.702277194315201,-0.2232142857142857,66.21848739495798,73.7875150060024,40.624249699879954,44.67587034813925,59.76050420168067,6945,圓祥生技,TPEx,140000.0
5425.TWO,104.5,487,0.08854166666666674,0.12004283581886943,0.1309523622760136,-0.08897130427593436,0.7900647333949145,0.9462885272126453,0.10389267238746469,0.15903808187671165,0.13819550526971192,1226542777.4337583,1.908054965859607,0.6678751885952163,-0.08897130427593436,-0.08897130427593436,-0.25662593321856475,0.05580357609766334,0.16060946370132503,0.4631394232900543,-0.35965441843815094,62.3889555822329,61.21248499399759,34.741896758703476,82.8451380552221,59.63385354141657,5425,台半,TPEx,104500.0
3035.TW,209.0,487,-0.0071258907363420665,0.09424083769633507,0.16759776536312843,-0.018779342723004744,0.3474704844766203,0.25150809796594875,0.07884888372693255,0.13566382901648244,0.09880254544967926,934387707.95,1.0425680457596818,1.8598385221385416,-0.03240740740740744,-0.03240740740740744,-0.10300429184549353,-0.04902533207712417,0.17385754627079666,0.42714734737262333,-0.2777777777777778,58.865546218487395,59.987995198079226,69.79591836734694,46.67466986794718,59.50360144057623,3035,智原,TWSE,209000.0
5243.TW,96.80000305175781,487,0.057923530620303865,0.07795099957808937,0.0402161340709426,0.04130761981307507,-0.18658510401840522,0.31091965863396975,0.07182070162318777,0.1063909991472447,-0.006801109700434904,91182453.28441009,1.9907050182278268,1.0061514054085001,-0.010224948556195601,-0.010224948556195601,-0.2649138917454845,0.047869497102568215,0.026446927466584245,0.3056821335282285,-0.27373733726764893,48.39735894357743,71.68667466986794,61.12845138055222,65.16206482593037,59.280612244897966,5243,乙盛-KY,TWSE,96800.00305175781
7711.TW,632.0,214,0.12857142857142856,0.16176470588235303,-0.042424242424242475,0.9936908517350158,1.1312474265518206,,0.11818825194621363,0.36287670494366275,0.5331848197681881,711506092.05,1.0206863297343889,0.7703286782854084,-0.042424242424242475,-0.042424242424242475,-0.042424242424242475,0.13917748917748918,-0.3736545263359144,0.9452848350107529,-0.2909090909090909,63.51140456182473,43.4453781512605,74.54981992797119,53.10324129651861,59.14135654261705,7711,永擎,TWSE,632000.0
6788.TWO,377.0,487,0.08022922636103158,0.10395314787701326,0.051603905160390484,-0.04435994930291509,-0.0031227622073630723,0.4886700052335573,0.09776515978743539,0.07863239711983216,-0.028236499604718857,97903583.175,1.973379812704779,1.1718016072778439,-0.04435994930291509,-0.04435994930291509,-0.25281857773022987,0.06732825007093396,0.06639055492802885,0.39264164279096075,-0.2493606138107417,47.244897959183675,75.19207683073229,51.236494597839126,74.59183673469387,59.132052821128454,6788,華景電,TPEx,377000.0
3661.TW,4190.0,487,0.1203208556149733,0.14324693042291958,0.03712871287128716,0.02122113299573969,0.2151796630964684,0.12307167390045937,0.11740782718847931,0.13100581423228963,0.04238095454868063,8748919284.5,1.059941700322538,1.0445298798596134,-0.012222325949642121,-0.012222325949642121,-0.2143722188469661,0.11103867739715151,0.030055001872707265,0.629247395989146,-0.2612731976905869,54.969987995198075,52.64105642256904,65.06602641056423,73.0672268907563,59.12154861944778,3661,世芯-KY,TWSE,4190000.0
2032.TW,18.700000762939453,487,-0.07881766178592109,0.10000004487879144,0.09356727168284484,0.16149070309726166,0.13677810915784705,0.3151309287667696,0.04120271840298173,0.09736422540450995,0.10110655374941846,40193373.994479656,1.7548922813615828,4.845875513521723,-0.07881766178592109,-0.07881766178592109,-0.07881766178592109,-0.1022094797066323,0.03973703731709096,0.45665878548930544,-0.07881766178592109,57.32893157262905,82.85714285714286,56.39855942376951,25.948379351740698,58.81782713085234,2032,新鋼,TWSE,18700.000762939453
6218.TWO,60.79999923706055,487,-0.017770634276292774,-0.1019202071228571,0.36475870433869373,0.661202234203661,0.5916229848887062,2.0629721948931676,0.07136562532265289,0.4037247881295687,0.5073912875941071,323640747.246826,0.6195952562641812,3.7416003486892393,-0.1019202071228571,-0.1019202071228571,-0.1019202071228571,-0.1089603103609662,0.14435795960414008,0.9274672723802184,-0.21744967467032827,82.50300120048018,42.67106842737095,46.29051620648259,39.06962785114045,58.7875150060024,6218,豪勉,TPEx,60799.99923706055
2313.TW,246.0,487,0.08609271523178808,0.10810810810810811,0.02499999999999991,0.04680851063829783,-0.04441274009181351,2.1569593835003635,0.07953922106417988,0.12217745001140434,0.051077778747113056,5622924615.125,1.8777154061551562,0.7053459433582366,-0.023809523809523836,-0.023809523809523836,-0.1676626030699182,0.0798427152317881,0.009397163120567301,0.48709054074156316,-0.3790322580645161,49.69387755102041,62.418967587034814,65.47418967587035,67.44897959183675,58.69447779111645,2313,華通,TWSE,246000.0
8074.TWO,58.0,487,0.12403104099099327,0.1394891603394406,0.06422018348623859,-0.07199999999999995,-0.1578693635491938,0.9964798478907713,0.11399213420627485,0.07410722755511912,-0.09510139655333849,32860249.137472726,5.412888773841748,1.1946593909871475,-0.07199999999999995,-0.07199999999999995,-0.3668122165265515,0.10797599511943362,0.08822018348623857,0.46226770415001106,-0.2682926829268293,45.97238895558224,85.55222088835534,33.08523409363745,81.92076830732293,58.682172869147664,8074,鉅橡,TPEx,58000.0
2395.TW,733.0,487,0.009641873278236845,0.0382436260623229,0.07794117647058818,0.3969484233505134,1.109195442673025,1.3038903599243579,0.04661954736917262,0.12649411543925337,0.3262906199116864,1752681351.55,0.6934069117306941,0.7472160592263327,-0.009459459459459474,-0.009459459459459474,-0.009459459459459474,-0.0098434208394102,-0.05437496464624961,0.2659681827005307,-0.08833333333333337,74.4717887154862,27.71908763505402,89.19567827130854,26.956782713085236,58.60114045618247,2395,研華,TWSE,733000.0
2883.TW,38.5,487,-0.009008970086684442,-0.048207681734484864,0.04194855764699157,0.291946341801236,0.8838678246391292,1.6386624124929696,0.0029959609675327403,0.1395027598578189,0.3227673895982708,1815437646.7212899,1.2593379086421679,1.041398949308132,-0.048207681734484864,-0.048207681734484864,-0.048207681734484864,-0.019496109498432335,-0.05536688962008711,0.3163141011015521,-0.08776264944630308,64.41176470588235,60.04801920768307,71.83673469387755,23.031212484993997,58.59873949579832,2883,凱基金,TWSE,38500.0
6805.TW,2455.0,487,0.0,0.016563146997929712,0.08388520971302427,0.7533104683167013,0.30114088947248296,1.5407684591053954,0.05716438798578971,0.28015565096866624,0.31887767007983925,3552150378.75,1.393921781490058,0.805352542329707,-0.05576923076923079,-0.05576923076923079,-0.05576923076923079,-0.020971302428256067,-0.16721827972587616,0.689359468698357,-0.15463917090289625,70.88535414165666,56.734693877551024,67.40696278511405,16.626650660264108,58.51320528211284,6805,富世達,TWSE,2455000.0
6432.TWO,66.19999694824219,487,0.0425196369801919,0.07817581926834616,0.07467530175432735,-0.08903511884689475,0.6996990108621908,1.4020789123525668,0.10915635970580206,0.010895652028182656,0.05322683537470274,64592805.402396776,4.016210286916188,1.1747329903852577,-0.13925503456434796,-0.13925503456434796,-0.2274095886707902,0.023850811541610062,0.10435367470329227,0.7209299765005972,-0.32128565069925763,54.195678271308516,83.70348139255702,25.762304921968788,70.76230492196879,58.37094837935174,6432,今展科,TPEx,66199.99694824219
6526.TW,786.0,487,-0.06428571428571428,0.08563535911602216,0.22049689440993792,0.15249266862170097,0.5939928990965682,0.4875294971612609,0.06873342851315511,0.2230924840500026,0.22036182340716604,1140782012.7,0.7088816349090713,3.049329795175009,-0.0665083135391924,-0.0665083135391924,-0.0665083135391924,-0.11940993788819876,0.16966600486937092,0.635091413048679,-0.23684210526315785,69.95198079231692,48.0672268907563,61.63265306122449,40.25810324129652,58.36284513805522,6526,達發,TWSE,786000.0
7827.TW,165.5,317,0.003030303030302939,0.021604938271605034,0.07467532467532467,-0.032163742690058506,0.1453287197231834,1.1272492738836815,0.040716868416915464,0.058522545570834694,0.07275968238535069,38983277.775,1.8310124091293323,1.0320073854132945,-0.032163742690058506,-0.032163742690058506,-0.10540540540540544,-0.01563852813852823,0.08539657223867751,0.31408103982507957,-0.17404129793510326,49.129651860744296,70.29411764705883,69.72388955582232,47.60504201680672,58.3109243697479,7827,漢康-KY創,TWSE,165500.0
5864.TWO,39.400001525878906,487,0.0051020601797675535,0.07503410328805038,0.05771816176856115,0.05206944521264667,0.7531228188812575,2.173215090820972,0.06978011424101682,0.1456819267322611,0.13707582106523342,114232085.9973133,1.1449162191713351,1.050429148124821,-0.01005019394093798,-0.01005019394093798,-0.17413527663839223,-0.009327480262372734,0.04036168003101226,0.3900652677930645,-0.23448275862068968,59.48979591836734,56.17046818727492,69.5798319327731,43.47539015606243,58.27581032412966,5864,致和證,TPEx,39400.001525878906
6133.TW,26.950000762939453,487,-0.08952701298575771,-0.037499972752162436,0.13293590879911976,0.17070036399718824,0.22160032701516696,0.633535240540029,0.030395742497419942,0.1844285783158981,0.19779227663603116,171657963.26996574,1.211473038846279,7.768816179308592,-0.08952701298575771,-0.08952701298575771,-0.08952701298575771,-0.12276099018553766,0.07603578746672368,0.7006730792509519,-0.18843687350685934,62.92316926770709,72.4249699879952,51.62064825930372,30.8343337334934,58.2247899159664,6133,金橋,TWSE,26950.000762939453
5288.TW,189.0,487,0.02997275204359684,-0.0052631578947368585,-0.010471204188481686,0.05468257864838755,0.21517783238825627,0.7468180162382676,0.01381252514415987,0.01103698627148142,0.0768893233860739,24932060.575,1.394040678048803,1.4016007310920584,-0.04303797468354431,-0.04303797468354431,-0.04303797468354431,0.03259055309071726,-0.028698730404610868,0.21847548731522426,-0.08607594936708862,46.170468187274906,68.70348139255702,73.9735894357743,51.72869147659064,58.198079231692674,5288,豐祥-KY,TWSE,189000.0
2483.TW,38.849998474121094,487,0.08671324403135916,0.18445120054224518,0.1754916602405463,-0.3651961112777098,0.7382549356165307,0.8992285445958961,0.1525624479993568,0.06104052302891061,0.08403474653639731,55334246.46445465,6.6882686314826945,1.1673496261102145,-0.3651961112777098,-0.3651961112777098,-0.4442060425458252,0.042840328971222585,0.2972236973331162,0.6207737201658273,-0.4537204861156785,58.33733493397358,86.30252100840336,1.8007202881152464,85.75630252100841,58.13415366146458,2483,百容,TWSE,38849.998474121094
2308.TW,1990.0,487,0.05291005291005302,0.06133333333333324,0.07567567567567557,0.05291005291005302,0.08423079117865329,1.2055189383905338,0.09160724081184868,0.11667056347907412,0.020917074122386747,20092802239.75,0.9231937861735111,1.1259063614926894,-0.029268292682926855,-0.029268292682926855,-0.20618817640085285,0.033991133991134126,0.05803899137232456,0.554421787012554,-0.21522309711286092,59.08163265306123,49.3937575030012,60.02400960384154,67.25690276110444,58.07442977190877,2308,台達電,TWSE,1990000.0
6205.TW,71.9000015258789,487,0.008415125504069643,0.027142878941127213,0.102760811215304,0.048105001824493065,0.07421911155145433,0.6998084213960916,0.06589581524143173,0.1255185580756879,0.0024320994530460105,116216327.51611729,1.1115896919717905,2.755371779499282,-0.02442327675572875,-0.02442327675572875,-0.2539537003839526,-0.01727507729975636,0.08672581060713964,0.6160926053198117,-0.24626865671641796,57.695078031212475,65.43217286914766,57.38295318127251,47.118847539015604,57.98049219687875,6205,詮欣,TWSE,71900.0015258789
2850.TW,163.5,487,0.0030674846625766694,0.01869158878504673,0.04140127388535042,0.12758620689655165,0.38109458251097594,0.501714266013358,0.029759093056211494,0.035520135113738194,0.1222414963215761,43191542.875,0.9685609288383261,1.1415002042453462,-0.029673590504451064,-0.029673590504451064,-0.029673590504451064,-0.007282833808760936,-0.0011274617468334594,0.2179255393877193,-0.0771513353115727,58.45738295318127,51.626650660264104,80.09603841536615,37.454981992797116,57.92707082833134,2850,新產,TWSE,163500.0
4768.TWO,363.0,487,-0.044736842105263186,0.14330708661417324,0.19801980198019797,0.05861571311500513,-0.22869121079133437,1.002476584108532,0.10050022737608,0.1645123812125322,-0.01933169395533596,269099563.525,2.0608894606107464,2.311225603744555,-0.044736842105263186,-0.044736842105263186,-0.31327715978976833,-0.09424179260031268,0.17848123094186294,0.595779011881277,-0.2303120366898701,53.35534213685474,83.42737094837935,46.24249699879952,42.78511404561824,57.86524609843938,4768,晶呈科技,TPEx,363000.0
6499.TWO,79.5,487,0.023166063352059618,0.058588570110226,0.08904109589041087,0.1389684315779971,-0.05805688906743034,-0.1596194367619559,0.06646992186546119,0.1689457458957062,0.07520822519499704,20720226.545682527,1.244879623368818,0.5982207318727254,-0.0037594365950491815,-0.0037594365950491815,-0.16227609355390138,0.0009057893794569005,0.042718285364411836,0.26137395753397613,-0.20285715375627789,60.73229291716687,46.650660264105646,72.24489795918367,49.51980792316927,57.832533013205285,6499,益安,TPEx,79500.0
8091.TWO,233.5,487,0.07603686635944706,0.08352668213457082,0.07852193995381063,-0.1585585585585586,0.3304662848804232,1.0385255758917586,0.07368663064720082,0.03349070522277953,0.007872978541457076,95267442.275,3.1813206414362654,1.5254770410558023,-0.18923611111111116,-0.18923611111111116,-0.20847457627118648,0.05640638137099441,0.1313747928066635,0.4252921626324482,-0.328125,50.37214885954381,85.06002400960385,21.440576230492198,80.75030012004802,57.814525810324135,8091,翔名,TPEx,233500.0
2104.TW,11.300000190734863,487,0.013452966577263581,0.06603771547865533,0.12437810709221475,0.07109004610811853,-0.017391287762185792,0.05116280844045229,0.04629630933736739,0.08254831912823013,0.080977686094861,51499761.53651609,0.6807427053680493,1.5863385134724999,-0.030042870322391058,-0.030042870322391058,-0.030042870322391058,-0.017641560195790107,0.10068142505617524,0.5398618853487984,-0.14054057351393923,60.150060024009605,41.71068427370949,79.78391356542618,49.08163265306123,57.80672268907564,2104,國際中橡,TWSE,11300.000190734863
2412.TW,145.5,487,0.013937282229965264,0.006920415224913601,0.05434782608695654,0.0898876404494382,0.10720621406408526,0.13208735301722951,0.012526096033403045,0.04413347685683533,0.06330818286249729,1621731878.5,0.7069345178282916,1.276659843790404,-0.003424657534246589,-0.003424657534246589,-0.003424657534246589,0.0003503257082261291,0.02438527927047714,0.0968965498011734,-0.04255319148936165,55.540216086434576,40.72629051620648,90.92436974789916,46.05642256902762,57.49099639855943,2412,中華電,TWSE,145500.0
2363.TW,60.70000076293945,487,0.02707279746409763,0.028813572253211017,0.15619049072265634,-0.06220658854148253,0.15244782543669966,0.02375782963204487,0.07824852804574478,0.12454617310193905,0.05094412155502637,575584479.7880871,1.1149548008599828,2.595394699134072,-0.06220658854148253,-0.06220658854148253,-0.192832208590762,-0.011974825216566454,0.17692602023648385,0.4872158488840638,-0.31076926896096924,56.506602641056425,65.4141656662665,49.17166866746699,57.78511404561825,57.45828331332533,2363,矽統,TWSE,60700.00076293945
1904.TW,25.25,487,0.026422748311007993,0.028513270252275014,0.03271980417575948,0.15296805661289548,0.3625214465608826,0.4548956981668888,0.02454859473525195,0.06055302906744453,0.15102327816540728,38422646.257381245,0.999022316415684,0.5398179025656746,-0.01941747572815533,-0.01941747572815533,-0.01941747572815533,0.018242797267068123,-0.018269548028539008,0.29676523821868517,-0.06796116504854366,60.7563025210084,35.984393757503,84.53781512605042,48.301320528211285,57.45138055222089,1904,正隆,TWSE,25250.0
3702.TW,120.0,487,0.05263157894736836,0.05263157894736836,0.1428571428571428,0.06144753741774256,0.26465748578343384,0.8902491126297705,0.06524633821571224,0.08712442344549554,0.11067694823782248,852501656.8,0.614314599269826,0.6434041476850977,-0.044697216324031785,-0.044697216324031785,-0.044697216324031785,0.016917293233082664,0.12237463038456194,0.3063968905875684,-0.20709870169624944,68.96158463385355,18.865546218487392,73.34933973589436,69.57983193277312,57.407863145258105,3702,大聯大,TWSE,120000.0
3576.TW,18.600000381469727,487,-0.055837580653250396,0.050847433883432824,0.09090916209779265,0.11377242704962875,0.002695479593836536,1.7312776120050932,0.05711851667053036,0.0644792305652262,0.06873521132685201,345491872.0273514,1.8579885606340008,1.8071829325457354,-0.055837580653250396,-0.055837580653250396,-0.11428569612048922,-0.07856487117769856,0.0529850197479164,0.5537412438716995,-0.195372801817561,52.689075630252105,79.00960384153662,60.21608643457383,29.8859543817527,57.35414165666268,3576,聯合再生,TWSE,18600.000381469727
8131.TW,68.19999694824219,487,0.08945684681503852,0.10534839716253308,0.10177698331282592,-0.10462604850064516,0.12030574608637234,1.244248931820072,0.10490072010112894,0.07701211335160596,0.037308118605827056,149521794.05236453,1.7136845536552248,1.2063170475557055,-0.16009852818450654,-0.16009852818450654,-0.16009852818450654,0.06401260098683204,0.13665233281304098,0.3893834927422759,-0.3706896503125139,52.32292917166867,71.4765906362545,30.252100840336134,82.56902761104442,57.23409363745498,8131,福懋科,TWSE,68199.99694824219
4707.TWO,32.599998474121094,487,0.07413502683265571,0.12027484696804658,0.151943440034777,-0.12333440703803167,1.3623828572802847,2.3663959322276926,0.13361726491326187,0.0630435420051707,0.2891064818140565,101458332.59221096,2.7078320989148263,0.7515489631497667,-0.25191206417494094,-0.25191206417494094,-0.25191206417494094,0.036149166823961465,0.19305490904745423,0.5533729739704614,-0.48444446253556983,62.280912364945976,69.31572629051621,13.9015606242497,81.27851140456184,57.21338535414166,4707,磐亞,TPEx,32599.998474121094
3580.TWO,103.5,487,-0.06334841628959276,0.029850746268656803,0.19239627144119087,0.11650489112516205,0.28047445115958114,0.5536424259721007,0.060939983403652365,0.2008353651485706,0.1386852248673316,125044292.5883648,0.775886586958828,3.9625617454563424,-0.06756756756756754,-0.06756756756756754,-0.07193925976256177,-0.11144748414989047,0.15356130773280352,0.5286891924179352,-0.281045775534577,64.3937575030012,52.99519807923169,60.79231692677071,39.693877551020414,57.11884753901561,3580,友威科,TPEx,103500.0
7792.TWO,406.5,437,-0.041273584905660354,0.1816860465116279,0.2925278219395866,0.6902286902286903,0.17323198821993424,0.9239928342410899,0.09724002969161205,0.4118668596237336,0.42589794605399045,357439027.6,0.9361270573475131,1.4702749329318139,-0.09966777408637872,-0.09966777408637872,-0.09966777408637872,-0.114405540390557,0.0624515918633565,0.7549160148554306,-0.23027718550106613,74.53181272509003,53.84153661464586,46.98679471788715,29.135654261704683,57.04081632653061,7792,安葆,TPEx,406500.0
1440.TW,13.949999809265137,487,0.02197803656548114,0.04104479152180662,0.03333331920482485,0.06878279932802656,0.05300744862267326,0.030198572419597447,0.04007455049054065,0.05103949541238517,0.07605578337192775,38389224.01661992,1.13601131893958,1.0272197237470746,-0.01760563403929638,-0.01760563403929638,-0.08536854539706551,0.013644706764274928,0.010405719428816,0.2779031409540581,-0.09328358474513909,50.78631452581032,54.90396158463385,76.8547418967587,50.61824729891957,57.00420168067227,1440,南紡,TWSE,13949.999809265137
6148.TWO,37.099998474121094,487,-0.02624672021126817,-0.0725000381469727,0.3040420906578536,0.18719995117187493,0.11746980787829187,-0.19426894938609196,0.03141503444214577,0.20321067752500044,0.18264283447726992,158356448.43652534,0.5402443200785172,31.70440711609407,-0.0725000381469727,-0.0725000381469727,-0.0725000381469727,-0.10225724287573157,0.2416421069338953,0.7752310634837983,-0.18578351722967446,69.87394957983193,41.86674669867947,59.15966386554622,44.57382953181273,56.93427370948379,6148,驊宏資,TPEx,37099.998474121094
3021.TW,27.950000762939453,487,-0.017574691971584344,0.06476193382626483,0.09823182416719312,0.12249000767612084,0.709480129102418,0.6277875758791271,0.06577695175056752,0.22181344362514177,0.19357309775880083,32640712.495379258,1.1400328883907656,4.264754155233194,-0.05574322963736211,-0.05574322963736211,-0.30124998092651367,-0.04213264801338262,0.05740182160848617,0.8109241605035942,-0.2204081476951132,65.09003601440575,68.38535414165665,42.52100840336135,35.01800720288115,56.889255702280906,3021,鴻名,TWSE,27950.000762939453
3008.TW,6845.0,487,0.1513877207737595,0.06953125000000004,0.02777777777777768,0.589763322071164,1.449475898970931,1.990651334555246,0.07284197327690922,0.24441953495423885,0.5056915482292155,12205213678.75,1.0361593025248728,0.7721436932743383,-0.12355953905249684,-0.12355953905249684,-0.12355953905249684,0.14444327632931508,-0.16880999624594364,0.64002519383004,-0.23879641485275294,74.70588235294117,44.039615846338535,39.06362545018007,54.4717887154862,56.875750300120046,3008,大立光,TWSE,6845000.0
2890.TW,44.650001525878906,487,0.016719051417897646,-0.02297591290002876,0.048122139088881966,0.16502151482567617,0.40642227718536983,0.9076929144972032,0.0052388149325661715,0.08454894131883495,0.2145400939597275,1103249418.764793,0.7079321272553214,1.0128623299091661,-0.028291604254097158,-0.028291604254097158,-0.028291604254097158,0.004688516645677154,-0.006885032519676759,0.2543191745002711,-0.05722950704398988,63.02521008403361,35.88835534213685,80.79231692677071,43.07322929171669,56.80162064825931,2890,永豐金,TWSE,44650.001525878906
2851.TW,47.75,487,0.011652526020558884,-0.008307404220203818,0.06229141689735185,0.25492775183794714,0.7118287134127603,1.1236703494848679,0.021226535364446297,0.1435071488320152,0.2724540770239121,120964567.24036674,0.7036952379348762,0.5568621939822815,-0.008307404220203818,-0.008307404220203818,-0.008307404220203818,-0.003920328203779078,-0.02268450038196386,0.25559045200041763,-0.11688311688311692,69.3937575030012,22.629051620648262,89.55582232893158,35.42617046818728,56.639855942376954,2851,中再保,TWSE,47750.0
6271.TW,241.5,487,0.0662251655629138,0.050000000000000044,0.03870967741935494,0.02330508474576276,0.32192952446116996,0.9882679589679437,0.05631492618917444,0.15924636985479435,0.1281545903580179,774465388.825,0.9096294894710736,0.6670611402746893,0.012578616352201255,0.012578616352201255,-0.16000000000000003,0.05654774620807507,0.03094131583743402,0.27298445824812834,-0.3392461197339246,55.45018007202881,35.96638655462185,76.39855942376951,66.87875150060023,56.483193277310924,6271,同欣電,TWSE,241500.0
4904.TW,106.0,487,0.024154589371980784,0.0,0.03921568627450989,0.10301770742009841,0.14896425910351296,0.28737753767838004,0.006408734868264876,0.02723132061126221,0.06219966805865362,468224386.8,0.8381285398029724,0.8209476020218635,-0.013953488372092981,-0.013953488372092981,-0.021593056859033344,0.014350667803353312,0.004876450467810413,0.15453805392886835,-0.07906976744186045,55.732292917166866,37.47298919567827,86.57863145258104,49.68787515006003,56.43007202881153,4904,遠傳,TWSE,106000.0
2880.TW,46.900001525878906,487,0.03417867924829854,0.005359056630712233,0.05749725229969904,0.2541746812985213,0.3605788762107185,0.6722329083980285,0.021452718389289638,0.11095196644283467,0.23950973277781662,594368845.2222258,0.6940507441739655,0.4900405517607096,-0.02087682605729624,-0.02087682605729624,-0.02087682605729624,0.019804366173373777,-0.027227641466474717,0.23847210867311358,-0.08862201662707814,68.25330132052821,20.108043217286916,83.91356542617046,47.484993997599034,56.23379351740696,2880,華南金,TWSE,46900.001525878906
2885.TW,70.0,487,0.021897810218978186,-0.005681839733083893,-0.0028489595005202206,0.097286753564223,0.47819887689597307,1.1321388140642465,0.009955275632764993,0.06517332584424618,0.14941444628233191,1310745873.862392,0.891043236991608,0.8074690461840164,-0.011299477645120626,-0.011299477645120626,-0.011299477645120626,0.02261005009410824,-0.03527787735526122,0.2175124043140257,-0.07340035028223502,53.32533013205281,39.06362545018007,88.61944777911164,47.36494597839136,55.92466986794718,2885,元大金,TWSE,70000.0
6245.TWO,87.30000305175781,487,-0.00569476062210672,-0.01244342143816679,0.10088271995120257,0.13448681129955253,0.16036857714073327,0.09121673685495435,0.021291562237767403,0.08436297434527673,0.09350652458568409,84328305.48434219,0.5268016987339038,1.6726669108873318,-0.020201969171594114,-0.020201969171594114,-0.020201969171594114,-0.030915440609907363,0.05605378285135173,0.3425202543950892,-0.13192004119473788,62.13085234093638,33.78151260504201,84.34573829531813,37.46698679471788,55.78691476590637,6245,立端,TPEx,87300.00305175781
6426.TW,347.5,487,0.007246376811594235,-0.07085561497326198,0.1739864864864864,0.9128830258106697,0.685930879214742,3.79538186425751,0.007684500507467051,0.36842035867262024,0.4416768748758704,1324255355.525,0.8199842456150302,1.6907179518551612,-0.11238825031928479,-0.11238825031928479,-0.11238825031928479,-0.036250244810027366,-0.13030785545040352,0.8542575845004431,-0.23611109813595066,82.1548619447779,49.939975990396164,42.35294117647059,12.731092436974793,55.72719087635054,6426,統新,TWSE,347500.0
3653.TW,6805.0,487,0.0007352941176470562,0.1753022452504318,0.20335985853227223,1.1431147718581784,0.5632995052770153,1.9835520407470781,0.10180125480671931,0.3475310108298093,0.523290263021793,7084249001.25,0.72368657626053,0.8345574975917827,-0.05551700208188759,-0.05551700208188759,-0.05551700208188759,-0.050104670515421,-0.17767839875378727,0.6673590264857024,-0.1549865229110512,81.84873949579831,32.0048019207683,67.82713085234093,8.49939975990396,55.58103241296518,3653,健策,TWSE,6805000.0
6706.TW,154.0,487,0.026666666666666616,-0.060975609756097615,0.24696356275303644,0.17557251908396942,0.04761904761904767,0.9543146451256981,0.058783086971467835,0.22800489050638095,0.06415446353924814,1075079674.75,0.5836940230725408,4.300775987055242,-0.060975609756097615,-0.060975609756097615,-0.2886836027713626,-0.03507422402159249,0.18843938972504662,0.7859560754691647,-0.311284046692607,73.28031212484994,41.98679471788715,40.984393757503,50.49219687875151,55.579531812725094,6706,惠特,TWSE,154000.0
6901.TW,17.149999618530273,487,0.01780410862129478,0.10645158829227563,0.1471571797547251,-0.08533335367838546,0.15878374307498744,-0.11369512762626377,0.07523508580127114,0.03630593414519967,0.0743089581384857,32001345.845250558,2.438428130158627,1.0125793173704645,-0.10909092890751826,-0.10909092890751826,-0.1852731477378844,-0.018985186317386493,0.17560163098085357,0.47570916649676687,-0.23376623376623373,53.41536614645858,75.33013205282111,35.342136854741895,55.0360144057623,55.52250900360143,6901,鑽石投資,TWSE,17149.999618530273
2006.TW,85.9000015258789,487,0.005854800832157947,0.004678380419636419,0.06311879061259695,0.22364679857767222,0.20985917642082974,0.5340820062082232,0.01819476525235242,0.06610956515642274,0.15834543584183702,140762095.81829566,0.7622014571953084,0.9007442145798364,-0.02937851383187673,-0.02937851383187673,-0.02937851383187673,-0.009924896820991291,-0.011430142246627126,0.3154104385500478,-0.096045197740113,63.36734693877551,36.032412965186076,80.40816326530611,33.7515006002401,55.499399759903966,2006,東和鋼鐵,TWSE,85900.0015258789
3467.TWO,71.19999694824219,487,-0.03392130398262694,-0.08010341673654531,0.40990092966816216,0.2646536041402543,0.20893312334489167,0.5611006445671807,0.009785807614872022,0.2806906617335725,0.1899206745880111,64223581.00907211,0.7759587205156808,13.637678782260044,-0.1768786479972001,-0.1768786479972001,-0.1768786479972001,-0.13639653639966748,0.32168306162141075,0.80563539653166,-0.20257827172292742,74.18967587034814,55.38415366146458,25.858343337334933,44.69987995198078,55.398559423769505,3467,台灣精材,TPEx,71199.99694824219
1609.TW,39.0,487,0.006451612903225712,0.02766796352968548,0.048387075272691815,-0.027431384438355688,0.15128593807484103,-0.004527214944414881,0.02557360937079256,0.04728445300795392,0.06506699161898588,121527861.99907112,1.3960846227786408,0.9931753642056752,-0.027431384438355688,-0.027431384438355688,-0.10857142857142854,-0.005645155914947242,0.05753087008547705,0.13952624245766412,-0.1719745222929936,45.9483793517407,62.310924369747895,70.82833133253301,48.21128451380552,55.354441776710686,1609,大亞,TWSE,39000.0
2327.TW,647.0,487,0.18065693430656937,0.16157989228007175,0.09847198641765709,-0.20710784313725494,1.0050534669361268,2.6506575167606745,0.13032844164919632,0.09814571222472113,0.012807232659080903,23808573432.45,2.0581826852885223,0.8652647787716596,-0.20710784313725494,-0.20710784313725494,-0.4324561403508772,0.1560389377021551,0.16750793413007542,0.5391442040122802,-0.4279448621553885,57.35294117647059,68.9015606242497,7.058823529411765,91.79471788715486,55.347539015606245,2327,國巨*,TWSE,647000.0
2355.TW,44.599998474121094,487,0.06698562890350535,0.07990313070270694,0.056871982649093766,-0.0688313718718887,-0.11826605017705005,0.22449915349517724,0.06304370773410528,0.0650099447334549,-0.07173306234222165,82962974.46895714,3.308850330018127,0.9576908185494561,-0.0688313718718887,-0.0688313718718887,-0.31830123010607836,0.052767633241231904,0.07981577327305667,0.26816937157686305,-0.25931562946191433,43.9015606242497,77.07683073229292,36.662665066026406,73.95558223289316,55.255702280912374,2355,敬鵬,TWSE,44599.998474121094
3317.TWO,68.69999694824219,487,0.05368098410768951,0.22241985792900087,0.10450154510569742,-0.24747220531069003,0.35484458734859436,0.40288870892708517,0.12438620209889018,0.02919407962842846,-0.04194321471639206,199816630.0798189,2.107526104360661,4.448260215597721,-0.24747220531069003,-0.24747220531069003,-0.34376724910554257,0.027555597831265155,0.18699228020926079,0.7371173954356658,-0.4087561714770336,50.576230492196885,87.13685474189676,7.44297719087635,78.31332533013206,55.25030012004802,3317,尼克森,TPEx,68699.99694824219
4991.TWO,518.0,487,0.061475409836065475,0.04016064257028118,0.04858299595141702,0.14983351831298553,-0.13666666666666671,2.0741839762611276,0.08646636253998219,0.12674013921113692,-0.0500496676090777,2225703946.4,1.5151213430634969,0.845852979240578,-0.047794117647058876,-0.047794117647058876,-0.4045977011494253,0.04932966084821122,-0.0013615101529114923,0.7660184594531178,-0.2637614678899083,56.61464585834334,60.12004801920768,41.272509003601435,60.150060024009605,54.95288115246099,4991,環宇-KY,TPEx,518000.0
1216.TW,75.5,487,0.017520257482821933,0.010709545976449242,0.003989402445910839,0.00015240901242608018,0.07550645367820485,-0.00112001253251226,0.011251016954566762,0.0020256335023429717,0.03245275376327972,699942961.9847008,1.5445766272463028,0.8652949937255027,-0.03452681654232315,-0.03452681654232315,-0.03452681654232315,0.016522906871344223,0.003938599441768813,0.172640048470772,-0.07033248356314203,40.93037214885955,61.37454981992797,77.67106842737095,50.858343337334944,54.878751500600245,1216,統一,TWSE,75500.0
5876.TW,49.5,487,0.0071210267193340115,0.0050761421319796,0.05431308190890216,0.1779537812025087,0.3083437042277053,0.238253762604399,0.009071440211817938,0.08773796700032332,0.1739199377039693,321182557.1368097,0.6420380742989757,0.8293384116177152,-0.009009024145467781,-0.009009024145467781,-0.009009024145467781,-0.006457243757891529,-0.0050048451586007445,0.22888041765330855,-0.07040705630853972,62.44297719087635,25.82833133253301,89.31572629051621,36.998799519807925,54.84723889555822,5876,上海商銀,TWSE,49500.0
2882.TW,113.0,487,0.018018018018018056,0.0,-0.013100436681222738,0.16856260151158264,0.5773008775765487,0.7732684421936078,0.013225734140327239,0.08349980023971226,0.18220879817075475,2140958482.95,0.8192263316504464,0.8568329019040808,-0.017391304347826098,-0.017391304347826098,-0.017391304347826098,0.02129312718832374,-0.06928797051841695,0.2092059844837973,-0.044670066252577745,54.73589435774309,37.76110444177671,85.45018007202881,42.3109243697479,54.77130852340937,2882,國泰金,TWSE,113000.0
6005.TW,32.54999923706055,487,0.0156006243963287,0.009302301924358103,-0.004587202519240052,0.05554392733500246,0.3326242381397895,0.5579740390823336,0.017346437145331794,0.05257539651900012,0.060925634916071836,219100572.8395176,1.1562098746098177,1.1515436644101815,-0.01363638675574097,-0.01363638675574097,-0.17173193108924967,0.016747425026138713,-0.023101844964240874,0.24372082594528727,-0.08005618262189618,47.88715486194478,58.70348139255702,69.07563025210084,46.23649459783913,54.58133253301321,6005,群益證,TWSE,32549.999237060547
1608.TW,37.04999923706055,487,0.022068944470635676,0.03347282605341517,0.02773925162727786,0.17668385191869196,0.18196038310011087,0.3135074982677475,0.027667964115192234,0.07164246493307913,0.1163120597142504,64547836.53102188,1.0868502239339473,0.3477555124606938,-0.030104751385099604,-0.030104751385099604,-0.030104751385099604,0.015134131563816211,-0.031155365678952794,0.20766656018466914,-0.1428099270419455,58.037214885954384,35.38415366146459,79.66386554621849,43.571428571428584,54.529411764705884,1608,華榮,TWSE,37049.99923706055
2376.TW,365.5,487,0.019525801952580135,-0.006793478260869512,0.00274348422496562,0.12970540248718665,0.34881207678947534,0.34881207678947534,0.01351819757365691,0.04699755126598215,0.10130631326205641,2169773484.45,1.6853566689973494,0.7465938322229854,-0.08050314465408803,-0.08050314465408803,-0.08050314465408803,0.01883993089633873,-0.04049164993742993,0.31863336876887793,-0.14591194968553456,54.09363745498199,59.74789915966387,55.72629051620649,45.10804321728692,54.485894357743106,2376,技嘉,TWSE,365500.0
3293.TWO,780.0,487,-0.010152284263959421,0.07734806629834257,0.09859154929577474,0.06995884773662553,0.06543767122259814,0.013948101997171891,0.0514254903282334,0.05810535835405828,0.06576446566279404,1425872198.1,1.2226068973415023,0.5430136208412958,-0.041769041769041726,-0.041769041769041726,-0.041769041769041726,-0.034800171587903106,0.07527193338356623,0.2752982054312715,-0.13805970149253732,55.906362545018,44.657863145258105,74.66986794717887,40.03601440576231,54.46638655462185,3293,鈊象,TPEx,780000.0
3490.TWO,45.650001525878906,487,0.029312358432580066,0.009955768923535446,-0.010834235828131478,0.4773463459366283,0.5968563203156436,0.9248412898003973,0.020168762088257575,0.15280207709371285,0.25630987378846304,228221144.94122696,2.5697568835649016,0.8505009443627798,-0.16391936260738615,-0.16391936260738615,-0.16391936260738615,0.032020917389612935,-0.16994968447367423,0.6966939766336543,-0.25183150886931116,61.12845138055222,71.56662665066025,29.07563025210084,41.554621848739494,54.391356542617046,3490,單井,TPEx,45650.001525878906
2504.TW,31.549999237060547,487,0.02936377258504619,0.01446941640100241,0.007987220641973325,0.011217899537260045,-0.05326628644584186,-0.058511306775778316,0.017331699607605167,0.012110009232491281,-0.013744245350312267,42800808.063949205,1.2635131600641227,0.9158271023608395,-0.017133933433173043,-0.017133933433173043,-0.08635111370884885,0.027366967424552857,0.004247920796219976,0.1792010042232685,-0.049844191594308196,40.588235294117645,57.17286914765906,76.97478991596638,55.60024009603842,54.26350540216086,2504,國產,TWSE,31549.999237060547
6139.TW,787.0,487,0.041005291005290934,0.09610027855153214,0.06495263870094714,-0.08128259260235648,0.21259707602740652,1.2819337262382042,0.0619349615436513,0.04434625558777605,0.04054870888924311,1812493343.8,1.3384172796553782,1.0676757065990916,-0.09360057462012894,-0.09360057462012894,-0.15054711880758076,0.02476713133005415,0.09204683623506597,0.38885971349284315,-0.2815642146288848,48.57142857142858,62.97719087635054,43.721488595438174,68.96158463385355,54.26140456182473,6139,亞翔,TWSE,787000.0
2301.TW,300.0,487,0.07334525939177095,0.03986135181975747,0.0033444816053511683,0.36381769620885906,0.8805436596932199,0.6614904247200109,0.05134045908533369,0.14098996937782404,0.2781604620598699,4398166616.4,0.8184156835468525,0.43254749549372407,-0.055118110236220486,-0.055118110236220486,-0.055118110236220486,0.07250913899043315,-0.11792808379760185,0.3421367811458195,-0.1513761231342612,66.5186074429772,25.210084033613445,68.1392557022809,50.61224489795919,54.1296518607443,2301,光寶科,TWSE,300000.0
8438.TW,81.69999694824219,487,0.011138537902131818,0.18405792678611865,0.18922853824570107,-0.09709480663803294,-0.03169743581953299,1.7491442123493224,0.10315956139037219,0.16359661560507344,0.022525537047920263,33478391.381259155,1.7519177604208604,1.991450578680358,-0.09709480663803294,-0.09709480663803294,-0.22172111512552373,-0.03616859665929345,0.22159347379171204,0.4354766759906451,-0.4078212795303362,50.01200480192077,78.12725090036014,34.64585834333734,51.068427370948385,54.12605042016807,8438,昶昕,TWSE,81699.99694824219
7795.TW,545.0,444,0.11680327868852469,0.12603305785123964,0.01679104477611948,-0.0126811594202898,0.3868291857118673,1.341015086214242,0.06403748535728226,0.10297837892535489,0.18204405100693077,655657435.425,1.14486766132977,0.9592109590474908,-0.07939189189189189,-0.07939189189189189,-0.18168168168168164,0.11260551749449482,0.021018097916216078,0.5523772674147539,-0.43918918918918914,52.220888355342126,53.865546218487395,44.75390156062425,72.02280912364947,54.10894357743096,7795,長廣,TWSE,545000.0
8081.TW,262.5,487,0.04373757455268379,0.0479041916167664,0.03754940711462451,-0.05063291139240511,0.16561879863859374,0.19068588952919407,0.0400158478605388,0.03261760367152933,0.00728085753706309,81159966.15,1.7573017722178543,0.6474392359837481,-0.05063291139240511,-0.05063291139240511,-0.18981481481481477,0.03435022277402766,0.054427044245426215,0.16269122785870535,-0.12121212121212122,46.260504201680675,58.59543817527011,54.45378151260503,66.35054021608644,53.99639855942377,8081,致新,TWSE,262500.0
6175.TWO,77.0,487,0.0937499762936076,0.07843134950202169,0.0664820395380179,-0.22719064176167758,0.2352779650932837,0.9415877530353469,0.07714905454794563,0.011632104691743805,-0.061167907690021894,92960579.93595695,5.940305662831922,1.1121574708812465,-0.28690772530809094,-0.28690772530809094,-0.3266939901738113,0.07712946640910312,0.14221225345857708,0.3667298457604226,-0.3841475809478967,46.560624249699885,84.46578631452581,6.962785114045618,85.31212484993998,53.93007202881152,6175,立敦,TPEx,77000.0
4956.TW,42.79999923706055,487,-0.07956990888041837,-0.08644609111988932,0.21937325064605329,0.22460653226780858,-0.05414366326938014,0.9498860022512796,0.056855351562516976,0.23669634316515475,0.09662746686785528,550566527.4309084,1.0267160234372232,4.13467790987015,-0.09417991032676087,-0.09417991032676087,-0.21755029908411705,-0.1344132215419317,0.14450440655678376,0.910598632907501,-0.27934624367400784,62.509003601440575,63.76950780312124,36.01440576230492,38.0672268907563,53.85894357743098,4956,光鋐,TWSE,42799.99923706055
2485.TW,43.70000076293945,487,0.04796162981794194,0.06845963649387365,0.07371007232834592,-0.11806253409072975,-0.4475347458162512,2.2014653468279533,0.08382938195064082,0.06173191333903105,-0.16924098954519973,234185393.79094887,7.984755687972066,1.6982410055867792,-0.11806253409072975,-0.11806253409072975,-0.4475347458162512,0.02953411173585546,0.11306425035858916,0.49040318394324295,-0.34210528347910263,40.15606242496999,91.57262905162065,17.743097238895558,73.57142857142858,53.53991596638656,2485,兆赫,TWSE,43700.00076293945
6861.TW,270.5,487,-0.1371610845295056,0.09959349593495936,0.45040214477211804,0.028517110266159662,0.8398066237649728,3.4131503130843184,0.07919409535208466,0.23412668238156797,-0.03952561294059065,696726165.7,1.0759321429248752,9.175856921661046,-0.1371610845295056,-0.1371610845295056,-0.41062471395622335,-0.2497616207225351,0.44089644135006484,0.9618468542462385,-0.30400000000000005,66.94477791116448,67.52100840336135,15.918367346938775,44.56182472989195,53.526110444177675,6861,睿生光電,TWSE,270500.0
3689.TWO,118.0,487,0.0678733031674208,0.07762557077625565,0.04424778761061954,0.022993261927615638,-0.09780293535387263,0.2044108399729161,0.06884057971014479,0.08301513353774714,0.02380497669776216,66137639.3,1.0284739331099548,0.4668787481365994,-0.00421940928270037,-0.00421940928270037,-0.13910073923860333,0.05681135626476591,0.03658336696808099,0.25012198408099867,-0.18376067019177544,48.76350540216087,34.89795918367347,75.00600240096038,68.04921968787515,53.438475390156064,3689,湧德,TPEx,118000.0
6690.TWO,178.0,487,0.005649717514124353,-0.013850415512465353,0.09202453987730053,0.07878787878787885,0.10110613640609079,0.037229870641997564,0.008784358175120577,0.06173575902177153,0.07453289636105676,60236426.775,0.44614759891333206,10.841729573947502,-0.05319148936170215,-0.05319148936170215,-0.05319148936170215,-0.01735641745520078,0.06576191361467425,0.49445827826622585,-0.06382978723404253,58.74549819927971,37.73109243697479,69.36374549819928,44.18967587034814,53.43217286914766,6690,安碁資訊,TPEx,178000.0
1102.TW,35.900001525878906,487,0.0027933600823888405,0.018439759599401695,0.024251135729543627,0.10145032362448192,0.08283426645770087,0.037533566153476805,0.013909512440809513,0.05104467232373566,0.07395439257999792,253123543.81277427,0.9436302135481642,0.6661066453350073,-0.0013907993323908352,-0.0013907993323908352,-0.0013907993323908352,-0.0032694238499970663,-0.009565638811950349,0.1333547180041229,-0.04661651840783598,49.41776710684273,37.953181272509,92.31692677070828,37.94117647058823,53.40996398559423,1102,亞泥,TWSE,35900.001525878906
3045.TW,122.5,487,0.025104602510460206,-0.016064257028112428,0.047008547008547064,0.11872146118721472,0.16244118498583937,0.20630689996649965,0.003276003276003303,0.0567177054129826,0.08538451663868196,876030861.5,0.6489947095510525,0.6362799877039735,-0.016064257028112428,-0.016064257028112428,-0.016064257028112428,0.01335246575832344,0.007434726612808827,0.14811521854117718,-0.052631578947368474,58.145258103241304,20.252100840336134,86.60264105642257,49.24969987995198,53.02911164465787,3045,台灣大,TWSE,122500.0
2481.TW,178.5,487,0.03779069767441867,0.0625,0.129746835443038,-0.0703125,0.6604651162790698,1.496866637460867,0.0680628272251309,0.18486558247593754,0.20158865543990467,6097660853.475,0.7366165201583956,1.1095704754801095,-0.0703125,-0.0703125,-0.2153846153846154,0.005353988813659172,0.153184335443038,0.543691898518192,-0.3920454545454546,60.960384153661465,39.43577430972389,44.17767106842737,66.05042016806723,52.986194477791116,2481,強茂,TWSE,178500.0
6016.TWO,24.0,487,-0.012345648003272758,0.014799170702543885,0.08597283193367611,0.04592092971990591,0.5902890958019069,1.1162602427972774,0.030817146624032787,0.11732385352392471,0.09316612951486714,112380106.70569448,0.7893772215091693,1.1689100703388358,-0.014373732073371004,-0.014373732073371004,-0.24461267233388218,-0.033838855986691785,0.07066585536037413,0.3320772391673765,-0.19034209936159985,59.29171668667467,43.85954381752701,61.82472989195678,39.357743097238895,52.950180072028814,6016,康和證,TPEx,24000.0
6202.TW,60.900001525878906,487,0.03924919985746311,0.059130461319633065,0.03220341569286278,-0.12313263139578412,0.15058106449308495,0.4500844595898761,0.055459298542095414,0.05280698613656565,0.03725637590737829,91583130.20802422,3.035724850809441,1.072386428931944,-0.1317900442649449,-0.1317900442649449,-0.16477495611353588,0.031198345934247418,0.07324762615812416,0.3596310463497541,-0.36459801802423053,40.18007202881153,79.02160864345738,33.4453781512605,68.63145258103242,52.81122448979592,6202,盛群,TWSE,60900.001525878906
2468.TW,41.849998474121094,487,-0.0802198137555804,-0.10096672051495059,0.24925368579465945,0.13365976853997497,0.22907487259414983,-0.1683576871412501,-0.0027404052761140774,0.14681785729481467,0.16882970960298027,294579867.3370663,0.6086606983892027,25.63743194058046,-0.10672358938841564,-0.10672358938841564,-0.10672358938841564,-0.14253323520424527,0.2047004296146678,0.8105121043938868,-0.16042783920904335,66.18847539015606,44.98199279711884,44.56182472989196,41.032412965186076,52.788115246098435,2468,華經,TWSE,41849.998474121094
6425.TWO,73.19999694824219,487,-0.07341776014883306,-0.024000040690104196,0.16375191053255467,0.0925372678842118,-0.04990130607909593,0.3179876932024961,0.04765989506672508,0.16619309831691886,0.015215899866043658,111470032.44603844,1.4180643730140923,3.2889936114226175,-0.09963106764410501,-0.09963106764410501,-0.2760711588549084,-0.11435573778197172,0.13290615457115074,0.6801934119530856,-0.27621857889504275,55.52821128451381,75.72629051620648,29.43577430972389,37.953181272509006,52.72298919567827,6425,易發,TPEx,73199.99694824219
2472.TW,243.5,487,0.14051522248243553,0.14319248826291076,0.07743362831858414,-0.27930788335584045,0.38099106389426796,1.6927820250989711,0.1169724770642202,0.04247914016553067,-0.08456634631761861,624132569.325,2.156873106315026,0.9649172570287633,-0.27930788335584045,-0.27930788335584045,-0.4549120342035353,0.1211568154027895,0.1705362561038643,0.4270771781375533,-0.4046920450774011,50.64225690276111,72.64105642256902,3.3133253301320527,90.74429771908763,52.691476590636256,2472,立隆電,TWSE,243500.0
2887.TW,42.150001525878906,487,0.0047675985530886145,-0.03767118127676872,0.025547520455966755,0.22604022684258007,0.7567509987023151,1.504625036820654,-0.010505285270957287,0.09810603012019836,0.29654893802064985,2195168870.084781,0.7791609581605962,0.8181686663460207,-0.05067567393412298,-0.05067567393412298,-0.05067567393412298,-0.0016192815609030742,-0.04979922182489327,0.2618740467674738,-0.0867117602816827,62.2328931572629,34.495798319327726,70.4921968787515,32.334933973589436,52.46578631452581,2887,台新新光金,TWSE,42150.001525878906
6620.TWO,125.0,487,-0.11347517730496459,-0.09090909090909094,0.10619469026548667,0.3873474152821772,0.7381649311009202,0.0766355690453342,-0.06454630495790459,0.23334977180745797,0.3883571904746361,561082079.35,1.1637473762101755,2.4844132984327723,-0.1610738255033557,-0.1610738255033557,-0.1610738255033557,-0.14002384987133626,-0.022921114828572398,0.9953695240786311,-0.22533752741392687,68.76950780312126,66.99879951980792,29.939975990396157,13.343337334933974,52.246998799519815,6620,漢達,TPEx,125000.0
6643.TWO,498.0,487,-0.10270270270270265,0.04184100418410042,0.2116788321167884,0.13371235218754474,0.015041191412241695,0.02757258150591957,0.05766167569289582,0.14006934705338447,0.015959668344920352,495450275.675,1.1122378810662865,3.095268998275823,-0.10270270270270265,-0.10270270270270265,-0.28350030401414583,-0.15562241073189975,0.16710804805427348,0.683408593662573,-0.1572904707233066,60.39615846338536,66.1764705882353,28.0672268907563,39.05162064825931,52.17376950780313,6643,M31,TPEx,498000.0
8936.TWO,53.099998474121094,487,0.009505703697805234,0.013358719997297763,0.05776887783082629,-0.036297641658544544,0.053571366398785125,0.060598240408432424,0.022628765896428593,0.02631830465656604,0.004397759507269283,44282600.20144272,1.3366148993449758,0.8531418636808448,-0.036297641658544544,-0.036297641658544544,-0.18307694655198314,-0.004936515759901339,0.06986809171700781,0.13150977634476818,-0.08743174714658564,45.56422569027611,57.44897959183674,59.747899159663866,50.54021608643457,52.11854741896759,8936,國統,TPEx,53099.998474121094
2338.TW,47.79999923706055,487,0.010570824694818182,-0.02548420019251585,0.23994812407434218,0.02795697284001175,0.03128372838564486,0.15180721053157953,0.0158325218268498,0.12888939094518626,0.0280583003938617,830037157.3116192,0.3987341569207283,15.860696442190216,-0.05719924028085499,-0.05719924028085499,-0.17443872232549207,-0.049416206323767364,0.2306291331276716,0.7195961295175122,-0.31562820269937175,62.382953181272505,36.620648259303714,53.181272509003605,48.82352941176471,52.06812725090036,2338,光罩,TWSE,47799.99923706055
2884.TW,45.75,487,0.020066924336646697,-0.009740276093251343,0.05051666593526094,0.3222543935722568,0.44509008250496507,0.42140015836412537,0.0020808294290757257,0.13072312659347674,0.2637076642911884,1656030843.194989,0.40184943423612857,0.7893901282503545,-0.03276954042413793,-0.03276954042413793,-0.03276954042413793,0.007437757852831461,-0.056901465255491335,0.28348151473670175,-0.0528541234740908,67.82713085234094,14.72388955582233,78.79951980792316,36.4405762304922,52.037815126050425,2884,玉山金,TWSE,45750.0
6894.TWO,363.0,487,0.005540166204986097,-0.020242914979757054,0.028328611898017053,0.04011461318051568,0.0013793103448276334,0.8118551860441205,0.010086956521739188,0.05559055881355124,0.0349989307862284,23411762.1,0.9173093507663257,1.4308592801818303,-0.025503355704697972,-0.025503355704697972,-0.1124694376528117,-0.0015419867695181666,0.014957074171178494,0.35965070996183357,-0.1557142857142857,45.05402160864346,52.737094837935174,71.18847539015607,43.85354141656663,52.02160864345739,6894,衛司特,TPEx,363000.0
3234.TWO,191.0,487,0.10404624277456653,0.07002801120448177,-0.04260651629072687,0.5720164609053497,0.6977777777777778,4.2185794525388065,0.06140594609613781,0.27074063562842765,0.43306760739240735,543234635.625,1.0652130365048138,0.5996769495863415,-0.09478672985781988,-0.09478672985781988,-0.09478672985781988,0.11469787184724825,-0.23327866992584345,0.6696902539994298,-0.23348017621145378,60.54621848739495,40.10204081632653,49.147659063625454,52.370948379351745,51.92917166866747,3234,光環,TPEx,191000.0
3176.TWO,38.349998474121094,487,0.017241318250067916,0.009210486161081333,0.10359707839197396,0.06527773539225268,0.22133754586064947,0.32469766713150183,0.019607807739338012,0.07949609680885028,0.10710157176576351,24751268.256580543,0.4620023778563434,0.7993528358223411,-0.038847192794027596,-0.038847192794027596,-0.038847192794027596,-0.008657951347925574,0.08183783326122307,0.4143321870224919,-0.13006991939944823,62.79111644657864,16.75870348139256,75.55822328931572,49.939975990396164,51.90876350540217,3176,基亞,TPEx,38349.998474121094
2439.TW,78.69999694824219,487,0.01811117517740568,0.001272245242524006,0.02340696211504678,-0.04804537843121781,-0.06839086963326613,-0.18803868750146602,0.019562087971673803,0.012359850364030978,-0.03135708424093242,105329756.43405151,1.6219950964171626,0.927739722290334,-0.04804537843121781,-0.04804537843121781,-0.11893555133331535,0.012259434648643985,0.039422088258786056,0.2559349409387518,-0.08453976766635385,37.67707082833133,64.02761104441777,63.073229291716686,54.42977190876351,51.85684273709484,2439,美律,TWSE,78699.99694824219
1304.TW,13.050000190734863,487,0.03162059954678975,0.05668014474845151,0.06967216350480632,-0.025956037351011485,-0.13453797557059866,0.28763860383521767,0.04819278238981006,0.060553382399406885,0.02535355270769779,31411842.140278768,1.0793560293477773,0.9284947004877845,-0.05726463163928375,-0.05726463163928375,-0.14849706393361028,0.014202558670588172,0.07832417595514347,0.33296541336806074,-0.20174514575146463,46.67466986794719,50.53421368547419,56.44657863145258,61.71068427370948,51.84933973589436,1304,台聚,TWSE,13050.000190734863
6116.TW,15.5,487,-0.05198778970262741,0.04729728380026321,0.09154931043637382,-0.06626508169828937,0.6720603273561516,0.9948519997488781,0.04271780284008386,0.0815211123831181,0.08796106744452414,951414525.8575226,1.6580276961227236,2.2149266695805223,-0.07185632982739065,-0.07185632982739065,-0.3171806396894198,-0.07487511731172086,0.11363767100247028,0.5505888593537629,-0.29341319451186154,48.613445378151255,77.25090036014406,35.79831932773109,39.22569027611045,51.8016206482593,6116,彩晶,TWSE,15500.0
2449.TW,299.5,487,0.01697792869269943,-0.0066334991708125735,0.09706959706959717,0.02826034956394352,0.11349532806986207,0.8460581155603408,0.04811898512685908,0.135660071581569,0.08011050379696205,7138350885.8,0.6794694074122241,1.1075663975404366,-0.05520504731861198,-0.05520504731861198,-0.1082600841454372,-0.007289470574699863,0.08764948054828266,0.5240955639831125,-0.3255000445567483,57.070828331332535,35.84033613445378,61.08043217286915,51.704681872749106,51.76020408163266,2449,京元電子,TWSE,299500.0
2455.TW,559.0,487,0.0126811594202898,-0.022727272727272707,0.1180000000000001,0.6990881458966565,0.9406767153803506,2.3599774745752065,0.022592152199762294,0.28355752855858096,0.39407672808785965,4394513703.25,0.6765081711326474,0.6064642672705369,-0.07755775577557755,-0.07755775577557755,-0.07755775577557755,-0.016818840579710226,-0.11502938196555204,0.5363392235063955,-0.23043478260869565,80.01200480192078,21.63265306122449,56.87875150060024,19.765906362545017,51.75360144057623,2455,全新,TWSE,559000.0
6015.TWO,17.799999237060547,487,-0.008356630612997407,-0.0028011845008746317,0.05637975276460838,0.0289017353786285,0.3639845959311212,0.7018290649740635,0.01381170798964737,0.07759050934574185,0.06477899917276853,47324950.68041496,0.8192139760499931,1.6321625538972058,-0.016574648513063672,-0.016574648513063672,-0.2227074439487281,-0.022451568804149502,0.04674584097173221,0.34380327903078645,-0.17094012403092018,52.59903961584634,49.53181272509004,62.280912364945976,39.12364945978391,51.74729891956783,6015,宏遠證,TPEx,17799.999237060547
3287.TWO,39.5,487,-0.06287073380654284,-0.061757685709164956,0.11424539209868056,0.34688532002302597,0.39727895507643174,0.20823533749696033,0.01145893941500753,0.1464378229829062,0.20858664297394558,26815626.93294239,0.7450588703845281,1.0778940444133203,-0.07276991983941739,-0.07276991983941739,-0.07276991983941739,-0.09143208183121299,-0.0013830479089947528,0.5614793746534,-0.10416666252745543,67.72509003601442,39.4717887154862,58.895558223289314,19.885954381752704,51.71998799519808,3287,廣寰科,TPEx,39500.0
4960.TW,24.149999618530273,487,-0.010245901799528778,0.029850696495375084,0.14999998183477503,0.0342612087362284,-0.21717992480038528,0.5993376826775738,0.0800536483599954,0.12290760149803681,-0.10900679786367773,113280435.932331,0.9315693515443358,1.7156210539353667,-0.01629326399026665,-0.01629326399026665,-0.46273639135415645,-0.047745897258222536,0.1385795789226989,0.5095444137509263,-0.23617018030044878,52.76110444177671,55.294117647058826,50.46818727490996,44.22569027611044,51.655462184873954,4960,誠美材,TWSE,24149.999618530273
4770.TW,267.5,487,-0.0514184397163121,0.03883495145631066,0.11924686192468625,0.23556581986143188,0.17582417582417587,-0.10089963989581419,0.04799216454456423,0.16249592583203576,0.1687602403058439,323980924.075,0.5645434735903219,2.732370716948405,-0.06631762652705064,-0.06631762652705064,-0.06631762652705064,-0.08123015519748367,0.04072492197087563,0.6665284493041169,-0.11823647294589179,63.349339735894354,38.70348139255702,61.752701080432175,27.881152460984396,51.54831932773109,4770,上品,TWSE,267500.0
2493.TW,214.0,487,0.08354430379746836,0.1693989071038251,0.16304347826086962,-0.16893203883495145,0.47767380049602415,0.8806756199890335,0.12041884816753923,0.07304028079558744,0.11082682122859056,473164018.975,1.0883077587361147,0.9914490644425515,-0.18320610687022898,-0.18320610687022898,-0.3306069568516127,0.04278343423225095,0.2193541578725201,0.6984207093160658,-0.36832061068702293,58.49939975990396,52.39495798319329,12.749099639855942,83.2593037214886,51.537214885954384,2493,揚博,TWSE,214000.0
8042.TWO,126.0,487,0.13004484304932729,0.11792489134379269,0.03703703703703698,-0.2149532710280374,0.9264225282322027,2.3458920060576287,0.1019690118656924,0.1126293386948547,0.019956167814099812,685203215.1327064,1.9872353373867173,1.0230447075259126,-0.2149532710280374,-0.2149532710280374,-0.4014251781472684,0.12078558379006804,0.10868812737971612,0.6185121031681347,-0.40921050623843547,47.84513805522209,71.94477791116446,7.082833133253301,85.65426170468189,51.388955582232896,8042,金山電,TPEx,126000.0
8110.TW,49.5,487,0.006097545374156299,-0.049904002884233356,0.1288483859175813,0.014344278153345602,0.029999961105502182,1.9556519908998888,0.06468784589090837,0.10538362358768438,0.026396273240619328,464707048.95760614,0.6870722518383872,2.443423412673295,-0.049904002884233356,-0.049904002884233356,-0.2180214861181502,-0.026114551105239026,0.1240669598664661,0.6088275097107838,-0.32499999999999996,55.714285714285715,45.4141656662665,51.95678271308524,48.865546218487395,51.36044417767107,8110,華東,TWSE,49500.0
2207.TW,526.0,487,0.03339882121807469,0.005736137667303964,-0.024118738404452666,0.10736842105263156,0.06280389720972757,-0.06574650440242569,0.006891271056661541,0.020154186801997653,0.07260097248744213,132103312.0,1.0732773287096957,0.9904932786712524,-0.05734767025089604,-0.05734767025089604,-0.05734767025089604,0.03942850581918786,-0.05990821208866318,0.21472180691515896,-0.09677419354838712,44.441776710684266,51.72869147659064,66.55462184873949,48.7515006002401,51.33253301320528,2207,和泰車,TWSE,526000.0
6290.TWO,284.5,487,0.016071428571428514,0.01245551601423478,0.0556586270871986,0.03448885797596524,0.287972904547662,1.3717549747725046,0.04145694152100288,0.16161039296161528,0.057828956174645674,909072616.375,0.8240661858634288,0.7607612473813822,-0.018965517241379293,-0.018965517241379293,-0.2051066240460956,0.002156771799628865,0.04416234109521019,0.45571814532840543,-0.26396583977342203,55.57623049219688,34.87995198079231,63.4093637454982,50.64825930372149,51.22959183673469,6290,良維,TPEx,284500.0
6712.TWO,161.5,487,-0.0030864197530864335,0.02215189873417711,0.041935483870967794,-0.038690476190476164,0.20265951590065567,0.031539238456922636,0.01684243664410512,0.04570226083202944,0.09690574026973353,34813427.35,1.640073139001483,0.6551228718498475,-0.038690476190476164,-0.038690476190476164,-0.11748633879781423,-0.013570290720828382,0.05483230926779318,0.15103997629149293,-0.1223241590214067,43.56542617046819,56.42857142857142,66.07442977190877,43.09723889555822,51.21278511404562,6712,長聖,TPEx,161500.0
1595.TWO,72.30000305175781,487,-0.15240327707974333,0.062129819719926926,0.062129819719926926,0.08590883917661896,0.37275271910323293,0.9146288033814951,0.025592121946673485,0.12834603458219362,0.016166554205464978,148081851.67297402,2.7049772250004183,5.006681317886629,-0.15240327707974333,-0.15240327707974333,-0.2760607462302892,-0.16793573200972506,0.03349353999438727,0.6910170915692504,-0.3095599696208584,52.81512605042016,90.66626650660264,19.759903961584634,22.917166866746697,51.18217286914766,1595,川寶,TPEx,72300.00305175781
2605.TW,36.599998474121094,487,0.029535844151747037,-0.0187667768701707,0.006877579380862642,0.19607836659651645,0.060684451773281634,0.6535561175907934,0.009028835498785526,0.06960202435325136,0.12323849853836366,381084913.70962775,0.8082320525647091,0.569750988513104,-0.031746052570364225,-0.031746052570364225,-0.031746052570364225,0.027816449306531377,-0.05848187615130951,0.35537488735272904,-0.08994703121179315,53.62545018007203,27.90516206482593,79.06362545018007,45.60024009603841,51.07923169267708,2605,新興,TWSE,36599.998474121094
3060.TW,29.149999618530273,487,0.03736652038456767,0.07564572723999974,0.11259537288883092,-0.15138279728042614,-0.04670688675437984,0.14730972185218483,0.07376368275419254,0.04452207249185114,-0.016568964607409753,28161203.220219232,1.9321486453489585,1.2598812652005555,-0.15138279728042614,-0.15138279728042614,-0.2961881782417032,0.009217677162359939,0.16305630531563964,0.2869455230076847,-0.25839417172174384,45.31212484993998,75.97839135654262,18.463385354141657,68.21728691476591,51.04471788715486,3060,銘異,TWSE,29149.999618530273
8109.TWO,135.0,487,0.0,0.011235955056179803,0.04651162790697683,-0.02877697841726623,0.26168224299065423,0.42866877774422596,0.014846833302010864,0.03289977046671777,0.06163373636095559,37841861.65,2.6992708200190703,0.6278802483652568,-0.07849829351535831,-0.07849829351535831,-0.16408668730650156,-0.011627906976744207,0.05610395404606557,0.3781393130232002,-0.1594202898550725,46.35954381752701,65.42016806722688,46.962785114045616,44.65186074429772,50.9891956782713,8109,博大,TPEx,135000.0
2031.TW,45.900001525878906,487,-0.012903192991851498,0.027995519759960397,0.0361174337781891,0.15909099228564139,0.19081873618969003,0.15558746203435825,0.01779481095522173,0.053880336280775376,0.12698073262519083,28189842.726706695,0.9353618051816563,0.48057073546856005,-0.016077169892136922,-0.016077169892136922,-0.016077169892136922,-0.021932551436398773,-0.01691289698369136,0.1924765073074706,-0.07448105446241793,53.58943577430972,31.914765906362547,86.48259303721488,28.34333733493397,50.96248499399759,2031,新光鋼,TWSE,45900.001525878906
6182.TWO,135.0,487,0.015037593984962516,0.17391304347826098,0.21076233183856496,-0.28759894459102897,2.6486486486486487,3.3689320927707227,0.14237359847683528,0.16524966629754,0.3255762588631699,9025741427.0,1.8585318667162658,1.112454643486096,-0.28759894459102897,-0.28759894459102897,-0.28759894459102897,-0.037652988974678725,0.30662864670224127,0.6030503375454577,-0.5458445203847604,57.59303721488595,72.49099639855942,9.195678271308525,52.94717887154862,50.94117647058823,6182,合晶,TPEx,135000.0
3592.TW,236.0,487,-0.0063157894736841635,0.04656319290465638,0.06546275395033851,-0.07632093933463802,0.07057934509862251,-0.16192021081696228,0.03770473782565675,0.02382415675499794,-0.02053912590113749,92044449.8,1.7549475028747146,1.0470483853164654,-0.07632093933463802,-0.07632093933463802,-0.14337568058076222,-0.022681477961268792,0.09090306706188452,0.2545516170331644,-0.13465346534653466,41.1764705882353,69.61584633853542,50.324129651860744,45.75630252100841,50.80282112845139,3592,瑞鼎,TWSE,236000.0
4968.TW,97.19999694824219,487,0.006211164426486393,0.050810777818834474,0.07641188995895676,-0.10414749356458808,-0.10755566377422998,-0.36987154383128173,0.04403863531946506,0.029570096043699312,-0.0664430501147577,43054369.0117176,3.2175531062172817,1.294248108908818,-0.10414749356458808,-0.10414749356458808,-0.24142234077708347,-0.012891808063252796,0.11112772114715277,0.28068199286237805,-0.17358492005546133,39.993997599039616,83.031212484994,31.236494597839133,51.668667466986804,50.7530012004802,4968,立積,TWSE,97199.99694824219
2428.TW,267.0,487,0.06163021868787277,0.03288201160541582,0.028901734104046284,-0.07478490393644832,0.49399490125634626,0.7358797236895571,0.042256270127842166,0.0788471981702823,0.0791906401392044,259774970.925,1.3824340735316791,0.5272045575252382,-0.07478490393644832,-0.07478490393644832,-0.2040726040523535,0.0544047851618612,0.05383003541619573,0.23098815925902566,-0.32542377100582187,48.30732292917167,48.48139255702281,44.00960384153662,69.9279711884754,50.73439375750301,2428,興勤,TWSE,267000.0
3036.TW,215.5,487,0.048661800486617945,0.04358353510895885,0.11948051948051952,0.021327014218009532,-0.056814489746811914,0.6540939358043731,0.06236135075178706,0.06564470268265543,-0.01579753757731117,1359443493.675,0.8555382941641306,0.8272911206757344,-0.0770877944325482,-0.0770877944325482,-0.26484708224150977,0.018791670616488065,0.11237151474118301,0.2823238678227161,-0.1991434689507494,57.599039615846344,38.50540216086435,37.839135654261696,69.56782713085235,50.668967587034814,3036,文曄,TWSE,215500.0
2801.TW,27.75,487,0.005434768712212712,-0.024604595577069843,0.04716981132075482,0.23272253560209544,0.3770694386392135,0.50771443671824,-0.005108904323967045,0.10242535770564665,0.21402354337345475,786229840.0320096,0.49798621566112106,1.447294566271518,-0.06250001208202238,-0.06250001208202238,-0.06250001208202238,-0.006357684117975992,-0.030404367213276995,0.2959206098255434,-0.08108106714865881,63.163265306122454,31.170468187274906,63.60144057623049,32.3109243697479,50.624849939975995,2801,彰銀,TWSE,27750.0
3357.TWO,225.0,487,0.10024449877750619,0.07655502392344493,0.05386416861826704,-0.12790697674418605,0.307844485923616,0.7208481282905723,0.08173076923076916,0.05969622041681388,-0.024886722378535175,242913034.1,2.0254454123804098,0.5745658559991808,-0.12790697674418605,-0.12790697674418605,-0.34231958658049355,0.08677845662293943,0.09649982753299571,0.29753543648964226,-0.29400000000000004,48.57743097238895,59.513805522208884,19.735894357743096,81.50660264105643,50.48259303721488,3357,臺慶科,TPEx,225000.0
2498.TW,42.29999923706055,487,-0.01398606684096304,0.054862864006322676,0.0317072984648914,-0.03424657593899694,0.03286914247955486,-0.3380683449599923,0.02938490282306483,0.034019131459809504,0.0032656585923243053,282029281.63444537,1.425692269040855,1.5692840742170842,-0.04514672763982441,-0.04514672763982441,-0.16071432626166193,-0.02191289145718589,0.043122823777890375,0.26382288541166926,-0.1455982138605435,37.51500600240096,70.88235294117646,59.447779111644664,39.0516206482593,50.473889555822325,2498,宏達電,TWSE,42299.99923706055
9945.TW,29.299999237060547,487,-0.005093430288384604,0.0017093756260015969,0.05017919848287167,0.15354329437410996,0.2154631251510266,0.02408366618058988,0.018953198317703368,0.04836302380795021,0.12969530633442017,153129023.13032714,0.7203321855738463,0.6402817682978756,-0.02980137427623386,-0.02980137427623386,-0.02980137427623386,-0.01763822990910252,-0.0010018996418316509,0.22732352024904298,-0.08112585102799141,57.53301320528211,25.804321728691477,79.97599039615847,32.88715486194478,50.39255702280912,9945,潤泰新,TWSE,29299.999237060547
2421.TW,171.5,487,0.06853582554517135,0.03003003003003002,0.0,0.24275362318840576,0.2061719677278806,0.34834430968641295,0.03719383126700948,0.12878455462922322,0.15200037029895275,387759392.7,0.6766042008661012,0.468671198249168,-0.04456824512534818,-0.04456824512534818,-0.04456824512534818,0.06853582554517135,-0.08091787439613525,0.29387227480610145,-0.13309352517985606,58.53541416566627,17.92917166866747,73.46938775510205,51.758703481392565,50.35414165666267,2421,建準,TWSE,171500.0
2206.TW,63.099998474121094,487,0.016103059976993794,-0.010971798923358533,-0.0047319092198342405,0.040373086269595904,0.12707090843914925,0.051932823984747634,-0.0033170242219330293,0.006773885788680323,0.051842068732036006,37549596.79164334,0.8023606354740331,0.9115651719474809,-0.026234637308255593,-0.026234637308255593,-0.026234637308255593,0.017286037281952354,-0.018189604643032875,0.101550154159802,-0.07253093142422662,43.2953181272509,38.12725090036014,81.58463385354142,47.563025210084035,50.301320528211285,2206,三陽工業,TWSE,63099.998474121094
2426.TW,104.0,487,0.0,0.04208413647105802,0.049445021204097106,0.5499255195975954,0.957239628498175,4.7054875106155265,0.040156013085473896,0.2770790875098641,0.37167566689822884,3881027094.424938,0.8084535578174338,0.8182910424334584,-0.08771929824561409,-0.08771929824561409,-0.08771929824561409,-0.012361255301024276,-0.1338634853284347,0.7078512068180288,-0.2574334956201426,69.42677070828331,35.63025210084034,52.53301320528212,20.73229291716687,50.29471788715486,2426,鼎元,TWSE,104000.0
8070.TW,51.5,487,0.02589639875105898,0.03206409669729782,0.03206409669729782,-0.017175601138759933,0.15117448155043922,0.3271043269443912,0.027892812676034273,0.04731561497137293,0.03213100591132201,81712908.13611546,1.6231148938221993,0.3688791179450102,-0.053308850083383374,-0.053308850083383374,-0.18201382596395943,0.017880374576734526,0.037789297076884464,0.1843752440787077,-0.20706110635244623,46.27250900360144,49.18367346938775,54.14165666266507,57.67106842737095,50.283913565426175,8070,長華*,TWSE,51500.0
4736.TW,131.5,487,0.011538461538461497,-0.014981273408239737,0.047808764940239,0.19288459214635334,0.19761837759790768,0.252281407248395,0.014269186270728929,0.07877839661135022,0.14063762423350945,21526565.9,0.6137072428211776,0.3272813087448089,-0.014981273408239737,-0.014981273408239737,-0.014981273408239737,-0.00041372969659825287,-0.01648609910854544,0.1649314104277485,-0.058419234061070635,60.486194477791116,11.560624249699877,87.13085234093637,38.30132052821129,50.25600240096039,4736,泰博,TWSE,131500.0
1477.TW,202.5,487,0.0546875,0.05744125326370764,0.03846153846153855,-0.07862330587933897,-0.03819341219191086,-0.26711915796988805,0.041532724701041523,-0.0010156974730654023,-0.028341069246026085,242712605.9,1.3301201852213287,0.6301704468579644,-0.07862330587933897,-0.07862330587933897,-0.10051350079686772,0.04507211538461536,0.06466930708798486,0.20365788881873126,-0.13549841045468847,40.58223289315726,50.48019207683073,53.94957983193278,70.71428571428572,50.25,1477,聚陽,TWSE,202500.0
1785.TWO,107.0,487,0.06467661691542292,0.09856261112655518,0.0490196078431373,-0.15660145730316766,-0.23381398566740286,0.6999751452933665,0.08091725853851806,0.03364725488357512,-0.1440446110497794,751836336.7402523,4.266117100383367,1.3741410585665739,-0.15660145730316766,-0.15660145730316766,-0.4119005001026942,0.0524217149546386,0.10122009361085985,0.39064196588529304,-0.24033548847880326,36.4765906362545,86.1704681872749,12.725090036014405,77.13085234093637,50.247899159663866,1785,光洋科,TPEx,107000.0
6605.TW,137.5,487,0.0,-0.017857142857142905,0.0,0.07843137254901955,0.11161386813302854,0.07843137254901955,0.0018214936247722413,0.009112592501987704,0.04009798207305226,35923253.5,1.000598920044471,0.8195343695733581,-0.03169014084507038,-0.03169014084507038,-0.03169014084507038,0.0,-0.026143790849673183,0.17647738256500806,-0.05319148936170215,44.53481392557023,44.25570228091236,79.18367346938776,36.69567827130852,50.21893757503001,6605,帝寶,TWSE,137500.0
2357.TW,989.0,487,0.02913631633714875,0.045454545454545414,-0.010010010010010006,0.4048295454545454,0.7862949246320621,0.5381982801444849,0.029457687103153996,0.10996801406632883,0.26925703126061706,2289286706.05,0.5649266368588735,0.6059756281048096,-0.035121951219512226,-0.035121951219512226,-0.035121951219512226,0.03163881883965125,-0.1449531918281918,0.32270389265590127,-0.09853658536585364,61.3265306122449,15.42016806722689,77.28691476590636,42.370948379351745,50.19867947178872,2357,華碩,TWSE,989000.0
4916.TW,102.5,487,-0.014423076923076872,-0.023809523809523836,0.05561278692829341,-0.12652855617228975,0.5808225857617151,0.6732083449442907,0.0196975679787057,0.01345787650435648,0.06214855355005744,351539853.27071077,2.223845860862699,1.2552943102532852,-0.12652855617228975,-0.12652855617228975,-0.17213145918078676,-0.028326273655150225,0.09778897231905667,0.42394586683897534,-0.21246170892263572,42.707082833133256,78.9015606242497,33.34933973589436,44.69987995198079,50.183073229291715,4916,事欣科,TWSE,102500.0
1563.TW,80.5999984741211,487,0.06613756747245936,0.096598618695525,0.013836458793976103,-0.0014229463761703531,0.5001987005826822,0.28417007748669154,0.062063501414589606,0.02328333611931055,0.08745769404799897,39095976.49079933,0.9678451337507175,0.6001577066750721,-0.08409092643044214,-0.08409092643044214,-0.09565482314151919,0.06267845277396533,0.014310774252699554,0.3019392244722258,-0.18740403220998603,51.54861944777911,36.632653061224495,52.48499399759904,65.69027611044419,50.128151260504204,1563,巧新,TWSE,80599.9984741211
3346.TW,23.299999237060547,487,-0.03519670372241013,-0.04897962297712055,0.24598921317894207,-0.017547079432901125,0.27345128481298087,0.005643946569091396,0.0577686791529346,0.120487594739215,0.11134802384278464,21350933.95013628,0.47917276257685637,3.7174814384337145,-0.04897962297712055,-0.04897962297712055,-0.20029000829764143,-0.09669400701714564,0.25183823965657576,0.6379658177510117,-0.20524008542557792,58.22328931572629,36.46458583433373,54.23769507803121,45.450180072028814,50.07052821128452,3346,麗清,TWSE,23299.999237060547
7772.TWO,144.5,314,-0.1789772727272727,-0.1549707602339181,0.20920502092050208,0.3136363636363637,-0.039867109634551534,1.1281295545321357,-0.06894329896907214,0.26772920158970703,0.019400353190911712,126166830.9,1.2451394438266208,11.90091405270901,-0.2313829787234043,-0.2313829787234043,-0.5463108320251178,-0.23127852795739823,0.10465956637504752,1.0527458434149666,-0.2313829787234043,63.73949579831933,74.37575030012005,4.225690276110444,33.619447779111646,49.977791116446575,7772,耀穎,TPEx,144500.0
6862.TW,148.5,476,0.07608695652173902,0.03125,0.05693950177935947,-0.13913043478260867,-0.21641183931093877,-0.0706835937071042,0.08196721311475419,0.05543710021321968,-0.0812720846944619,22704631.3,2.179414708475813,1.0302438832104628,-0.13913043478260867,-0.13913043478260867,-0.3285995885953844,0.06185208107689916,0.10331631337356237,0.4938455806751906,-0.31176470588235294,39.05162064825931,74.42376950780313,18.439375750300123,79.171668667467,49.79021608643458,6862,三集瑞-KY,TWSE,148500.0
2891.TW,68.69999694824219,487,0.004385897889925827,-0.024147791772586857,0.019287765473775753,0.033082660875822345,0.33424093930698673,0.6492700754325749,0.0009469964445922852,0.04027857240742794,0.09000186843913771,2022575411.9135628,0.7053780614185994,0.9274985555167379,-0.03511236105553961,-0.03511236105553961,-0.03511236105553961,-0.0004360434785181111,0.008260211848501639,0.20751012810794212,-0.05477519752310411,48.65546218487395,33.63145258103241,77.40696278511405,42.77310924369748,49.76740696278512,2891,中信金,TWSE,68699.99694824219
8261.TW,191.0,487,0.08522727272727271,0.10086455331412103,0.05524861878453047,-0.347008547008547,0.6705538987017061,1.0398343216055754,0.07772605445055714,-0.003738155263844245,0.011491536117632872,765008922.25,3.678095408249437,0.67886766706703,-0.37785016286644946,-0.37785016286644946,-0.44947655443984236,0.07141511803114009,0.17091813445404613,0.5984445532225955,-0.48534201954397393,47.48499399759904,70.01200480192077,1.6326530612244898,86.1764705882353,49.75,8261,富鼎,TWSE,191000.0
6869.TW,70.80000305175781,487,-0.015299004878674083,0.021645020691841932,0.08923081618088946,0.05565069408658485,-0.15669987954670306,-0.3921211484425029,0.046099331154161316,0.061406133646952465,-0.02115298852496139,29048626.958292387,0.8691209914911806,0.9923843915159571,-0.015299004878674083,-0.015299004878674083,-0.18314158222109234,-0.03760670892389645,0.0706805848186945,0.3156081598735533,-0.09544155611832905,49.32773109243697,43.46338535414166,67.03481392557022,38.15726290516207,49.72749099639856,6869,雲豹能源,TWSE,70800.00305175781
9917.TW,106.5,487,0.009478672985782088,0.0,0.0,0.0402325729048274,0.009474803894577555,0.05003401906797911,0.0025888444339845496,0.01588671524287033,0.023366675509614465,31716968.6,0.7913835083212751,0.9703619228116465,-0.018433179723502335,-0.018433179723502335,-0.036034368113596726,0.009478672985782088,-0.013410857634942467,0.13003575069714143,-0.031531555263090816,41.33853541416567,39.56182472989195,82.8811524609844,44.213685474189674,49.634153661464595,9917,中保科,TWSE,106500.0
2441.TW,127.0,487,0.01195219123505975,-0.0039215686274509665,0.07627118644067798,-0.052193907856234456,0.45612662646126423,1.0331252673293543,0.0485036119711042,0.07966161144933426,0.09050684038262546,491028484.675,0.7443628102103982,0.8964741659399843,-0.06242211795017483,-0.06242211795017483,-0.10121837148613766,-0.007115605375109746,0.09366915572608947,0.3245701785479156,-0.32661875819937036,53.163265306122454,34.61584633853542,58.91956782713085,52.65906362545019,49.602040816326536,2441,超豐,TWSE,127000.0
2478.TW,134.5,487,0.12083333333333335,0.12083333333333335,0.059055118110236116,-0.17737003058103973,0.8329219032037278,1.7699144146387717,0.10313717449251603,0.07243950063968785,0.016470165334828923,361375314.825,2.6177047599743806,0.36448840373224795,-0.2225433526011561,-0.2225433526011561,-0.4380049661875641,0.10606955380577432,0.11817846163724935,0.38511500570295004,-0.42254334378104674,51.99279711884755,59.045618247298925,5.570228091236494,85.77430972388956,49.53871548619448,2478,大毅,TWSE,134500.0
7765.TW,235.0,487,-0.008438818565400852,-0.02083333333333337,0.06575963718820854,0.05617977528089879,0.038011778677331964,-0.21017202201615948,0.00815100815100811,0.03364855948977352,0.027033376195688907,67780000.625,0.433314450655846,9.241273985999836,-0.03292181069958844,-0.03292181069958844,-0.09796391518296832,-0.024878727862452987,0.04703304542790894,0.4684167625013187,-0.06521739130434778,50.87635054021609,37.13085234093637,70.32412965186074,38.319327731092436,49.44597839135655,7765,中華資安,TWSE,235000.0
3563.TW,740.0,487,-0.08302354399008671,0.1212121212121211,0.05865522174535043,0.0709117221418234,-0.2052809446203362,0.37759673671592275,0.0391798904648224,0.08202953648194189,0.003219149913314734,661095636.9,1.9462881118213256,2.098289865267256,-0.08302354399008671,-0.08302354399008671,-0.2127547629039408,-0.09768734942642432,0.035017981031409295,0.5030122158981646,-0.2120786516853933,42.58703481392557,81.51860744297718,40.4561824729892,25.642256902761105,49.35204081632652,3563,牧德,TWSE,740000.0
8028.TW,285.0,487,0.008849557522123908,0.10679611650485432,0.14228456913827658,-0.05940594059405946,0.5015970048712086,0.5799771569486136,0.10916520723876255,0.07900050479555776,0.040445078206491125,1826340527.825,0.8416966569903753,2.5717114850562237,-0.18571428571428572,-0.18571428571428572,-0.19339179093939063,-0.02672158476244524,0.1620865493362964,0.5012350647983095,-0.3671428571428571,58.70948379351741,53.931572629051615,23.26530612244898,50.93037214885954,49.2593037214886,8028,昇陽半導體,TWSE,285000.0
6664.TWO,378.0,487,0.005319148936170137,0.11013215859030834,0.06030855539971958,0.0041971589684701716,-0.10455227049636484,0.46927899151051355,0.06388967070081608,0.07509653129129834,0.004895867016905919,119185194.05,1.1828038500838371,0.6363443260155751,-0.021992238033635148,-0.021992238033635148,-0.19036599709542923,-0.009757989913759757,0.05890950241022952,0.2884443470722823,-0.19341189757089772,45.31512605042017,45.576230492196885,63.84153661464586,46.104441776710686,49.204081632653065,6664,群翊,TPEx,378000.0
3665.TW,2315.0,487,-0.10789980732177262,0.006521739130434856,0.1183574879227054,0.2521639458672671,-0.024932889995120666,1.085076533697476,0.043968432919955,0.07329482200517501,0.05320111554744411,8061377021.5,1.1921187916506695,1.250682531184941,-0.10789980732177262,-0.10789980732177262,-0.20568514665468884,-0.13748917930244897,0.034302839300283036,0.6504089391344077,-0.2088607594936709,58.66146458583434,61.49459783913565,33.973589435774315,23.619447779111646,49.175870348139256,3665,貿聯-KY,TWSE,2315000.0
8255.TWO,153.0,487,0.04081632653061229,0.11272727272727279,0.06993006993007,-0.1331444759206799,0.22671165870014298,0.09327979643009043,0.08031774051191531,0.055354371443352424,-0.005853032708324601,49986145.225,1.3219332993507624,0.9565618369025264,-0.1331444759206799,-0.1331444759206799,-0.27369521299828836,0.02333380904809479,0.11431156190362998,0.23426456091752323,-0.26239067055393583,47.09483793517407,59.78991596638656,22.929171668667465,71.75270108043219,49.13415366146459,8255,朋程,TPEx,153000.0
4931.TWO,252.5,487,0.001984126984126977,0.05427974947807934,0.02020202020202011,0.06540084388185652,0.8163944244011263,0.6625631328988337,0.04027191265835817,0.07366854470075479,0.127057462507842,990970225.05,1.287780173365125,0.5956061614558736,-0.0982142857142857,-0.0982142857142857,-0.0982142857142857,-0.0030663780663780504,-0.0015982610919320628,0.41000739754769117,-0.2790178571428571,54.01560624249699,47.96518607442977,47.73109243697479,39.705882352941174,49.09963985594238,4931,新盛力,TPEx,252500.0
6870.TWO,316.0,487,-0.023183925811437356,0.012820512820512775,0.04809286898839127,0.18816935509318888,0.8239171981814883,0.5744575902394373,0.009584664536741228,0.12909709122376922,0.2685692760953222,58565604.85,0.362211960049571,2.6565798528937767,-0.06092124814264488,-0.06092124814264488,-0.06092124814264488,-0.03520714305853517,-0.01463024937600503,0.6396812949531876,-0.24917344761404125,61.05042016806723,31.944777911164465,64.63385354141657,24.54981992797119,49.01560624249701,6870,騰雲,TPEx,316000.0
5880.TW,26.549999237060547,487,0.017241335211255704,-0.023897114251722584,0.0018867636626620499,0.11493943256804551,0.1755846275745545,0.15623345475580197,-0.006641130662422778,0.04113996523633601,0.10953645985147431,459641190.0490445,0.6793902045250003,0.7841309649930664,-0.036297641658544544,-0.036297641658544544,-0.036297641658544544,0.01676964429559019,-0.03642638052668645,0.17096100288400315,-0.07978468141956507,50.53421368547419,27.274909963985593,76.69867947178872,44.03361344537815,48.97719087635054,5880,合庫金,TWSE,26549.999237060547
9904.TW,24.950000762939453,487,0.0,0.004024160158335288,0.014227657562695395,0.028866010842864,-0.06339627580585527,-0.09089584835506603,0.013609612361360934,0.019095304089743914,0.01574150728746604,253345195.6195383,1.0837683534578093,0.6646523942572834,-0.011881157903387951,-0.011881157903387951,-0.06339627580585527,-0.0035569143906738487,0.0046056539484073955,0.15487668620478504,-0.0475247826906714,39.5828331332533,42.74909963985594,81.82472989195678,40.39015606242497,48.94387755102041,9904,寶成,TWSE,24950.000762939453
6163.TWO,42.849998474121094,487,0.027577882257587172,0.014201147316475593,0.04994449241050436,-0.04884672706936655,-0.3531591512944453,1.0077461684724618,0.04185362643226509,0.04185792981209513,-0.09141472954127394,36445349.576488875,2.244482781164074,0.8260700504146562,-0.07120284551087619,-0.07120284551087619,-0.41339125297903345,0.015091759154961082,0.06622673476695988,0.34311152027587255,-0.21295281087189555,40.09003601440577,69.51980792316927,31.860744297719084,60.73829531812726,48.89885954381753,6163,華電網,TPEx,42849.998474121094
2317.TW,252.0,487,0.001988071570576455,0.008000000000000007,-0.015625,0.06553911205074003,0.2536448340607327,0.20140964784119664,0.0029850746268655914,0.006222340531727211,0.018104174381528226,8253457001.1,1.5622348897980085,0.8793060704785425,-0.06666666666666665,-0.06666666666666665,-0.16017966127241456,0.005894321570576455,-0.037471370683580016,0.1677500786467737,-0.10873786407766994,43.391356542617046,61.860744297719094,51.200480192076824,38.64345738295319,48.85834333733494,2317,鴻海,TWSE,252000.0
5498.TWO,54.79999923706055,487,0.07031246914994016,0.04580148170408638,0.008626710920684344,-0.05213388941337371,-0.2053244704455529,1.8608320963038874,0.05850087592835229,0.08173372714240412,-0.06515333392974632,83996257.33604965,2.475836803894855,0.5405724839439275,-0.05213388941337371,-0.05213388941337371,-0.33729217565562697,0.06815579141976907,0.02600467405847558,0.47722011046360524,-0.32358153750618024,36.560624249699885,62.13085234093638,42.13685474189676,68.09123649459785,48.79801920768308,5498,凱崴,TPEx,54799.99923706055
3088.TWO,134.0,487,0.0037453183520599342,0.03875968992248069,0.08064516129032251,-0.019955608076611453,0.4345875335242724,0.6713470524075436,0.04199066874028001,0.03207968604624001,0.03738553590765736,87915843.4,1.099573372153676,0.8328075476534349,-0.1298701298701299,-0.1298701298701299,-0.1298701298701299,-0.016415971970520693,0.08729703064919299,0.3158795916552253,-0.23376623376623373,54.729891956782716,48.775510204081634,37.93517406962785,47.49099639855942,48.79651860744298,3088,艾訊,TPEx,134000.0
2886.TW,49.79999923706055,487,0.013224774994958999,-0.02544029894088773,-0.00796815776493398,0.09906870078624141,0.29302193689070655,0.24173629262687713,-0.009448043462433997,0.026618133807217337,0.11689882304775479,1109544274.7045922,0.90135213454552,0.6276612720929098,-0.051428585960751505,-0.051428585960751505,-0.051428585960751505,0.015216814436192494,-0.04099105802701445,0.21920412256991081,-0.10435036033362133,49.20768307322929,34.43577430972388,69.9639855942377,42.50300120048019,48.66026410564226,2886,兆豐金,TWSE,49799.99923706055
8215.TW,27.950000762939453,487,-0.05733554392791218,-0.06988347845051435,0.10256411606882132,0.032744699006880484,0.06380468769963787,0.15734985494673803,0.024184708843353997,0.09694187978028723,0.03983286893863003,76053023.29293147,0.7188462142069525,4.7677405241572375,-0.06988347845051435,-0.06988347845051435,-0.13198757451246812,-0.08297657294511751,0.09164921639986116,0.5716378467160208,-0.1981910502812415,49.81392557022809,50.43217286914766,53.46938775510204,35.36614645858343,48.53241296518607,8215,明基材,TWSE,27950.000762939453
6141.TW,53.400001525878906,487,0.03088807552865047,0.08979594950773273,0.028901733254324657,0.40341662540343814,0.8802817691249816,3.306451868440316,0.04726419623610645,0.19554471831093867,0.3326678673667731,113197887.32818241,0.6819896505595694,0.5163242098956963,-0.09337860539075649,-0.09337860539075649,-0.09337860539075649,0.023662642215069307,-0.10557047521348806,0.5973064895572211,-0.3314285714285714,68.69747899159664,19.891956782713088,49.69987995198079,40.91836734693878,48.52971188475391,6141,柏承,TWSE,53400.001525878906
6727.TWO,526.0,487,0.08453608247422673,0.10041841004184104,-0.020484171322160183,0.14227977224611554,0.3564572632534604,1.8133927602990956,0.05893603100306999,0.1750935861297911,0.14997776581537692,615804357.675,1.0428187102473658,0.7110552551101917,-0.09310344827586203,-0.09310344827586203,-0.1943466174461208,0.08965712530476677,-0.06791076207086535,0.538184403470694,-0.33521959621270114,54.129651860744296,42.881152460984396,38.82352941176471,55.66626650660265,48.48679471788716,6727,亞泰金屬,TPEx,526000.0
1101.TW,25.5,487,-0.030418222823871077,0.05590063779685828,0.04938274899652262,0.11597372316366772,0.05509674614926041,0.07225277085074566,0.0267767366456515,0.04386983225814056,0.06307102413578058,901926700.6855885,0.8736645472239712,0.653192142197416,-0.030418222823871077,-0.030418222823871077,-0.030418222823871077,-0.04276391007300173,0.010724841275300045,0.3005508194965699,-0.059288539337295054,49.61584633853541,34.147659063625454,79.5438175270108,27.527010804321726,48.421068427370955,1101,台泥,TWSE,25500.0
2328.TW,48.20000076293945,487,0.013669853550119404,0.009424099747423087,0.0478261035421621,-0.006185551279598855,0.0840305630887046,-0.09730548494105429,0.028925197581184614,0.0499373962119849,-0.0031051961695885977,70046410.354315,1.0508865752585594,0.6850922357764268,-0.0379241071666514,-0.0379241071666514,-0.20410725006287922,0.0017133276645788786,0.049887953968695053,0.16782834919637699,-0.22554889383674348,46.81272509003602,42.418967587034814,57.21488595438175,50.888355342136855,48.40606242496999,2328,廣宇,TWSE,48200.00076293945
3537.TWO,56.29999923706055,487,0.05628517904206731,0.04452685794506572,0.023636349764737163,-0.1122936804208241,0.2640478770100423,0.483256128917104,0.04549673976737645,0.04135617158656468,-0.032287641383198507,21518918.370590974,5.173744350613781,0.4613703721073553,-0.1122936804208241,-0.1122936804208241,-0.3461091726501885,0.05037609160088302,0.06106757657167853,0.425705817919605,-0.2627366809829216,42.29891956782713,65.77430972388956,22.016806722689076,70.80432172869148,48.38715486194478,3537,堡達,TPEx,56299.99923706055
6962.TW,32.900001525878906,453,0.013867511628948614,0.05448720260798123,0.03459126777388066,-0.024967152351362598,-0.022165326517337713,-0.2353113393842583,0.0372005437867744,0.03905665059302499,-0.02620498328187837,45132371.09546795,1.2356736787123708,0.5317285076856292,-0.03660321944796252,-0.03660321944796252,-0.1503458991674027,0.005219694685478449,0.04291365189100153,0.20830964777897742,-0.14422666369032844,41.41056422569028,44.82593037214886,63.625450180072036,52.53301320528212,48.375750300120046,6962,奕力-KY,TWSE,32900.001525878906
3416.TW,169.0,487,0.040000000000000036,0.033639143730886945,-0.002949852507374673,-0.04102848276626403,0.15101269746880974,-0.008070344031428367,0.03760552570990017,0.009949419521486202,0.03237341603294275,38347052.65,1.3380994513644366,0.7024853030209872,-0.09484835280076342,-0.09484835280076342,-0.09484835280076342,0.040737463126843704,0.010726308414713337,0.23501596020272483,-0.1430516949593026,40.09003601440576,53.36134453781512,48.90756302521008,61.38655462184874,48.36584633853542,3416,融程電,TWSE,169000.0
2436.TW,72.4000015258789,487,-0.02818789898149121,0.03428573608398433,0.009762965236135512,0.11384617732121405,0.17966869350466452,0.3363930800744046,0.025350540749681016,0.10940854790422616,0.06260887055786868,472338128.46918297,0.9325294041492111,1.2339393315291107,-0.0473684009752775,-0.0473684009752775,-0.07531555047472649,-0.03062864029052509,-0.0281857605376025,0.45138220232421533,-0.1958598628421937,45.79831932773109,51.33253301320528,68.42737094837935,22.851140456182474,48.265606242497,2436,偉詮電,TWSE,72400.0015258789
3005.TW,118.0,487,0.012875536480686733,-0.008403361344537785,0.04424778761061954,0.026086956521739202,0.19918697327424684,-0.2328357590044664,0.010923109873634651,0.023195317580749997,0.08347170118213798,188894603.825,0.6565024573485432,0.5283443491164185,-0.028806584362139898,-0.028806584362139898,-0.028806584362139898,0.001813589578031849,0.03555213543670647,0.15720412851901247,-0.08154506437768239,50.72629051620648,17.97719087635054,80.60024009603842,48.79351740696279,48.223889555822325,3005,神基,TWSE,118000.0
3324.TWO,1525.0,487,-0.0032679738562091387,0.00328947368421062,0.05902777777777768,0.6850828729281768,0.4760635909670503,0.6802684329964919,0.03267309971220578,0.29334106039832086,0.370242492249915,5394221402.75,0.7310822419030324,1.0033997786965578,-0.10818713450292394,-0.10818713450292394,-0.10818713450292394,-0.01802491830065356,-0.16933317986494792,0.7319528380787453,-0.1515151515151515,69.015606242497,36.68667466986794,44.057623049219686,17.442977190876352,48.20588235294118,3324,雙鴻,TPEx,1525000.0
4714.TWO,11.949999809265137,487,-0.008298786712602424,-0.04016064318554491,0.13270138324355396,0.04824563238062374,-0.23885350608647715,-0.4144160719534804,0.018321245758551763,0.0812359408612453,-0.0314442439912479,23504594.77382469,0.6772123890989538,1.7533382225538243,-0.04016064318554491,-0.04016064318554491,-0.2844311818365597,-0.041474132523490914,0.11661950578334605,0.4564936657238068,-0.1256637214447338,53.24129651860744,41.95678271308524,49.29171668667467,43.45738295318127,48.16266506602641,4714,永捷,TPEx,11949.999809265137
2892.TW,38.900001525878906,487,0.006468305048645595,-0.021383609411851467,0.04289550459906244,0.20067820278616533,0.4028758302291384,0.35579951391511067,-0.004478522949211583,0.09128101971027558,0.20379420692655725,952205449.0589695,0.4952799909507586,0.6038045789324269,-0.045398735561253845,-0.045398735561253845,-0.045398735561253845,-0.004255571101120015,-0.02399722966299267,0.21376556250623138,-0.07582863329385281,62.53301320528211,12.370948379351741,72.94117647058823,34.849939975990395,47.92166866746699,2892,第一金,TWSE,38900.001525878906
8043.TWO,145.0,487,0.11111111111111116,0.09433962264150941,0.00694444444444442,-0.1154642222985911,0.5509926082080987,3.1580744961801512,0.07149455015702944,0.05010668958519893,0.027482376375316253,307875656.7,2.3859786834877297,0.38584370647385974,-0.1154642222985911,-0.1154642222985911,-0.3556361796907871,0.10937500000000006,0.04543251854397479,0.43218420620110387,-0.25566344344996317,44.55282112845138,58.21728691476591,20.888355342136855,75.64825930372149,47.90036014405762,8043,蜜望實,TPEx,145000.0
7749.TW,391.0,323,0.0,0.03576158940397356,0.10451977401129953,0.01775324661707134,-0.02918192912641826,-0.24957404385804927,0.04343185002335037,0.08112195524650612,-0.04508533545892046,78756785.225,0.759648643525158,0.9109299949305433,-0.027363184079602032,-0.027363184079602032,-0.26474809178528835,-0.02612994350282488,0.09860202513894241,0.3774885739546696,-0.22193877551020413,52.00180072028812,36.09243697478992,55.67827130852341,45.70828331332533,47.81572629051621,7749,意騰-KY,TWSE,391000.0
2379.TW,741.0,487,-0.025000000000000022,0.0013513513513514486,0.05255681818181812,0.014965471819918807,0.42095163678920056,0.41310114196502346,0.01043158110042941,0.03584113958852342,0.10420972052199007,1949615842.75,0.689113799522501,1.1777383141764064,-0.027559055118110187,-0.027559055118110187,-0.14742897801188648,-0.03813920454545455,0.047568327575178516,0.22428785048008498,-0.10367456735045188,49.08763505402161,38.3313325330132,67.29891956782714,34.015606242497,47.78001200480193,2379,瑞昱,TWSE,741000.0
3437.TW,21.299999237060547,487,-0.05122501054776507,-0.044843050861548606,0.18662943352279315,0.051851814175829514,-0.13939397021977584,0.36102234864213223,0.03385507955340317,0.13924046629773956,0.005191092941409181,57070923.440543845,0.6459835859992876,5.595933130332545,-0.05122501054776507,-0.05122501054776507,-0.28762543448796396,-0.09788236892846336,0.16934549546418332,0.6856209795951861,-0.22670024753252993,52.80312124849941,45.39015606242497,45.162064825930365,41.39255702280912,47.71008403361345,3437,榮創,TWSE,21299.999237060547
3023.TW,323.0,487,0.05211726384364823,0.007800312012480548,-0.048600883652430094,0.02928084006857934,0.19315567476017526,0.4071181347235675,0.014447236180904488,0.03962923022492326,0.05958600708007866,222277289.9,0.9252536293356382,0.746372339242542,-0.050000000000000044,-0.050000000000000044,-0.050000000000000044,0.06426748475675576,-0.05836116367528987,0.3149690433224544,-0.15085539199496334,39.15366146458583,39.29771908763505,70.984393757503,53.24729891956783,47.66986794717887,3023,信邦,TWSE,323000.0
2520.TW,37.0,487,0.013698630136986356,-0.03520204766193369,0.010929003894951883,0.09779917892514156,0.257931907448705,0.060306080194427736,0.0012176940987613794,0.042744052757287765,0.11838053627988554,46795110.42885761,0.5488435600029048,0.7712937708513369,-0.03520204766193369,-0.03520204766193369,-0.03520204766193369,0.010966379163248385,-0.021670722413428635,0.18825157968098405,-0.061898251042576624,51.95078031212485,19.807923169267706,77.09483793517407,43.391356542617046,47.659963985594246,2520,冠德,TWSE,37000.0
6173.TWO,301.52764892578125,486,-0.04537818276257066,-0.09554137212097069,0.09021111930693149,0.032727261324850376,2.7468537415369068,4.943554042967107,-0.04078362558798243,0.22717937837209967,0.3085970000743179,5759422419.776915,0.8366907435160355,1.1314954597161475,-0.09841272332527207,-0.09841272332527207,-0.1843511314580938,-0.06793096258930353,0.07930203219864802,0.6946587520241578,-0.46464646933881926,58.4093637454982,45.420168067226896,38.127250900360146,35.21008403361344,47.625750300120046,6173,信昌電,TPEx,301527.64892578125
2633.TW,25.75,487,0.003898650407678117,0.00194549554771406,-0.009615384615384581,0.017786515226710264,-0.0010963185022411226,-0.03683527808134368,-0.0019379844961240345,-0.007356483577377837,0.01228573146565548,108262008.21377544,0.7137454378785463,1.2146190023136325,-0.022770412629354975,-0.022770412629354975,-0.022770412629354975,0.006302496561524262,-0.015544223024288002,0.0724847083140448,-0.03415558275145936,36.140456182472995,40.198079231692674,83.04921968787515,42.55702280912365,47.49909963985594,2633,台灣高鐵,TWSE,25750.0
6214.TW,189.5,487,0.007978723404255428,-0.010443864229765065,0.024324324324324298,0.34397163120567376,0.6026090670189057,0.6156916457556434,0.000527983104540608,0.11722511545642122,0.2735169509248154,296219796.075,0.2943725730904829,0.4615928911198241,-0.02570694087403602,-0.02570694087403602,-0.02570694087403602,0.0018976423231743533,-0.09033288607756695,0.11614056774524037,-0.07467532467532467,63.92557022809123,3.8235294117647065,81.8967587034814,30.288115246098442,47.44867947178872,6214,精誠,TWSE,189500.0
1513.TW,168.0,487,0.0,0.009009009009008917,0.0059880239520957446,0.0,0.12316541522509872,0.08806649253066867,0.012963521254145238,0.026790261790771153,0.04120095055274553,282091463.35,1.0849977669115987,0.5036575542452818,-0.01754385964912286,-0.01754385964912286,-0.06903407760112523,-0.0014970059880239361,0.0059880239520957446,0.12837585822025607,-0.14035087719298245,39.588835534213686,38.3313325330132,78.70348139255702,41.770708283313326,47.42466986794718,1513,中興電,TWSE,168000.0
5474.TWO,161.0,487,-0.018292682926829285,-0.04451038575667654,0.05921052631578938,0.012578616352201255,0.1374265021672052,-0.12272960376526432,0.01673508051784034,0.05435494433529797,0.02163985808034674,33806876.275,0.8119668786654844,1.2026250185563423,-0.04451038575667654,-0.04451038575667654,-0.16703617824088912,-0.03309531450577663,0.055017654198388964,0.3566641192541381,-0.15384615384615385,46.8187274909964,44.86194477791116,59.087635054021604,36.6686674669868,47.26080432172869,5474,聰泰,TPEx,161000.0
6191.TW,87.5,487,0.04166666666666674,0.05168273088318487,0.05676324607505445,-0.13793103448275867,-0.14561063123557183,-0.3229367570932895,0.0484692358755241,0.032245379473063274,-0.04177030129522141,109162246.11477585,1.7106811975392198,0.8414654980815406,-0.13793103448275867,-0.13793103448275867,-0.2164988316276566,0.027475855147903128,0.10274025756930735,0.17976945103651978,-0.20123838692398954,38.09123649459784,62.96518607442978,27.418967587034814,71.60264105642258,47.20198079231693,6191,精成科,TWSE,87500.0
3533.TW,1825.0,487,0.031073446327683607,0.14779874213836486,0.07669616519174038,-0.06193839377781252,-0.26001511805586075,0.14299196096775413,0.08534046981861443,0.03446000492701162,-0.11578529699045481,2054106999.75,1.6070291429979504,0.7464443676512758,-0.09203980099502485,-0.09203980099502485,-0.34829406695818144,0.011899405029748511,0.09734229645101122,0.5232233565473704,-0.24875621890547261,43.80552220888355,58.223289315726284,27.85114045618247,63.11524609843938,47.115546218487395,3533,嘉澤,TWSE,1825000.0
1718.TW,11.300000190734863,487,0.041474635340444044,0.05116280844045229,0.08133975090756485,-0.21254356164849675,0.6073968497140232,0.7438271847953704,0.05435037747839755,0.03830076362967727,0.14799484366729665,150527398.40888137,1.5570128870004885,0.5887792324321318,-0.24161070603775703,-0.24161070603775703,-0.25657892549136974,0.021139697613552833,0.1521876047903971,0.33646479999620266,-0.42013419030040233,50.16806722689076,52.83313325330133,13.685474189675872,74.00960384153662,47.11404561824731,1718,中纖,TWSE,11300.000190734863
3138.TW,102.0,487,0.00990099009900991,-0.004878048780487809,0.08974360750872634,-0.08741903432865283,-0.40812607949243507,0.06342846752359188,0.04588567443192737,0.054205885243696184,-0.16267534989256016,73105642.92611274,1.1862717759858474,4.520554159465764,-0.08741903432865283,-0.08741903432865283,-0.47687911346966605,-0.012534911778171676,0.11888328561827728,0.6500796127309466,-0.2550184180169298,40.69627851140456,70.8343337334934,25.762304921968784,53.121248499399755,47.107743097238895,3138,耀登,TWSE,102000.0
2915.TW,58.5,487,-0.0051020279073653585,-0.013490712434285679,0.031746017863143905,0.20404151052900676,0.33078285964356136,0.14931242889130436,0.007838747787716427,0.04723515352547647,0.15199516252031353,87377796.40564403,0.78618612770612,0.37791248703963093,-0.05339804656634339,-0.05339804656634339,-0.05339804656634339,-0.013038532373151335,-0.036267818979858354,0.20496893576327685,-0.09385112149940567,58.253301320528216,23.289315726290514,68.859543817527,27.779111644657867,47.062424969987994,2915,潤泰全,TWSE,58500.0
3591.TW,26.799999237060547,487,-0.023679472051471917,0.03675043874551798,0.0598980542750025,0.020963034397448732,0.05542592066374663,0.3412115054492584,0.020650162887484225,0.11414977185996356,0.057172943920643204,42745393.36025419,0.7218015091325541,1.799282074591909,-0.053003534997826396,-0.053003534997826396,-0.11456301845092298,-0.03865398562022254,0.05291037614251959,0.46564521468851855,-0.25258801354286986,45.4921968787515,45.252100840336134,61.752701080432175,34.65186074429772,47.05822328931573,3591,艾笛森,TWSE,26799.999237060547
6279.TWO,116.0,487,0.03111111111111109,0.03111111111111109,0.01754385964912286,-0.0020491518139259535,0.13318717912312694,-0.08143164058830266,0.02791315906070002,0.003527411130133995,0.018881247113940125,36927399.15,0.9207813812621988,0.5216684678626607,-0.07087335454924504,-0.07087335454924504,-0.07087335454924504,0.026725146198830374,0.018226910253764845,0.1841063560888892,-0.11492677308354804,45.240096038415366,32.51500600240096,60.024009603841534,58.481392557022815,47.00180072028812,6279,胡連,TPEx,116000.0
8240.TWO,55.70000076293945,487,-0.027923184911427423,0.09001961695063398,-0.005357129233224067,0.16894016745599805,-0.11342883730464393,0.467742511044944,0.04507718226442581,0.19127399215501395,0.04664772596257638,90820249.79883003,1.8727831474171168,2.029900305457104,-0.08085805007526792,-0.08085805007526792,-0.23669543243268676,-0.026583902603121407,-0.061670518385223416,0.48654415757382546,-0.23150107694631628,40.2280912364946,80.53421368547419,38.96758703481393,19.459783913565428,46.93727490996398,8240,華宏,TPEx,55700.00076293945
3583.TW,743.0,487,0.0509193776520509,0.05840455840455849,0.02908587257617734,-0.05553231450642837,0.06520929911847073,1.0024228152244388,0.04743779516458724,0.03697489836009682,-0.04212218233882359,545988715.5,1.2739369678887285,0.7483371516337536,-0.10937368765300048,-0.10937368765300048,-0.2236983953294791,0.043647909508006566,0.047596644078320136,0.32337732802227065,-0.287978425929855,43.18727490996399,52.73109243697479,31.308523409363747,67.34693877551021,46.82142857142858,3583,辛耘,TWSE,743000.0
1402.TW,28.600000381469727,487,0.012389394034326706,0.026929981677810577,-0.0034843337564944843,0.11718749825377017,0.13408258968261633,0.0732194593319424,0.017522027959705477,0.023896907489490804,0.06550505888870561,219193653.0280245,0.9219141699894131,0.4845333512048574,-0.05766062530491656,-0.05766062530491656,-0.05766062530491656,0.013260477473450327,-0.042546833174417875,0.19743533194207522,-0.09719936493775416,48.229291716686674,31.41656662665066,66.38655462184875,40.648259303721495,46.520408163265316,1402,遠東新,TWSE,28600.000381469727
8039.TW,304.5,487,0.01331114808652245,0.14905660377358498,-0.06880733944954132,0.8017751479289941,1.2308974136822748,3.842935881743875,0.09120229349578923,0.18103364685348589,0.5222128749888493,5949471377.3,1.2350389328009053,0.5409034050763208,-0.13617021276595742,-0.13617021276595742,-0.13617021276595742,0.03051298294890778,-0.3360657220925393,0.7186729665123768,-0.3828125,54.72989195678271,45.08403361344538,36.54261704681873,39.951980792316924,46.464285714285715,8039,台虹,TWSE,304500.0
6613.TWO,290.0,487,0.058394160583941535,0.08614232209737827,0.09433962264150941,-0.17847025495750712,0.2543378592509087,0.6744640583575761,0.07646622123236835,0.03955072290596262,0.03569462124215095,61817138.15,1.326856500481526,0.4611123861922472,-0.21302578018995932,-0.21302578018995932,-0.24096479468143706,0.03480925492356418,0.15382970762734513,0.2710728898415791,-0.32835820895522383,49.8499399759904,45.444177671068424,16.710684273709486,78.63745498199282,46.43877551020408,6613,朋億*,TPEx,290000.0
4749.TWO,791.0,487,0.03263707571801566,0.07619047619047614,0.0050825921219821435,-0.07050528789659227,-0.10448849459192955,-0.07220845024322431,0.052841740982297436,0.025962515402408126,-0.09953061498169846,501975389.55,1.5660953212834317,1.255219764635652,-0.08660508083140872,-0.08660508083140872,-0.320935551319004,0.031366427687520126,0.02858435475417957,0.3550162484990809,-0.233256351039261,33.84153661464586,70.04201680672269,30.7563025210084,61.35054021608644,46.40096038415366,4749,新應材,TPEx,791000.0
6670.TW,274.0,487,0.007352941176470562,0.005504587155963359,-0.007246376811594235,0.05587668593448947,0.10124144955307601,0.08275044936564213,0.0033873477982240274,0.019946024754164515,0.05068777147212056,40518955.225,0.8464420373114926,0.6965987825314173,-0.04695652173913045,-0.04695652173913045,-0.04695652173913045,0.009164535379369121,-0.025871938789757392,0.12117370852582718,-0.06959706959706957,42.59303721488595,34.375750300120046,72.24489795918367,41.788715486194484,46.3484393757503,6670,復盛應用,TWSE,274000.0
6525.TW,142.0,487,0.047970479704797064,0.07169811320754715,0.06367041198501866,-0.2623376623376623,0.6783791085616504,0.7580174577382393,0.06666666666666665,0.012778603268944977,0.06767083218121606,124938925.5,1.89760472956411,0.5208775003417977,-0.2623376623376623,-0.2623376623376623,-0.35746606334841624,0.0320528767085424,0.1511162994309061,0.3181955632330535,-0.41514360313315923,47.88715486194478,56.89675870348139,6.4585834333733505,77.65306122448979,46.318727490996395,6525,捷敏-KY,TWSE,142000.0
8027.TWO,208.5,487,-0.060810810810810856,0.1615598885793872,0.12398921832884091,-0.13485477178423233,0.4329896907216495,1.2564934692301324,0.11229661242998135,0.12096774193548376,0.008240817231166098,594158369.05,1.611426239148079,1.2652954358523791,-0.1454918032786885,-0.1454918032786885,-0.28839590443686003,-0.09180811539302108,0.168940808923585,0.6767466731717103,-0.4098360655737705,45.84033613445378,70.56422569027612,20.07202881152461,42.06482593037215,46.30132052821129,8027,鈦昇,TPEx,208500.0
2454.TW,4835.0,487,-0.017276422764227695,-0.03493013972055892,0.015756302521008347,0.2640522875816993,1.5666959377025265,2.5289502464623244,-0.00010340192327573661,0.15476474802961548,0.2242005267038385,33486516758.25,0.7447954742346553,0.8584838144533965,-0.08514664143803219,-0.08514664143803219,-0.08514664143803219,-0.02121549839447978,-0.07226112667289142,0.5208790435973941,-0.18709677419354842,59.67587034813925,34.057623049219686,53.9015606242497,20.450180072028814,46.23259303721488,2454,聯發科,TWSE,4835000.0
6415.TW,456.5,487,0.11613691931540338,0.06783625730994158,0.09210526315789469,-0.12881679389312972,0.509090909090909,0.6745639790668756,0.08265148820111468,0.04454275036229105,-0.05059835873794394,943695984.8,0.7390728978245716,0.6274022267770184,-0.12881679389312972,-0.12881679389312972,-0.3216939078751857,0.0931106035259297,0.1350441944556046,0.41846747994817834,-0.25496031746031744,56.34453781512605,26.356542617046816,20.43217286914766,86.29051620648261,46.15696278511405,6415,矽力*-KY,TWSE,456500.0
4542.TWO,337.0,487,-0.02034883720930236,0.11404958677685961,0.17013888888888884,-0.04802259887005644,0.9650145772594751,4.378430492989611,0.10855263157894735,0.1489942038868053,0.15369802439198343,283408740.3,0.7263266137088118,1.1451502675709335,-0.09408602150537637,-0.09408602150537637,-0.3178137651821862,-0.06288355943152457,0.1861464218455743,0.7919964038293145,-0.38844086021505375,58.96458583433373,39.849939975990395,28.355342136854745,45.642256902761105,46.06572629051621,4542,科嶠,TPEx,337000.0
4743.TWO,47.099998474121094,487,-0.0010605100771919895,0.052513932382594275,0.03289473794283748,-0.07647061815448841,-0.15439860271133887,-0.3193641538835714,0.0361326160715052,0.018304952358689563,-0.03596377126218331,58736216.228260234,1.9933380105241725,0.9177920013567253,-0.07647061815448841,-0.07647061815448841,-0.21105531202338246,-0.00928419456290136,0.058384943994333624,0.32576982709067953,-0.18836290124952781,32.7671068427371,69.66386554621849,42.59303721488595,46.512605042016816,46.018307322929175,4743,合一,TPEx,47099.998474121094
8064.TWO,136.0,487,-0.06529209621993126,-0.01449275362318836,0.11020408163265305,0.011152416356877248,0.8194282625441325,2.117245725803335,0.030303030303030276,0.19411721798644788,0.12226746035197622,1540821049.3,0.45994307468885465,2.9411053345467084,-0.06529209621993126,-0.06529209621993126,-0.2057799718415284,-0.09284311662809452,0.10648660951369397,0.8115654482881117,-0.36183207271663287,56.014405762304925,34.675870348139256,46.74669867947179,36.962785114045616,45.96848739495799,8064,東捷,TPEx,136000.0
1312.TW,15.050000190734863,487,0.003333346048990826,0.030821903938870854,0.06737587117470079,0.12734080604408038,0.06737587117470079,0.60106391505237,0.028005473491251376,0.1258649823351825,0.15655800534990583,215861973.0784081,0.4796370377366566,0.4413673706277171,-0.03833862251887754,-0.03833862251887754,-0.03833862251887754,-0.01351062174468437,0.024928935826673992,0.3627243740611156,-0.21863800949367418,57.56302521008404,7.509003601440576,75.75030012004802,38.57142857142858,45.83823529411765,1312,國喬,TWSE,15050.000190734863
3231.TW,185.0,487,0.0027100271002709064,-0.008042895442359255,-0.060913705583756306,0.28919860627177707,0.4312249643703585,0.5784702827662522,-0.0021574973031284195,0.029064107912668558,0.13519328661692187,8022294018.925,0.7709545394675944,0.8842688827180976,-0.06565656565656564,-0.06565656565656564,-0.06565656565656564,0.017938453496209983,-0.15731324100768201,0.3334296443908865,-0.1091370558375635,47.262905162064826,36.15846338535414,61.992797118847534,36.626650660264104,45.83733493397359,3231,緯創,TWSE,185000.0
6902.TW,138.0,487,-0.13207547169811318,-0.10967741935483866,0.09523809523809534,0.029850746268656803,0.46964853841846965,0.7945383259005439,-0.038495035708064784,0.05122833745953148,0.0755621372017965,84022927.675,0.9867196043104265,6.769811500142293,-0.21813031161473084,-0.21813031161473084,-0.21813031161473084,-0.15588499550763701,0.08528784648187641,0.7639819962805828,-0.21813031161473084,53.98559423769508,63.949579831932766,18.00720288115246,30.97839135654262,45.82983193277312,6902,GOGOLOOK,TWSE,138000.0
3483.TWO,79.0,487,-0.0012642032370431266,0.0646900707436151,0.006369426751592355,-0.03825867469445332,-0.07399913326211272,-0.27231077700505857,0.020012911555842505,0.04798901295224578,-0.04013069596035035,26479772.681848146,1.3212370756096161,1.0715860160381312,-0.03825867469445332,-0.03825867469445332,-0.25584721921382036,-0.0028565599249412155,0.019122318316410127,0.37247174835011937,-0.15476185974363466,32.90516206482593,62.35894357743096,52.388955582232896,43.93157262905162,45.819327731092436,3483,力致,TPEx,79000.0
3685.TWO,35.29999923706055,487,0.008571406773158374,-0.01944446563720703,-0.044654979480645784,0.053731320509269986,0.07132013413378302,0.1573770241659196,-0.015273053922973956,-0.039564697626181644,0.06012636086472756,20355527.88668976,2.1357780729706373,0.9438857591519614,-0.1390244088521818,-0.1390244088521818,-0.1390244088521818,0.01973515164331982,-0.06256541965040245,0.24739117932541232,-0.16829272014338792,35.89435774309724,71.82472989195679,35.65426170468187,42.208883553421366,45.77611044417767,3685,元創精密,TPEx,35299.99923706055
6435.TWO,257.0,487,0.01984126984126977,0.05112474437627812,0.021868787276341894,-0.22992318504400377,0.6082397168967535,1.5360703460831608,0.026665335064416373,0.0013385383754511704,-0.018719180212311115,138013432.25,4.483490587741571,0.8252114270826287,-0.22992318504400377,-0.22992318504400377,-0.37202068026042123,0.014374073022184297,0.09850984895767649,0.4121917177356443,-0.3624222433559551,39.21968787515006,75.95438175270108,6.7466986794717885,64.93397358943578,45.76590636254502,6435,大中,TPEx,257000.0
2727.TW,233.5,487,-0.010593220338983023,0.028634361233480066,0.01521739130434785,0.04942301695703555,0.11224879987015846,0.08576671377224887,0.012356384131801512,0.015339915109137126,0.03536660630814725,44866119.7,0.7386772810628675,0.757407000570107,-0.0331262939958592,-0.0331262939958592,-0.0331262939958592,-0.014397568165069985,-0.0012569476813306668,0.08067109004370922,-0.06004140786749479,43.57142857142857,30.270108043217288,78.41536614645858,33.727490996398565,45.73829531812725,2727,王品,TWSE,233500.0
6589.TW,50.599998474121094,487,-0.0524345125795711,-0.021276639701848565,0.06526312577097038,0.0,-0.01364523924658756,-0.16363638885750253,0.004267100549074199,0.03497644605850447,0.06878825322701498,36236791.26532936,0.8304464133711114,1.1614317955135014,-0.061224544681569015,-0.061224544681569015,-0.061224544681569015,-0.0687502940223137,0.06526312577097038,0.4665444154446015,-0.13878325948340298,41.32653061224491,45.40816326530613,64.24969987995198,33.24129651860744,45.71878751500601,6589,台康生技,TWSE,50599.998474121094
1309.TW,14.399999618530273,487,0.03225805128443526,0.04347821880453617,0.06666663840964993,-0.017064910847078285,-0.2989185525925282,0.34077782993075134,0.03615755556120481,0.059342785308289736,-0.03277727709246292,27232591.91065984,0.8468089054519543,0.9360464348588907,-0.06493506654355596,-0.06493506654355596,-0.3006038631120095,0.015591391682022782,0.07235494202534269,0.3338963327115244,-0.21103896626655694,45.70828331332533,41.260504201680675,38.94357743097239,61.92076830732293,45.67527010804322,1309,台達化,TWSE,14399.999618530273
2303.TW,148.5,487,-0.03883495145631066,-0.05414012738853502,0.03846153846153855,-0.032573289902280145,1.2114416891957527,2.508512755140437,-0.009504752376188197,0.10449981405727038,0.15617906566408912,27125081641.675,1.095712146436334,1.212982034346628,-0.10542168674698793,-0.10542168674698793,-0.15382930630946534,-0.0484503360716953,0.049319301762298595,0.4827745098870771,-0.3825301204819277,45.9483793517407,57.244897959183675,40.096038415366145,32.47899159663866,45.58163265306123,2303,聯電,TWSE,148500.0
3048.TW,53.400001525878906,487,0.03288202587722355,0.045009845801122994,-0.0018691303574036588,-0.06968640929733416,0.3801431776945594,0.4015406595761084,0.03679256789583385,0.004011056382156486,-0.04025469396802861,65949886.60280132,2.4255303551364333,0.4655799680043327,-0.12026357735266424,-0.12026357735266424,-0.2787283846358757,0.03334930846657447,0.02135967274170773,0.24155249354158423,-0.2513134651067427,41.470588235294116,59.585834333733494,24.129651860744296,61.248499399759915,45.49789915966387,3048,益登,TWSE,53400.001525878906
2375.TW,129.5,487,0.09745762711864403,0.09282700421940926,0.019685039370078705,-0.29313167901498827,0.4945215716007316,0.8062242063156357,0.07002685395579422,0.02409248917668405,-0.04392575747239735,363526265.325,2.731491892628949,0.49361546658501754,-0.29313167901498827,-0.29313167901498827,-0.43754560835338596,0.09253636727612435,0.11739559904174146,0.3277922974589739,-0.3837209125240254,41.686674669867955,61.860744297719094,2.9531812725090036,84.86194477791116,45.45978391356543,2375,凱美,TWSE,129500.0
2515.TW,12.149999618530273,487,0.021008404034795758,0.012499968210856194,0.021008404034795758,-0.054909988993655734,-0.06529564151343448,0.20725040201571665,0.018227503583012172,0.01102568805729498,-0.012084802764885105,59629123.36045928,0.9591022200378798,0.9529491015067443,-0.08210679298141055,-0.08210679298141055,-0.1077821616071325,0.01575630302609682,0.039311733699347665,0.17161683405953548,-0.11988017717224986,36.944777911164465,46.90876350540216,51.81272509003601,56.62064825930373,45.36074429771909,2515,中工,TWSE,12149.999618530273
5328.TWO,58.0,487,0.09227875078503023,0.10898663185639879,-0.03875940371081865,-0.10783943594037615,1.1451213516039718,2.4730541302152713,0.05416383897669319,-0.03748752126618893,0.12290258447875058,281633370.3355711,3.8505485327723226,0.48817107640660246,-0.15192874849245497,-0.15192874849245497,-0.29190169267158506,0.10196860171273489,-0.0028129250640266043,0.4888528691655334,-0.2469712163338178,38.4453781512605,64.69987995198079,18.60744297719088,66.4405762304922,45.24069627851141,5328,華容,TPEx,58000.0
3066.TWO,27.0,487,-0.0753424899129348,-0.05923347448598948,0.125,0.026615999362959997,0.24137931034482762,0.7419354838709677,0.006054963984904571,0.10678417362406512,0.17689792626988066,53301162.43659334,0.5576681324858893,1.589011636139329,-0.09698995503441488,-0.09698995503441488,-0.1059602874866944,-0.1065924899129348,0.11612800021234666,0.6249333843648828,-0.2564102525517653,54.08763505402161,34.65186074429772,46.962785114045616,36.932773109243705,45.23049219687876,3066,李洲,TPEx,27000.0
6538.TWO,332.0,487,-0.0674157303370787,-0.22157092614302465,0.08852459016393444,1.220735785953177,3.536874068521379,3.0400563989998064,-0.09561427403977119,0.386317767415965,0.9246819918483935,750361410.125,1.382969215033509,0.6467128624369997,-0.25476992143658805,-0.25476992143658805,-0.25476992143658805,-0.08954687787806231,-0.3183873384871246,1.1250141116779735,-0.3221099887766554,72.10684273709484,51.87875150060024,13.493397358943579,4.417767106842737,45.17376950780312,6538,倉和,TPEx,332000.0
3029.TW,115.5,487,-0.03749999999999998,-0.045454545454545414,0.0547945205479452,0.13235294117647056,0.18461538461538463,-0.030826667718287015,-0.018274543136421628,0.04002521225610356,0.09341348464325994,458347524.675,0.34448474181211536,4.2762760212328095,-0.07599999999999996,-0.07599999999999996,-0.07599999999999996,-0.05119863013698628,0.010676873489121684,0.3931171661837468,-0.07599999999999996,53.2953181272509,33.66746698679472,57.62304921968787,25.888355342136858,45.142857142857146,3029,零壹,TWSE,115500.0
3163.TWO,702.0,487,0.09175738724727833,0.052473763118440875,-0.06648936170212771,0.10285216220647753,-0.27124309232636157,2.542351742376166,0.03992296866898748,0.039287535340409185,-0.06719137442023082,1541807482.55,2.767739544955416,0.769402696511552,-0.10344827586206895,-0.10344827586206895,-0.3612825386346393,0.10837972767281026,-0.10077341577095356,0.5048026925562163,-0.23358848946317423,36.63265306122449,70.12605042016807,23.43337334933974,54.867947178871546,45.101440576230495,3163,波若威,TPEx,702000.0
2377.TW,156.0,487,0.0331125827814569,0.019607843137254832,-0.01577287066246058,0.07427666437176406,0.7687704274144109,0.3328162132022856,0.0224479764050467,0.05172669271091057,0.16358013478526146,910328687.7,0.5565956025404247,0.38270542835136184,-0.04967838529236546,-0.04967838529236546,-0.04967838529236546,0.037055800447072046,-0.04053175878638193,0.30952074375539573,-0.14714726885212281,51.48859543817527,9.831932773109243,71.40456182472988,51.194477791116455,45.01350540216086,2377,微星,TWSE,156000.0
2027.TW,47.75,487,0.006322428498143573,0.02357981646604812,-0.027494878127799383,0.256578947368421,0.3306935004320346,0.29934198199701934,0.009727219943079346,0.023506718715298414,0.11642627495019764,531635006.77149564,0.7549324337574245,0.6087217479260402,-0.06372549019607843,-0.06372549019607843,-0.06372549019607843,0.013196148030093419,-0.11302119391727306,0.24241841402869063,-0.11764705882352944,50.87635054021608,26.830732292917165,63.073229291716686,34.47779111644658,44.844537815126046,2027,大成鋼,TWSE,47750.0
2002.TW,18.950000762939453,487,-0.013020832815931915,0.01608585257616335,-0.002631538792660315,0.03804354299352908,-0.04260651725677411,-0.017994887577913454,0.004638874112098179,-0.0006352448572862768,0.005581398630034817,549357507.4445068,0.8958523687274883,0.9111786057964119,-0.04050629048407828,-0.04050629048407828,-0.049751282324235535,-0.012362948117766837,-0.01531271979050334,0.12201874275848788,-0.05569622184656842,36.39855942376951,42.6890756302521,74.093637454982,31.84873949579832,44.827731092436984,2002,中鋼,TWSE,18950.000762939453
3062.TW,22.350000381469727,487,-0.024017434332858967,-0.03455720303425802,0.09024392104730383,-0.04282655176286798,-0.2731707193017975,-0.07261410673443636,0.03400418324838572,0.06083381898348805,-0.0688308122973268,42079783.316584684,0.8259251948812724,1.9598784502751194,-0.04282655176286798,-0.04282655176286798,-0.28821653971358063,-0.046578414594684925,0.10451943830159316,0.45915490199109,-0.210752671764743,40.18007202881153,51.5486194477791,48.13925570228091,41.434573829531814,44.80222088835534,3062,建漢,TWSE,22350.000381469727
2348.TW,70.5999984741211,487,0.0,-0.03287673323121787,-0.008426945222445026,0.03716620883262345,0.016026628846724122,-0.1118253459023214,-0.01078886400442236,0.003663170684907735,0.05058675922396261,28551498.245868683,0.6631773024029365,1.3055152061313788,-0.04851750164669488,-0.04851750164669488,-0.04851750164669488,0.0021067363056112565,-0.020815681499986173,0.24166196848790533,-0.06883611782681354,38.02821128451381,37.46698679471788,71.71668667466986,39.07563025210084,44.78271308523409,2348,海悅,TWSE,70599.9984741211
4971.TWO,604.0,487,0.12059369202226344,0.03958691910499135,-0.00983606557377048,0.4141960709217629,-0.13284253094898535,2.6907066391378547,0.06253848183657307,0.17697241899851623,0.0391759542863479,1052649482.9,0.9695580008410537,0.6148131349167792,-0.09715994020926755,-0.09715994020926755,-0.3058762695405932,0.12305270841570606,-0.14790142254769145,0.7278398093099276,-0.27020785219399535,54.04561824729892,37.37695078031213,27.94717887154862,54.34573829531813,44.70378151260505,4971,IET-KY,TPEx,604000.0
2820.TW,16.850000381469727,487,0.0,-0.037142835344587066,0.0,0.01201205810941075,0.02601168254012487,0.0923077474722096,-0.013610402094882401,0.008982058770642398,0.018781292237662894,48339694.65540352,0.6446801338694532,1.0998544064860116,-0.037142835344587066,-0.037142835344587066,-0.037142835344587066,0.0,-0.004004019369803584,0.13152301482408496,-0.0514285496303013,37.69207683073229,32.58703481392557,76.39855942376951,40.58523409363745,44.591086434573825,2820,華票,TWSE,16850.000381469727
2812.TW,18.850000381469727,487,0.0,-0.0182291858105188,-0.020779200962611655,-0.005976115052485631,-0.005976115052485631,-0.09018483661801036,-0.013088985263365216,-0.005554581407708703,0.018679055508099784,307953389.0953205,0.6968714828852514,1.2603192730965787,-0.0333333137707833,-0.0333333137707833,-0.0333333137707833,0.005194800240652914,-0.01878716261178311,0.13570724274618484,-0.04871798784304893,31.623649459783913,39.96998799519808,78.17527010804322,41.33853541416567,44.47779111644658,2812,台中銀,TWSE,18850.000381469727
2543.TW,39.150001525878906,487,0.016883156516335207,0.01953124922389793,0.012936610097290968,0.01269542707478255,-0.3023459210476227,-0.4400921128507902,0.01827170278470658,0.02332727995921724,-0.0325188274052951,30095953.484889794,1.0465547412465361,0.9527515795033357,-0.04512191400295351,-0.04512191400295351,-0.3023459210476227,0.013649003992012465,0.00870480107236345,0.24975245461605705,-0.11125005969297752,37.61704681872749,49.831932773109244,46.65066026410564,50.3061224489796,44.38085234093638,2543,皇昌,TWSE,39150.001525878906
3706.TW,80.9000015258789,487,0.020176524748388713,0.013784441504440137,-0.002946761768429451,0.01681850297113563,0.11506182212809457,0.05156177931961481,0.011502886113215594,0.013981442931611188,0.0404674728470833,569699220.4946129,0.6841440517313098,0.6011686917240219,-0.03524424948262672,-0.03524424948262672,-0.07672875574305893,0.020913215190496076,-0.00855292942547466,0.23603894325608518,-0.08586946584348476,41.93877551020408,22.23889555822329,71.74069627851142,51.068427370948385,44.343637454982,3706,神達,TWSE,80900.0015258789
3617.TW,245.5,487,0.01446280991735538,-0.014056224899598346,-0.012072434607645843,0.11758446923815047,0.3593837223793521,0.18166617029957188,0.01101616390404625,0.04430122941440673,0.13617099559838608,66072875.725,0.6875061251735851,0.34863383758541916,-0.05576923076923079,-0.05576923076923079,-0.05576923076923079,0.01748091856926684,-0.05126725768702933,0.20548840606021107,-0.09734514089371427,50.33013205282113,17.16686674669868,67.40696278511405,42.49699879951981,44.2797118847539,3617,碩天,TWSE,245500.0
5351.TWO,114.5,487,0.03619909502262453,0.04566210045662111,-0.03375527426160341,0.14500000000000002,0.7218045112781954,2.077956926121108,0.03502824858757059,0.07468009783823049,0.2070207501596244,1057143872.625,1.0400348881751502,0.585657076957304,-0.15498154981549817,-0.15498154981549817,-0.15498154981549817,0.04463791358802538,-0.08208860759493675,0.5125281283655828,-0.3674641294342479,52.60504201680673,38.31332533013205,31.428571428571434,47.67707082833134,44.057623049219686,5351,鈺創,TPEx,114500.0
8050.TWO,60.599998474121094,487,-0.04716981245244378,0.025380711315192706,0.07067137999710194,0.030192912076328238,0.5227851357994018,0.23258840503357114,0.019515462590578014,0.030569247548657863,0.11234550873281401,99793191.8825058,0.8700180089196229,0.8564018520350466,-0.12173915254896961,-0.12173915254896961,-0.12173915254896961,-0.06483765745171927,0.06060707597165919,0.3626268880372015,-0.21449274256609485,52.971188475390164,40.21608643457383,39.42376950780313,32.599039615846344,44.01710684273711,8050,廣積,TPEx,60599.998474121094
2408.TW,514.0,487,-0.009633911368015391,-0.003875968992248069,-0.005802707930367523,0.21513002364066192,1.4152318293897443,5.381831273044039,0.010220125786163603,0.07064745703870856,0.25080313204116833,21555391421.925,0.6501166732256031,0.5032350877007075,-0.05340699815837935,-0.05340699815837935,-0.05340699815837935,-0.00818323438542351,-0.07751271581058816,0.5030482574259293,-0.31808731808731805,55.68427370948379,16.752701080432175,68.73949579831933,25.22208883553422,43.993097238895565,2408,南亞科,TWSE,514000.0
2903.TW,21.950000762939453,487,-0.009029293861635312,-0.02008923496670778,-0.0134831117780021,-0.002272692593661252,0.007006355325793523,0.0432132076571472,-0.006562531041894193,-0.01025810699320684,0.0038898093271182432,24307985.08106146,1.209504594444851,0.4813643654835867,-0.03728063607736676,-0.03728063607736676,-0.040847319230849055,-0.005658515917134788,-0.012725547580115015,0.12345105393991933,-0.04605259965771458,31.974789915966383,42.22088835534214,75.9423769507803,35.99039615846338,43.93217286914766,2903,遠百,TWSE,21950.000762939453
2597.TW,165.5,487,-0.014880952380952328,-0.032163742690058506,-0.032163742690058506,-0.017804154302670572,0.1608412909086765,0.14187329955365047,-0.01882318067289168,-0.007744191856107863,0.010113347077121304,33528790.175,1.344989343787756,0.9884044515362795,-0.05428571428571427,-0.05428571428571427,-0.1435950253347622,-0.006840016708437702,-0.026229024589168315,0.18840179148296718,-0.06571428571428573,29.957983193277308,61.16446578631453,58.17527010804322,33.04321728691477,43.86584633853542,2597,潤弘,TWSE,165500.0
1528.TW,24.049999237060547,487,-0.06963253840798744,-0.11090573325746245,0.25587465880619886,0.0688888549804687,-0.19295302507421064,0.48456778422377855,-0.00031178004922438607,0.16006106705047318,0.031838223589440995,274229219.83301306,0.26559511740720676,17.769618047294806,-0.11090573325746245,-0.11090573325746245,-0.2166124221699265,-0.13360120310953716,0.23291170714604262,0.800663022781859,-0.2674157646264923,55.70828331332533,35.222088835534215,31.54861944777911,42.77911164465787,43.81542617046819,1528,恩德,TWSE,24049.999237060547
1319.TW,80.0,487,0.026957617881733453,-0.0037360278998301855,-0.020807796961353042,0.06382983040626322,0.05439658547077442,-0.11876268288866221,0.013620516017344597,0.024284070449518635,0.010850923090526488,94755075.06206818,1.0494112939964366,0.4756661186159133,-0.046483926757450056,-0.046483926757450056,-0.21265156579000122,0.032159567122071714,-0.04208440709677412,0.1982233449625254,-0.0727513242197052,41.41656662665066,36.12244897959184,53.613445378151255,49.7358943577431,43.78031212484994,1319,東陽,TWSE,80000.0
6903.TWO,327.0,487,0.03645007923930277,0.0721311475409836,0.03809523809523818,-0.16368286445012792,-0.12721628454456912,1.4310993443715718,0.06065520596821283,0.021821780115619083,-0.0777920288427304,77089486.025,1.5648622092384923,0.9330256499915784,-0.19458128078817738,-0.19458128078817738,-0.22977838097660852,0.026926269715493223,0.09265619291194749,0.34194655530559875,-0.3214285714285714,34.02761104441777,63.45138055222089,18.751500600240096,69.8499399759904,43.70168067226891,6903,巨漢,TPEx,327000.0
3152.TWO,242.5,487,0.04978354978354971,0.08744394618834073,0.03854389721627416,-0.045160753855620794,-0.1427693603565351,0.10262115075980871,0.06511474689799046,0.0541435786352682,-0.09428128727318763,22312453.525,1.1839178711566065,0.39444528605956386,-0.06909788867562383,-0.06909788867562383,-0.3508163731812419,0.04014757547948117,0.05359748183481442,0.2929112934270842,-0.2112403312427742,41.46458583433373,39.81392557022809,34.83793517406963,67.64105642256904,43.6530612244898,3152,璟德,TPEx,242500.0
6284.TWO,80.0,487,0.058201079559347946,0.05540892848479628,0.0012515453343102667,-0.18283964501417516,-0.07445184113360448,0.10488875467041137,0.039771248262847836,0.027969331912332196,-0.06991671306471658,81455016.05266723,2.728491470661268,0.8833813159690512,-0.18283964501417516,-0.18283964501417516,-0.34241295818532425,0.05788819322577038,0.06219809367236865,0.35799097674904296,-0.29469126412037217,29.921968787515006,73.3373349339736,12.34093637454982,72.52701080432173,43.65036014405763,6284,佳邦,TPEx,80000.0
6651.TWO,142.5,487,-0.023972602739726012,-0.07467532467532467,-0.030612244897959218,-0.0034965034965035446,0.5505984508593529,1.096473360539123,-0.030282408982647113,0.03179870874313662,0.051809296221802414,31950948.3,1.714947307259168,0.8891369436778728,-0.08653846153846156,-0.08653846153846156,-0.15680473372781067,-0.016319541515236208,-0.029446743732458036,0.4755425367197666,-0.20727272727272728,35.42617046818727,64.44777911164466,45.33013205282113,27.797118847539014,43.51800720288115,6651,全宇昕,TPEx,142500.0
2401.TW,26.450000762939453,487,-0.011214924749927024,0.007619076683407666,0.035225109696811474,-0.17084636115246188,0.16519823233320485,0.10901468930330904,0.033909929938814365,0.005321196983321563,-0.034744898389544976,73978957.89603463,2.0964055026967263,1.1924830796015573,-0.17084636115246188,-0.17084636115246188,-0.24212035511441576,-0.020021202174129893,0.0921738967476321,0.3188934352994631,-0.2483974298233269,33.055222088835535,76.77070828331333,20.312124849939977,46.896758703481396,43.51170468187275,2401,凌陽,TWSE,26450.000762939453
3178.TWO,67.0999984741211,487,-0.033141253619427546,-0.11594206686224318,0.08400641066330494,0.0370943066318663,-0.04142859322684156,0.10909088386977017,0.012830159815200748,0.07165670171442118,0.02685742337580921,34667139.993723296,0.5740565584962323,9.772187810866775,-0.11594206686224318,-0.11594206686224318,-0.11594206686224318,-0.05414285628525378,0.07164164178601617,0.639651597640919,-0.23762370788590226,47.436974789915965,43.02521008403362,41.24849939975991,35.28211284513806,43.27310924369748,3178,公準,TPEx,67099.9984741211
2329.TW,45.400001525878906,487,0.013392908460632569,0.03181821649724781,0.04849889897967863,-0.10276674120655716,-0.23507136431730147,-0.04875265929663408,0.041403868449549686,0.034954445079335095,-0.08715532417749128,109453440.76768818,1.2130034808163346,1.2231212526836688,-0.11673151404439386,-0.11673151404439386,-0.258362456471082,0.0012681837157129117,0.08275447938186434,0.24016743268824572,-0.26945528944868125,35.15606242496999,61.74069627851141,27.010804321728692,55.58223289315727,43.237094837935174,2329,華泰,TWSE,45400.001525878906
4526.TW,33.45000076293945,487,-0.01762110095638547,0.026073691061461846,0.034003163545689885,-0.06568273742802466,0.01788524700155847,-0.059352694909023285,0.04246203859828679,0.0817033434938308,-0.015180458625826732,79500759.20514354,1.1559651166061375,1.124019363148248,-0.06568273742802466,-0.06568273742802466,-0.22349244503457022,-0.026121891842807943,0.055897409355031444,0.3692579514981251,-0.26957674446941216,34.66386554621848,58.24729891956784,44.68187274909963,39.1296518607443,43.233193277310924,4526,東台,TWSE,33450.00076293945
2345.TW,2015.0,487,0.13521126760563384,0.09510869565217384,-0.04047619047619044,-0.15553019450418926,-0.001990229868587323,1.0535388222364777,0.056079664570230614,-0.03235863552759222,-0.10345537434132568,7676839803.75,1.435323406556985,1.4165685138026978,-0.1639004149377593,-0.1639004149377593,-0.26147275760032695,0.14533031522468146,0.01136720769187264,0.5608031086356681,-0.2634854771784232,27.20288115246099,69.73589435774309,20.168067226890756,72.26890756302521,43.1890756302521,2345,智邦,TWSE,2015000.0
4739.TW,87.4000015258789,487,-0.011312216999309177,0.06455545859027567,0.05939395788944135,-0.07903055721189611,-0.014390830147612221,0.3746249858705979,0.06872098331010701,0.04773133267096474,-0.06795440103430872,117254712.39230958,1.2503009832606078,1.0292452925843014,-0.07903055721189611,-0.07903055721189611,-0.3222041711120599,-0.026160706471669515,0.08573747696007339,0.4280883826005978,-0.24891306006390113,37.827130852340936,59.39975990396158,33.01320528211284,43.69747899159664,43.13805522208883,4739,康普,TWSE,87400.0015258789
1476.TW,297.0,487,0.08394160583941601,0.06451612903225801,-0.02941176470588236,-0.12903225806451613,-0.10242293613265419,-0.2901447727139944,0.047157338034376384,-0.054692058776722785,-0.07174245808957025,399168134.8,1.493834683941632,1.2095498631707937,-0.18518518518518523,-0.18518518518518523,-0.18518518518518523,0.0912945470158866,0.01359898798228968,0.2598959490979102,-0.2510288065843621,26.818727490996395,68.28331332533014,24.22569027611044,69.29171668667468,43.037214885954384,1476,儒鴻,TWSE,297000.0
6592.TW,56.599998474121094,487,-0.005272461225178771,-0.03741497944702066,-0.06600660232208055,-0.051926335832524484,-0.05469923873132765,-0.1070628477036133,-0.02882638043555663,-0.05572241691632018,-0.04284011674329136,28321319.197486114,1.8080918140378817,1.2184945078127112,-0.08856682987346631,-0.08856682987346631,-0.08856682987346631,0.011229189355341368,-0.048697823711239055,0.1258506670371004,-0.10789045270321984,20.69627851140456,73.55942376950782,52.10084033613445,39.243697478991606,42.97509003601441,6592,和潤企業,TWSE,56599.998474121094
6153.TW,18.0,487,-0.010989052448102776,0.034482781300221976,0.03746395413480741,-0.05511807239434641,0.031518579542336944,0.1428571428571428,0.02960103072432907,0.06226024897940263,-0.017936303449677338,40905567.507206246,1.1661582219275854,0.8214406447901195,-0.05511807239434641,-0.05511807239434641,-0.26380370395391406,-0.02035504098180463,0.05583664493292288,0.2660602535273173,-0.2780748957639114,37.02881152460984,50.85834333733494,46.12244897959184,41.25450180072029,42.93877551020408,6153,嘉聯益,TWSE,18000.0
6462.TWO,102.0,487,-0.037735849056603765,0.03343468240924374,0.014925373134328401,-0.04672897196261683,-0.12446351931330468,-0.19685039370078738,0.01608806637096749,0.024765160864745006,-0.08383919166941456,54609905.92819519,1.617096133562463,1.3462489201414902,-0.04672897196261683,-0.04672897196261683,-0.3419354838709677,-0.041467192340185866,0.030501697121867344,0.27057071709066144,-0.1497584541062802,29.162665066026406,71.39255702280911,43.985594237695075,30.77430972388955,42.92647058823529,6462,神盾,TPEx,102000.0
3229.TW,55.70000076293945,487,-0.049488016837787696,-0.07475082961743595,0.10079056210696735,0.45430814288481747,0.9928443378361318,2.8546713839556865,-0.0634720342507028,0.0746326363991805,0.18546371839256537,253479725.1962366,0.2604484957001961,2.1262842228858085,-0.17481480351200807,-0.17481480351200807,-0.17481480351200807,-0.07468565736452953,-0.05064548552130513,0.8772062330045357,-0.21359224799186738,70.70828331332534,29.555822328931573,26.194477791116448,13.145258103241298,42.88295318127251,3229,晟鈦,TWSE,55700.00076293945
5269.TW,1455.0,487,-0.003424657534246589,-0.013559322033898313,0.01041666666666674,-0.005732277873711,0.16383281268872407,-0.018729200902191878,0.00919022021848459,0.021115681553528054,0.03712124320969146,574653090.25,0.5118783512442375,0.8343919543541529,-0.026755852842809347,-0.026755852842809347,-0.0557583257949702,-0.006028824200913274,0.01232742595790374,0.3763542484584434,-0.11700558165304742,40.22208883553421,20.258103241296517,77.74309723889556,40.92436974789916,42.840636254501796,5269,祥碩,TWSE,1455000.0
9939.TW,127.5,487,0.011904761904761862,0.011904761904761862,-0.011627906976744207,0.02822580645161299,0.1704532497508746,0.030899191772388424,0.00990099009900991,-0.018412779880669916,0.029644111123663164,77223701.075,1.2411984698141048,0.5804915360094275,-0.11764705882352944,-0.11764705882352944,-0.11764705882352944,0.014811738648947914,-0.021036509127281867,0.15299411924121928,-0.1384083044982699,40.88835534213685,45.9483793517407,40.88835534213686,45.42617046818728,42.834033613445385,9939,宏全,TWSE,127500.0
3645.TW,74.30000305175781,487,-0.013280211945179365,0.053900752507203054,0.034818940024248235,-0.051085566335877686,-0.24936615059987355,0.039100564734482646,0.03590104784374937,0.06006567594507661,-0.113932302931398,212067545.7255783,1.2172024396651513,1.2397588794257721,-0.051085566335877686,-0.051085566335877686,-0.3579685206697857,-0.021984946951241424,0.05184746213620746,0.371287102246868,-0.22651221577067593,32.59903961584634,62.070828331332535,41.4405762304922,39.83793517406963,42.82112845138055,3645,達邁,TWSE,74300.00305175781
6695.TW,51.400001525878906,487,-0.06545451771129263,0.01782181239364178,0.05761323332651491,-0.04990752355628514,0.26600993738070855,0.009823182416719423,0.023547600019303783,0.022038143943750255,-0.00785764620526419,23664412.103121758,1.231603647394362,1.1194116564395449,-0.10763883875843783,-0.10763883875843783,-0.2539912861021778,-0.07985782604292135,0.07424907451194329,0.45421192928955495,-0.2083333388522821,41.63265306122449,60.690276110444174,29.819927971188477,33.535414165666275,42.81992797118848,6695,芯鼎,TWSE,51400.001525878906
8383.TWO,70.5999984741211,487,0.03216369735620295,0.053731320509269986,0.07458145743506006,-0.050126093049361886,0.2809919763605002,0.696045232843518,0.053416869511714093,-0.0020731398755782227,0.07985208034469804,69266523.45996284,0.981058063469259,0.5004257661952747,-0.2190265787339577,-0.2190265787339577,-0.2190265787339577,0.013518332997437932,0.09129015511818069,0.3427141619208523,-0.31084072803664875,53.157262905162064,34.25570228091237,17.767106842737096,62.911164465786314,42.816926770708285,8383,千附,TPEx,70599.9984741211
2731.TW,144.0,487,-0.0034602076124568004,0.0034843205574912606,-0.0034602076124568004,-0.006896551724137945,-0.02763815367571787,-0.030667373066328496,0.0071690855044588275,-0.001213802670365971,-0.02217799265987419,28129334.025,0.8455097240343877,0.7000578271621427,-0.020408163265306145,-0.020408163265306145,-0.1109834966634976,-0.0025951557093426003,-0.001161357037744152,0.12737540982363182,-0.04761904761904767,33.97959183673469,34.465786314525815,72.82112845138055,40.12004801920769,42.79051620648259,2731,雄獅,TWSE,144000.0
2344.TW,179.5,487,0.0,0.031609195402298784,-0.002777777777777768,0.0748502994011977,1.0033482484025318,4.268314660080366,0.02586083726246602,0.05645200843592124,0.12678708727951093,15710084295.05,0.6859878201444385,0.5886407599318174,-0.04521276595744683,-0.04521276595744683,-0.19144144144144148,0.000694444444444442,-0.027727877578177,0.5081221881383732,-0.3434903047091413,51.437575030012006,21.89075630252101,56.06242496998799,36.626650660264104,42.75420168067227,2344,華邦電,TWSE,179500.0
6669.TW,2240.0,487,0.0717703349282297,0.041860465116279055,-0.10040160642570284,0.34706852738963767,0.8580989674887765,1.199989305820679,0.020617382389793937,0.06809278854706236,0.19918448687208556,6848781779.75,0.6918972326863602,0.6970707209551041,-0.1434025619760716,-0.1434025619760716,-0.1434025619760716,0.09687073653465542,-0.21609111555558208,0.4445519717458729,-0.202676045410763,53.87755102040816,26.30252100840336,34.64585834333734,51.22448979591837,42.73949579831933,6669,緯穎,TWSE,2240000.0
3090.TW,174.0,487,0.08074534161490687,0.05775075987841949,0.014577259475218707,-0.32558139534883723,0.6284221707051878,1.330920737345369,0.04756170981336538,0.042957042957042946,-0.07015734155658182,680666442.125,1.897782534374235,0.3288282028643453,-0.32558139534883723,-0.32558139534883723,-0.4882352941176471,0.0771010267461022,0.12310439125816446,0.3736998770337269,-0.5096774193548388,40.978391356542616,53.235294117647065,1.6086434573829531,83.94957983193277,42.61434573829532,3090,日電貿,TWSE,174000.0
2912.TW,213.5,487,0.004705882352941115,-0.006976744186046546,-0.006976744186046546,-0.07397774902365817,-0.05221228699403335,-0.11109287095381659,-0.004081632653061273,-0.03107322403988122,-0.0284667892920496,337321429.15,1.359608156120866,0.8033161304418284,-0.09660968175167095,-0.09660968175167095,-0.09844582354341669,0.006450068399452752,0.017682505488506178,0.10227604440784098,-0.10930369090738523,28.91956782713085,56.14045618247298,48.139255702280906,49.0516206482593,42.58853541416566,2912,統一超,TWSE,213500.0
2406.TW,30.899999618530273,487,-0.01748811227557423,0.016447368627440007,0.13394494012955138,-0.16823692195530182,-0.057926818985516104,0.4045454372059216,0.06597670094110475,0.031059692112168413,-0.04654153822041962,214850569.47674912,1.1050468926288928,1.7914858754333136,-0.16823692195530182,-0.16823692195530182,-0.26076554587269374,-0.050974347307962076,0.190023914114652,0.45159623085826145,-0.2677053558026572,40.150060024009605,62.25690276110444,19.35174069627851,47.034813925570226,42.54981992797119,2406,國碩,TWSE,30899.999618530273
4977.TW,175.0,487,0.035502958579881616,0.005747126436781658,-0.02506963788300831,0.17365842536480858,-0.17105246514821604,0.3945823743309682,0.020408163265306145,0.13281348024335848,-0.00731083476809713,532018901.575,1.029393019608943,0.6349815572688416,-0.05405405405405406,-0.05405405405405406,-0.34266453790729257,0.041770368050633694,-0.08295577967127785,0.49077825183437723,-0.2737609055513467,43.43937575030012,39.639855942376954,40.98439375750301,47.02881152460985,42.53691476590637,4977,眾達-KY,TWSE,175000.0
3034.TW,529.0,487,-0.031135531135531136,-0.034671532846715314,-0.020370370370370372,0.13155080213903747,0.34088146837135036,0.26562000206041514,-0.028377261456515868,0.002637688942239258,0.06620772572796163,1587681564.2,0.7285505636309564,0.8527721308215568,-0.05197132616487454,-0.05197132616487454,-0.05197132616487454,-0.026042938542938543,-0.06422063775004952,0.23633818032582288,-0.08181818181818179,43.46338535414166,32.827130852340936,69.79591836734693,19.60984393757503,42.492797118847534,3034,聯詠,TWSE,529000.0
3450.TW,535.0,487,0.02294455066921608,-0.01834862385321101,-0.0854700854700855,0.03883495145631066,0.572062207136284,1.0737842118773488,0.017932740332017305,0.051821026590428865,0.10639077780653983,4135451470.475,1.5088193584086371,0.7579129418869416,-0.1718266253869969,-0.1718266253869969,-0.1718266253869969,0.044312072036737454,-0.09841506928885572,0.6204597086407088,-0.2947916666666667,39.4297719087635,57.310924369747895,26.698679471788715,46.734693877551024,42.449579831932766,3450,聯鈞,TWSE,535000.0
5475.TWO,193.0,487,0.07520891364902504,0.07821229050279332,-0.005154639175257714,0.07520891364902504,-0.4238805970149254,2.490054297698013,0.06762550131378786,0.1655762455963763,-0.14837286265857696,877692045.1,0.9917893546972685,0.5828331179034162,-0.05623471882640585,-0.05623471882640585,-0.5175000000000001,0.07649757344283947,-0.030224277058266063,0.5540947772739995,-0.4341736694677871,42.86914765906363,36.5906362545018,36.086434573829536,59.30372148859544,42.40816326530612,5475,德宏,TPEx,193000.0
6937.TW,292.5,487,-0.05032467532467533,-0.0266222961730449,0.020942408376963373,0.1470588235294117,-0.031105756580161126,0.17623763469792042,-0.012324835387472532,0.04557640750670244,0.024404331897297737,161050675.075,0.763548316327246,1.2071936907246594,-0.05032467532467533,-0.05032467532467533,-0.163415633865858,-0.05556027741891617,-0.028077199466173854,0.3167173229829386,-0.1924398625429553,43.847539015606245,42.95918367346938,57.262905162064826,17.755102040816325,42.394657863145255,6937,天虹,TWSE,292500.0
6472.TW,428.0,487,0.009433962264151052,0.017835909631391145,0.028846153846153744,0.04133616384747563,0.03277055661800832,-0.3622004689210214,0.021479713603818507,0.03194350492988218,0.06416913978766337,226292439.775,0.8179436197623576,0.4731235127006493,-0.08936170212765959,-0.08936170212765959,-0.08936170212765959,0.0022224238026126164,0.015067432563661868,0.38149109291990513,-0.1510638297872341,46.50060024009604,26.014405762304925,51.7406962785114,46.28451380552221,42.394657863145255,6472,保瑞,TWSE,428000.0
2453.TW,53.29999923706055,487,-0.005597000850762868,-0.02737226315480623,0.026974906936824583,-0.02201836262274226,0.0012290826816789835,-0.08831170356489082,-0.005875227935989824,0.013307975185514964,0.0025182831304177977,25336835.71083622,0.35417330037225947,2.6649716049255523,-0.03963965338629649,-0.03963965338629649,-0.12255359008999933,-0.012340727584969013,0.034314361144405336,0.2686914105658929,-0.05617977367558935,38.16926770708283,31.59663865546218,65.3061224489796,40.84033613445378,42.35414165666266,2453,凌群,TWSE,53299.99923706055
6231.TWO,234.5,487,-0.0021276595744680327,0.04921700223713654,0.09579439252336441,-0.07416581381904719,-0.0812467149360826,-0.15403531891446165,0.038529672276350624,0.05514458777767439,-0.08118410735452342,87077333.375,0.666261019612056,2.251715741898936,-0.07416581381904719,-0.07416581381904719,-0.3106054896793081,-0.026076257705309136,0.12051633046304681,0.541318530673009,-0.22910063951662762,42.86914765906363,43.001200480192075,35.390156062424964,48.60744297719088,42.2671068427371,6231,系微,TPEx,234500.0
6023.TWO,84.5,487,-0.00588235294117645,-0.03868033523159731,0.01930034312027873,-0.033547611217097706,0.014774986084801434,0.1745081853866861,-0.012504387659689309,-0.009611775007743795,0.0019796694660556557,58779432.24794388,0.5897065090682991,0.9892500326563319,-0.04266506609282039,-0.04266506609282039,-0.060393451690651134,-0.010707438721246132,0.030482880192644633,0.19960159337171604,-0.07098858484747061,36.5126050420168,28.199279711884753,71.9327731092437,40.75630252100841,42.15486194477791,6023,元大期,TPEx,84500.0
2617.TW,32.099998474121094,487,0.020667653272288478,-0.03603605977275626,-0.02431620105332022,0.1225738501462279,0.08126310649671042,0.2445477966009446,-0.01337025607004172,0.045630939843044116,0.09096697531839104,52622310.39170475,0.44928479357468243,0.6743169986190125,-0.04606249573468113,-0.04606249573468113,-0.04606249573468113,0.026746703535618532,-0.06517415110206284,0.2742984290174801,-0.07578011972594034,44.39975990396159,12.803121248499398,72.62905162064826,44.393757503001204,42.14555822328932,2617,台航,TWSE,32099.998474121094
3294.TWO,31.950000762939453,487,-0.015408320130797626,0.037337712804068834,0.07035177067446075,-0.13881396018854275,-0.039097721415354836,-0.37352939680510877,0.02915125412856967,0.034315334117042795,-0.05080212103286774,29973246.371011924,1.0596022698589935,3.3866528381076213,-0.13881396018854275,-0.13881396018854275,-0.24468081940420194,-0.03299626279941281,0.11662309073730834,0.42045399336203193,-0.2517482517482518,35.222088835534215,64.45378151260505,24.82593037214886,45.822328931572635,42.04081632653062,3294,英濟,TPEx,31950.000762939453
8040.TWO,90.19999694824219,487,-0.08426399037317578,0.08023948441008599,0.09333329634232945,0.01691093632027152,0.4182389797531938,0.5852371622032029,0.041871188455895325,0.1595320462415164,0.05372802674569921,285046163.6768967,0.5580808940399662,3.823026893142367,-0.09800003051757811,-0.09800003051757811,-0.27840002441406253,-0.10759731445875814,0.08769631756890561,0.5007175426745846,-0.28754365918722524,52.436974789915965,40.10804321728691,29.747899159663866,33.13925570228091,41.92226890756302,8040,九暘,TPEx,90199.99694824219
1717.TW,75.5999984741211,487,0.021621601001636348,0.054393329035901994,0.0285714078111714,0.04132231491808325,0.006171135878918044,0.8362018341925648,0.048252895091825954,0.07743466246976283,0.028803251735785684,518305803.4052021,0.8484204710920177,0.3330204903033545,-0.10743800238483892,-0.10743800238483892,-0.11475413204516283,0.014478749048843498,0.014797302838476986,0.2257058905911731,-0.23356644423691542,47.244897959183675,25.61824729891957,43.76950780312124,52.31692677070828,41.90396158463385,1717,長興,TWSE,75599.9984741211
7768.TW,300.5,372,0.0033388981636059967,0.0033388981636059967,0.06183745583038869,-0.1108296943704632,-0.3204553566573096,0.6005064778698348,0.050791153072820894,0.06498921543626457,-0.09300261753516093,26580243.2,1.6559967323774103,0.9014118143007842,-0.1108296943704632,-0.1108296943704632,-0.3742875668904886,-0.012120465793991175,0.09878068728720976,0.4979282799753695,-0.2888877018023869,35.13805522208884,63.89555822328932,20.816326530612248,50.912364945978396,41.82923169267707,7768,頌勝科技,TWSE,300500.0
4951.TWO,88.69999694824219,487,-0.030601126248719246,-0.1103309963561031,0.11853711897525598,0.03259598803988073,0.2819314172867602,0.17865564298251413,0.015803908133771527,0.0836675782108407,-0.05083823877809435,51609652.42325668,0.3881408641394618,3.7776285867116353,-0.1103309963561031,-0.1103309963561031,-0.3416366386636852,-0.06023540599253324,0.10767178962862907,0.6341488187433604,-0.13325474817330885,56.72869147659063,33.81752701080432,22.929171668667465,39.711884753901565,41.688475390156064,4951,精拓科,TPEx,88699.99694824219
3529.TWO,3015.0,487,-0.08774583963691374,0.06537102473498235,0.1731517509727627,0.1823529411764706,-0.18093805879884528,0.4624696109311002,0.01669195751138086,0.14919162722739254,-0.010820341321692628,4207709674.75,0.6145386694877164,1.0288482467784812,-0.08774583963691374,-0.08774583963691374,-0.35502133696612925,-0.1310337773801044,0.1123674372472725,0.6996130128776061,-0.23985890652557318,57.85114045618248,29.741896758703476,28.643457382953176,35.51020408163266,41.631152460984396,3529,力旺,TPEx,3015000.0
7822.TW,950.0,375,-0.04809619238476959,0.11764705882352944,0.021505376344086002,-0.013022437430271872,-0.41861320752955067,0.7645410994847792,0.053857673747850665,0.07222285860399746,-0.07646335246016256,166251722.45,1.7638985026934617,1.028988175116646,-0.050000000000000044,-0.050000000000000044,-0.41861320752955067,-0.05347253647079109,0.025846188820843292,0.4510822764912099,-0.2553626104255142,30.078031212484994,69.42376950780312,40.060024009603836,27.905162064825934,41.584933973589436,7822,倍利科,TWSE,950000.0
1229.TW,39.650001525878906,487,-0.006265663920785869,-0.014906794388101718,-0.04801920592385367,-0.016128975768910037,-0.04600703296081998,-0.1444962121318123,-0.017043656005481078,-0.0311742456050339,-0.008738735935677755,80380881.72337952,1.0313346408305222,1.1428916162332918,-0.06705878762637862,-0.06705878762637862,-0.06705878762637862,0.0057391375601775485,-0.04264288066755032,0.14879783141987263,-0.07176468793083635,25.642256902761105,53.54141656662665,61.36854741896759,37.75510204081633,41.57923169267707,1229,聯華,TWSE,39650.001525878906
1795.TW,182.5,487,0.019553072625698276,0.02528089887640439,0.011080332409972193,-0.04632579732924147,-0.2059450551252585,-0.013700211644705695,0.027300872502110884,0.0045521934906362915,-0.04101304414944895,119867986.45,1.1427375883677175,0.5977630053622647,-0.0745829080345719,-0.0745829080345719,-0.20762383279190177,0.016782989523205227,0.02652226485305268,0.22333824228855317,-0.1456790367996652,34.45378151260504,42.78511404561824,43.673469387755105,55.44417767106843,41.52911164465786,1795,美時,TWSE,182500.0
2059.TW,11790.0,487,-0.02198257984238905,-0.07890624999999996,-0.15210355987055013,0.4643052134981176,2.434422698670654,2.640487889713929,-0.04435753510709439,0.023957814211849948,0.3664830586446024,5277811127.0,1.1402693239380788,0.8713652795626525,-0.18459091223459434,-0.18459091223459434,-0.18459091223459434,0.016043310125248483,-0.3068719643699227,0.6897805709453516,-0.18977799294557018,46.67466986794717,51.236494597839126,24.393757503001197,34.117647058823536,41.47539015606242,2059,川湖,TWSE,11790000.0
2637.TW,96.80000305175781,487,0.0041493933563012675,-0.055609726324314046,-0.024193487604002417,0.1428572200647138,0.358084064872382,0.7177804055215835,-0.026401783451248995,0.054561991287177314,0.17060015058095357,299404285.42904246,0.6240982541512782,0.3829598985356596,-0.055609726324314046,-0.055609726324314046,-0.055609726324314046,0.010197765257301872,-0.071812560958907,0.4078117244977125,-0.10588238286037066,48.031212484994,13.15126050420168,67.70708283313326,35.888355342136855,41.424969987995205,2637,慧洋-KY,TWSE,96800.00305175781
3481.TW,52.5,487,-0.0402193918145245,0.0416666351298185,0.05105103499723129,-0.139344262295082,0.9710998280907677,2.8229516516433306,0.04858441663758417,0.06347063206294923,0.09666749286019205,10860458955.299881,1.2394664674176408,1.0247432839836987,-0.139344262295082,-0.139344262295082,-0.25952046727619327,-0.05298215056383232,0.0974991224289253,0.5153276796113103,-0.29230766622429216,40.30012004801921,58.64345738295318,23.289315726290518,39.045618247298925,41.29561824729892,3481,群創,TWSE,52500.0
5314.TWO,27.549999237060547,487,-0.04506069765060272,-0.05163511323216752,-0.21608236290686378,0.7784288335257565,0.41615640637664497,-0.09833720165391535,-0.13922759587365596,0.13457594119592375,0.3685172230078242,1101976463.4479334,1.455522115351912,5.56920837179593,-0.4103867148019156,-0.4103867148019156,-0.4103867148019156,0.008959893076113223,-0.4755586407487826,1.2123048879211806,-0.44355913467582997,41.770708283313326,78.12124849939977,2.4009603841536613,30.21608643457383,41.25120048019208,5314,世紀*,TPEx,27549.999237060547
2204.TW,51.599998474121094,487,-0.013384336006709185,-0.02087290840405298,-0.03731343389805564,-0.033639371381897765,0.003258026228123434,-0.13782516168690295,-0.01432666952959638,-0.020173240142734694,-0.005648242039889895,26423522.15099583,1.6211596117771465,0.5322248610005108,-0.06352087290245301,-0.06352087290245301,-0.06352087290245301,-0.004055977532195276,-0.026100310104089718,0.09877788849891658,-0.07259528331708909,25.714285714285715,52.43697478991597,63.19327731092437,34.53781512605042,41.214285714285715,2204,中華,TWSE,51599.998474121094
4746.TW,48.04999923706055,487,-0.018386139159374815,0.005230125606491054,0.0355602943301927,-0.05423747673702506,-0.050708489491526176,-0.21478360264170437,0.015802532124313373,-0.009265761915147164,-0.02546229364454533,30826647.437211037,0.8912710224555151,0.9101737287101088,-0.0748722883538524,-0.0748722883538524,-0.09301206307977816,-0.02727621274192299,0.053639453242534385,0.2555372205078469,-0.12878190183819282,34.309723889555826,42.292917166866744,55.89435774309723,37.917166866746705,41.16356542617047,4746,台耀,TWSE,48049.99923706055
1907.TW,28.299999237060547,487,-0.003521140239892029,-0.020761259148426192,-0.027491447901100474,0.0462107221906094,0.13132724269641294,0.1766710424336253,-0.011181018311643198,-0.02974203416287491,0.05139754999868118,20796553.43252611,1.1821652244249155,0.5729332458754001,-0.09294876458219958,-0.09294876458219958,-0.09294876458219958,0.0033517217353830897,-0.04289502196463694,0.17394590972734317,-0.11538462478968736,37.05882352941176,43.39735894357744,50.18007202881152,36.3265306122449,41.157863145258105,1907,永豐餘,TWSE,28299.999237060547
2464.TW,193.0,487,0.0025974025974024872,0.0025974025974024872,-0.049261083743842415,0.1656288071896328,1.6361631762223503,1.702435492267362,0.0161906015532447,0.08833345181466257,0.20066776662779362,2283721010.775,0.8767388020347552,0.6421823945627723,-0.13063063063063063,-0.13063063063063063,-0.13063063063063063,0.014912673533363091,-0.10447068614038668,0.5949986903712359,-0.2319748819425982,48.96158463385355,33.80552220888355,37.62304921968787,36.41656662665066,41.02310924369748,2464,盟立,TWSE,193000.0
4979.TWO,579.0,487,0.017574692442882345,-0.06310679611650483,-0.01864406779661021,0.3890000103226894,-0.006841308159128423,1.5303955803669225,0.008183876022984649,0.11008148266496232,0.06772377806599139,3619262514.15,0.7702914009410565,0.5516821818023995,-0.07949125596184414,-0.07949125596184414,-0.18942762595298268,0.022235709392034897,-0.14831073790417335,0.7354047196045892,-0.22742474916387956,49.35174069627851,26.290516206482593,43.96158463385354,39.237695078031216,40.99129651860744,4979,華星光,TPEx,579000.0
3714.TW,67.4000015258789,487,-0.035765378332279885,-0.02034885848516166,0.0029762587309454247,0.10673234543742804,-0.10017970426563105,0.7269279966518025,0.018050008712928722,0.12358304126562847,0.051605517205290496,943625312.6946347,0.7882878527000582,1.1087712783856856,-0.048022618352055124,-0.048022618352055124,-0.15987291753781152,-0.03650944301501624,-0.03260118974819726,0.41897423551858304,-0.24710745062709838,38.667466986794715,42.35894357743098,58.919567827130855,20.49819927971189,40.91536614645859,3714,富采,TWSE,67400.0015258789
3479.TWO,134.5,487,-0.011029411764705843,0.02281368821292773,0.0717131474103585,-0.056140350877192935,0.511236861896132,0.24002388721520518,0.016052880075543063,-6.195403010955669e-05,0.07073735378990786,79269345.475,0.6551376058142986,0.9736239458391283,-0.14057507987220452,-0.14057507987220452,-0.14057507987220452,-0.02895769861729547,0.09042659770275614,0.35185555277555247,-0.2204472843450479,49.447779111644664,30.552220888355343,35.05402160864345,43.20528211284514,40.90876350540217,3479,安勤,TPEx,134500.0
3504.TW,83.5999984741211,487,0.05689001373966218,0.06632649039586735,-0.010650905631703012,0.09424079586966161,0.3637846576607866,0.3290937431810015,0.03773584190909429,0.08154727557375274,0.08923897063954578,117087391.72609024,0.629572845052457,0.3377840671913119,-0.1134677012869647,-0.1134677012869647,-0.1134677012869647,0.059552740147587935,-0.04206450425492355,0.4191849832591685,-0.18345707838696967,52.38895558223289,12.707082833133255,42.11284513805522,55.07202881152461,40.81572629051621,3504,揚明光,TWSE,83599.9984741211
4532.TW,24.600000381469727,487,-0.01006036201860272,-0.021868757272477723,0.0468085268710523,-0.061068715071679214,0.01443300542143211,0.07224651181737984,0.008196736945480732,0.015934212453381003,0.011166693896724311,21887417.0078331,0.5552035932528507,1.560425524401782,-0.061068715071679214,-0.061068715071679214,-0.15463917323057863,-0.021762493736365796,0.0671647652282787,0.25626093875101014,-0.0914397008446215,37.5390156062425,34.08163265306123,53.94957983193277,43.01920768307323,40.77881152460984,4532,瑞智,TWSE,24600.000381469727
2467.TW,569.0,487,0.0556586270871986,0.08174904942965777,-0.08077544426494343,-0.043697478991596594,0.11534049364889731,1.9306141246387813,0.040029245110583034,0.03810016115790438,0.005027821157584267,505444071.8,1.1216686852220514,0.6883797770813073,-0.08814102564102566,-0.08814102564102566,-0.1401192534507082,0.07585248815343446,-0.06620961793441123,0.3682968571487214,-0.28548387096774197,29.849939975990395,45.234093637454976,46.818727490996395,54.2436974789916,40.74879951980792,2467,志聖,TWSE,569000.0
6223.TWO,5530.0,487,0.07902439024390251,0.006369426751592355,0.007285974499089187,-0.16716867469879515,0.12897193280460617,2.2833710169473345,0.007010834926704845,-0.015634734624855318,-0.0390312487649177,4972292068.25,0.9300806027167942,0.8780146212004015,-0.16716867469879515,-0.16716867469879515,-0.24811689645069857,0.07720289661913021,0.06300886606535425,0.5730570450265403,-0.24447949526813884,36.05642256902761,43.32533013205282,20.456182472989195,75.92436974789916,40.733793517406966,6223,旺矽,TPEx,5530000.0
8155.TWO,334.0,487,0.05696202531645578,0.01984732824427482,-0.03746397694524495,-0.02481751824817513,-0.04910081935628774,1.1941459700391999,0.018913971934106044,0.04122827527082862,-0.05684491659884883,211575635.65,1.172990363072333,0.8459653484229792,-0.10215053763440862,-0.10215053763440862,-0.257402943936613,0.06632801955276701,-0.029191470862519907,0.5087305880938114,-0.2651851851851852,32.38895558223289,51.81272509003601,30.66026410564226,57.49699879951981,40.66536614645858,8155,博智,TPEx,334000.0
2427.TW,22.950000762939453,487,-0.0171306043681142,-0.03571422274659175,0.05275236541861328,-0.06815776994953027,0.056642522142238194,-0.13774894214458155,-0.0093881071560864,0.011091268906345375,0.03632495570485128,27354353.142843533,0.47130316443939413,3.1365774361164034,-0.08260490766777251,-0.08260490766777251,-0.11186522246346409,-0.03031869572276752,0.0754716220684567,0.31592536625343415,-0.15116275789516542,38.36734693877551,35.52220888355342,51.260504201680675,41.01440576230492,40.63175270108043,2427,三商電,TWSE,22950.000762939453
6166.TW,131.0,487,-0.015037593984962405,0.043824701195219085,0.1293103448275863,-0.026022304832713727,0.8747448631427008,1.0716225258487828,0.07377049180327866,0.0344827586206895,0.07666180702090064,243390176.125,0.5571590214930732,1.020514043149669,-0.21321321321321318,-0.21321321321321318,-0.21321321321321318,-0.04736518019185898,0.13798444643849087,0.434600803241117,-0.34534534534534533,58.637454981992796,26.800720288115244,19.087635054021607,44.36974789915966,40.6281512605042,6166,凌華,TWSE,131000.0
7777.TWO,37.29999923706055,479,-0.018421072708933006,0.03899714907177465,-0.018421072708933006,-0.04968154810036818,0.4373832021620494,0.12573824263196487,0.010771613533170132,-0.029167765333313223,0.011686722627650026,51005031.81810494,2.0842818542708392,0.5777319243246554,-0.12028306852077741,-0.12028306852077741,-0.1599099559643048,-0.013815804531699755,-0.001860556675476948,0.3785049466646852,-0.19736842465502769,33.42737094837935,60.2641056422569,35.678271308523406,33.57743097238896,40.60924369747899,7777,能率亞洲,TPEx,37299.99923706055
8926.TW,60.29999923706055,487,0.01858105506663632,0.013445365328748737,0.04145073657915077,-0.12987017919718513,0.3917229930057642,0.34790104006606115,0.02708225177959589,0.012849574059110136,-0.013327753130771725,149900061.2405346,0.7554742229370799,0.942583846002072,-0.12987017919718513,-0.12987017919718513,-0.2555555649745611,0.008218370921848628,0.08474079631154582,0.2195935525660039,-0.17577545417438345,43.27130852340937,36.78271308523409,25.282112845138055,60.0,40.560624249699885,8926,台汽電,TWSE,60299.99923706055
2369.TW,32.70000076293945,487,0.017107284944227086,0.01395351202913031,0.05654280959164004,-0.20534630497219586,0.05144695697248447,0.6855670827800138,0.05748243256208041,0.019379664939999763,-0.025903886659411346,183884822.72358808,0.9447031212247043,1.2350578375663892,-0.20534630497219586,-0.20534630497219586,-0.2659932362975943,0.0029715825463170753,0.12499157791570532,0.3257185897670577,-0.34229832237268565,37.59303721488595,52.35294117647059,15.294117647058822,62.388955582232896,40.54261704681873,2369,菱生,TWSE,32700.000762939453
8016.TW,289.5,487,0.01936619718309851,0.02841918294849033,-0.006861063464837058,-0.11467889908256879,0.43218869738778243,0.3107639185147135,0.0229681978798586,-0.0009777419911428664,0.01580331666132362,142196036.1,1.0677276044157546,0.663085820107432,-0.11467889908256879,-0.11467889908256879,-0.2024793388429752,0.021081463049307775,0.031365236229352535,0.24819685507279296,-0.17770597738287564,36.45858343337335,42.196878751500606,32.43697478991597,58.655462184873954,40.41836734693878,8016,矽創,TWSE,289500.0
2354.TW,62.099998474121094,487,-0.0547944998681984,-0.043143343388694855,-0.0547944998681984,0.09717314749601513,0.21370949674104067,-0.09573484303951318,-0.044909269269471586,0.011016422187948072,0.056481487974772815,691196930.3633732,1.1094208332841562,0.8534014906358045,-0.0633484824179863,-0.0633484824179863,-0.0633484824179863,-0.0410958749011488,-0.08718554903353679,0.1947252812676623,-0.07180382808555241,33.20528211284514,49.76590636254501,63.36134453781513,13.229291716686676,40.38025210084034,2354,鴻準,TWSE,62099.998474121094
3550.TW,24.549999237060547,487,-0.05212356761981818,0.002040785186144811,0.06971670679439956,-0.09074076899775751,0.2557544856841527,0.6531985593545686,0.0314042297255801,0.061545079125071345,0.01673853345648535,42092883.92589827,0.9667351708906026,1.120971690366214,-0.09074076899775751,-0.09074076899775751,-0.3409396177970323,-0.06955274431841807,0.09996362979365207,0.505071866603969,-0.27165353236842016,40.34813925570228,51.0984393757503,28.787515006002398,38.02521008403362,40.375150060024005,3550,聯穎,TWSE,24549.999237060547
1808.TW,32.349998474121094,487,0.022116867741792667,-0.05853740634896454,-0.013182303847425803,0.09735417467730523,0.11362456888265093,0.08063951024630467,-0.002668982697684119,0.008870942169126872,0.06484714740951758,57821201.07560787,0.4894104099937718,0.8007217740696344,-0.0865268178156805,-0.0865268178156805,-0.0865268178156805,0.025412443703649118,-0.04563369540652754,0.35375222976294624,-0.11476395793805927,45.77430972388955,17.70108043217287,53.13325330132052,46.63265306122449,40.35654261704682,1808,潤隆,TWSE,32349.998474121094
7744.TWO,533.0,487,0.019120458891013437,0.019120458891013437,-0.04991087344028522,0.17660044150110377,0.11215440792905573,0.6759907750832053,0.02633225821980445,0.10716820440028374,0.09192099297904033,54447779.75,0.47587125177314843,0.6945226258895023,-0.04991087344028522,-0.04991087344028522,-0.11100813407718402,0.03159817725108474,-0.10877768727398648,0.44413253316771906,-0.18715995647442873,43.45138055222089,14.705882352941176,63.265306122448976,43.33133253301321,40.20978391356543,7744,崴寶,TPEx,533000.0
6443.TW,27.600000381469727,487,-0.03999998673148775,-0.01604274038611264,0.12195121762110994,-0.09210523921697067,-0.31767614682576173,0.7922078613729071,0.05544934152253278,0.040920244722527865,-0.1471061505450154,219198618.46953583,0.8395556131132353,2.1698371962543055,-0.09210523921697067,-0.09210523921697067,-0.36184970216254964,-0.07048779113676523,0.15265296402676684,0.5787404641765763,-0.26809209607892404,37.701080432172866,53.01320528211284,27.058823529411768,42.82112845138055,40.16866746698679,6443,元晶,TWSE,27600.000381469727
3169.TWO,109.0,487,-0.05217391304347829,0.03809523809523818,0.013953488372093092,0.0531400966183575,0.17294848413247443,0.11023636855048546,0.015606801770323697,0.052377501640034296,0.03137807031335571,33382284.025,0.6481633797155837,1.1502736233391675,-0.06837606837606836,-0.06837606837606836,-0.08834250966847712,-0.055662285136501566,-0.0037598771673594093,0.3132141684859497,-0.12803735465646904,41.170468187274906,34.08163265306123,58.70348139255702,22.172869147659064,40.055222088835535,3169,亞信,TPEx,109000.0
2897.TW,10.649999618530273,487,-0.02293578061920243,-0.053333367241753526,-0.009302361066951259,0.06713427926108007,0.08785530194022506,0.24360817101968468,-0.028506310403115576,0.01690889276498897,0.05282432608189214,52395526.89997649,0.6069594462940909,0.9599726979987401,-0.053333367241753526,-0.053333367241753526,-0.053333367241753526,-0.020610190352464614,-0.03168045415397795,0.17721016354865035,-0.057777743869357634,38.421368547418965,27.845138055222087,69.0516206482593,25.888355342136858,40.0234093637455,2897,王道銀行,TWSE,10649.999618530273
4915.TW,62.900001525878906,487,-0.009448794868048727,-0.03230766883263225,0.044850510443874336,-0.07363770084886279,-0.10094526694778294,-0.15847575675825476,-0.014801449593324079,0.0013266351108984775,-0.04568144890463566,241165859.8367899,0.5955894618706203,1.7834960174758696,-0.07363770084886279,-0.07363770084886279,-0.14013486998241254,-0.02066142247901731,0.0693964107268286,0.2259011197226751,-0.11999997739438661,34.567827130852336,37.55702280912365,51.308523409363744,43.43337334933973,39.99309723889556,4915,致伸,TWSE,62900.001525878906
3552.TWO,44.04999923706055,487,-0.0011337695870871078,0.12086514229549072,0.026806472500657597,-0.04779369473455142,-0.17715998618462792,-0.3774035656849355,0.03708062236298959,-0.0005761648789828211,-0.08332954549719129,29137600.259784125,0.6677406193318265,6.20159699185987,-0.06871036051631807,-0.06871036051631807,-0.2934024667244308,-0.007835387712251507,0.04273770407884141,0.5447196629416634,-0.17230439413614085,34.303721488595436,47.47298919567827,38.22328931572629,44.6218487394958,39.92767106842737,3552,同致,TPEx,44049.99923706055
5299.TWO,99.5,487,-0.029268292682926855,0.034303567114802425,0.027892529577695724,-0.11033616543234737,0.2546541103102382,0.3502782678181635,0.019049572237217705,0.010562663997565114,-0.01745742452233534,23640438.108164214,1.622136007239405,0.7765858978600513,-0.11033616543234737,-0.11033616543234737,-0.2738079580715469,-0.036241425077350786,0.06467125138847818,0.33178850178766855,-0.1715639665793468,34.34573829531813,59.65186074429772,26.842737094837933,37.75510204081633,39.683073229291715,5299,杰力,TPEx,99500.0
2540.TW,48.75,487,0.006191934619947936,-0.007128278716863168,0.03944559517978452,0.024936239834464136,0.015428497919048212,-0.06052870402124255,0.0008725579128630034,0.01082281630219839,0.010455076405449626,24197059.211489104,0.716331051167106,0.5041819986199264,-0.10276071519818253,-0.10276071519818253,-0.10276071519818253,-0.0036694641749981938,0.03113351523496314,0.297546605802267,-0.19018403012759044,45.73229291716687,21.83073229291717,45.81032412965186,45.06602641056423,39.67256902761105,2540,愛山林,TWSE,48750.0
8147.TWO,142.0,487,-0.10410094637223977,0.047970479704797064,0.0,-0.020689655172413834,-0.01817763259163696,0.22727797544563622,0.030478955007256836,0.09603138869235228,-0.01117110579414482,45704490.85,1.718365572012824,1.5516081263702637,-0.10410094637223977,-0.10410094637223977,-0.23979635348439632,-0.10410094637223977,0.006896551724137945,0.5731703120062279,-0.2508833922261484,28.751500600240096,75.27611044417768,31.500600240096034,20.14405762304922,39.64135654261705,8147,正淩,TPEx,142000.0
7728.TWO,637.0,487,-0.044977511244377766,0.08703071672354956,0.02411575562700974,-0.04402671036750161,-0.20098821801890154,1.1528191862029575,0.024362788453807127,0.042110203412359715,-0.03508882797480062,39052518.2,0.8561462334787421,2.8047271605294526,-0.06486917443223861,-0.06486917443223861,-0.20490970887647242,-0.0510064501511302,0.038791325749510275,0.5225317103098964,-0.27180234980492957,29.399759903961588,55.30012004801921,47.226890756302524,30.222088835534215,39.563625450180076,7728,光焱科技,TPEx,637000.0
2603.TW,232.5,487,-0.029227557411273475,-0.039256198347107474,-0.0021459227467811592,0.1923076923076923,0.24412257348201827,0.3661618443873489,-0.02115566782443956,0.03425266903914581,0.10752200020575886,1740119877.475,0.7711447347107836,0.40979531239819866,-0.07554671968190851,-0.07554671968190851,-0.07554671968190851,-0.028691076724578185,-0.06624848684934526,0.22564139789224924,-0.08946322067594437,48.595438175270104,23.085234093637453,57.81512605042017,18.20528211284514,39.503301320528216,2603,長榮,TWSE,232500.0
2838.TW,20.5,487,-0.004854387360093471,-0.05092594268717687,-0.02147974923874485,-0.0532322874986082,0.044786025949574926,0.2614604316538318,-0.024970269061304173,-0.005731946089850726,0.01620020195158145,40761683.69829798,0.7908672603062691,0.9622656245249827,-0.05963299461270233,-0.05963299461270233,-0.10114560634576131,0.0005155499495927418,-0.00373565340587545,0.20013255097198995,-0.07339442798699991,28.283313325330134,39.357743097238895,60.33613445378151,41.04441776710685,39.37665066026411,2838,聯邦銀,TWSE,20500.0
4976.TW,37.599998474121094,487,0.050279309369291036,0.023129210180165893,0.010752626424140876,0.016216174976245723,0.2575250486230378,-0.12354319028545135,0.036526491361022595,0.032896047858895106,0.0736849168539695,40051312.121967316,0.5467720060559796,0.24248915652064962,-0.09506620542645516,-0.09506620542645516,-0.14350803719321015,0.04759115276325582,0.005347234765392302,0.30340130319793723,-0.16004808263029213,48.60744297719088,7.719087635054022,44.03361344537815,61.206482593037215,39.36044417767107,4976,佳凌,TWSE,37599.998474121094
5534.TW,71.5999984741211,487,-0.02051983626964138,-0.044058784840179444,-0.05291005397796744,-0.03746063075307926,-0.03987905331751673,-0.016401217325667128,-0.02934999545225403,-0.03677838636711228,-0.028994474922271363,50977949.37011375,1.7462893273872397,0.6954962996203456,-0.06892071452006698,-0.06892071452006698,-0.10298558278115566,-0.007292322775149518,-0.04042317706027435,0.1790735621749159,-0.07542266497622829,21.3625450180072,59.61584633853542,56.51860744297719,30.570228091236498,39.33823529411765,5534,長虹,TWSE,71599.9984741211
3581.TWO,113.5,487,-0.02991452991452992,0.09661835748792269,0.05092592592592582,-0.14917537336565667,0.05078800596201316,1.8046860801399642,0.0748614983474083,0.03701898893201272,-0.21518374202690527,44628954.64182129,2.1266440108070754,0.9338447408265433,-0.14917537336565667,-0.14917537336565667,-0.5928196735741504,-0.042646011396011374,0.10065105038114472,0.5892036075376882,-0.2870588115617341,31.986794717887157,71.41656662665065,12.004801920768307,41.434573829531814,39.26500600240096,3581,博磊,TPEx,113500.0
2618.TW,41.95000076293945,487,-0.021003447916694507,0.0,-0.0035628911310732203,0.029447871483176735,0.24898531466148754,0.13911334513092477,-0.0024967059968714622,-0.0045087627521878115,0.07259555256601802,682949033.7779747,0.6566205285743271,0.6465841305066269,-0.055180195467143145,-0.055180195467143145,-0.055180195467143145,-0.0201127251339262,-0.013378848292132131,0.22384491421697708,-0.10135134786824584,39.64585834333734,21.2484993997599,68.01920768307323,29.59783913565426,39.2139855942377,2618,長榮航,TWSE,41950.00076293945
3227.TWO,186.5,487,0.008108108108108025,0.013586956521739024,-0.02099737532808399,-0.07213930348258701,-0.013512955080788425,-0.19619576039940623,0.009608878061984072,-0.031462327433245396,-0.07743171333794252,115286532.575,1.243386017955831,0.8729495828342055,-0.11190476190476195,-0.11190476190476195,-0.17930911489612233,0.013357451940129023,0.0030490591661116832,0.17615983860426113,-0.1428571428571429,27.755102040816322,55.102040816326536,35.10204081632653,48.5594237695078,39.18187274909964,3227,原相,TPEx,186500.0
3290.TWO,50.79999923706055,487,-0.026819952211051823,0.09012877468809122,0.09837836188239013,-0.2208588709384881,0.05072765938879731,0.31075636154468067,0.06554797364519849,-0.024280944795443737,-0.04460560289563764,32987659.231895637,1.2555048663461472,1.075652360181952,-0.25513194266543315,-0.25513194266543315,-0.2720063811505248,-0.051414542681649356,0.17199798552855283,0.42807728608172074,-0.3357771075643996,36.79471788715486,60.76830732292917,11.740696278511404,45.91836734693878,39.14585834333734,3290,東浦,TPEx,50799.99923706055
2385.TW,105.0,487,0.004784688995215225,-0.004739336492891044,-0.04977375565610864,-0.009433962264150941,-0.12182360756288269,-0.22077304412480436,-0.0004759638267491928,-0.004346108257605619,-0.06640564232189872,269773433.85,1.0485183166986944,0.9334412690260124,-0.04977375565610864,-0.04977375565610864,-0.24470837171743864,0.017228127909242386,-0.04662910156805833,0.2173564032906139,-0.06334841628959276,25.8703481392557,49.447779111644664,49.91596638655462,42.90516206482594,39.12905162064826,2385,群光,TWSE,105000.0
3587.TWO,246.0,487,0.03144654088050314,0.02713987473903967,-0.025742574257425765,-0.09555474820607224,-0.2512601485065056,0.19655076799028137,0.02011196350818989,-0.0009422884343218696,-0.12260379906914187,101765970.5,1.8558376441264999,0.8122075833879797,-0.11030741410488243,-0.11030741410488243,-0.3684871076913411,0.03788218444485958,0.006109008477931645,0.3483274858064824,-0.24029644785197624,24.537815126050422,64.39975990396158,21.32052821128451,59.45378151260505,39.09723889555822,3587,閎康,TPEx,246000.0
2351.TW,218.0,487,0.04306220095693769,-0.07822410147991543,-0.06638115631691643,0.042482774261003886,0.7987100315630575,1.6925474612005758,-0.0492804186655037,0.09713660834864024,0.1349092753329979,1381760677.05,0.6104406208396783,1.0833457844230934,-0.15175097276264593,-0.15175097276264593,-0.15175097276264593,0.0596574900361668,-0.0805420810705844,0.5768437354457945,-0.3491271554902351,43.388355342136855,30.77430972388956,32.22088835534214,50.4921968787515,39.066926770708285,2351,順德,TWSE,218000.0
8422.TW,25.600000381469727,487,-0.011582982296490463,-0.015384600712702867,-0.01727442874357632,-0.035781502180412095,-0.10589197310968934,0.34340853392133885,-0.00995841050552948,-0.02206091537819521,-0.03581897312629545,103358537.44593754,0.9444247877637226,0.9010666611920491,-0.06055044471670723,-0.06055044471670723,-0.12348097179666451,-0.007264375110596383,-0.005347261350105622,0.1932835604517064,-0.09814813401963973,26.626650660264104,45.048019207683076,57.55102040816327,36.4405762304922,38.8889555822329,8422,可寧衛*,TWSE,25600.000381469727
5386.TWO,281.5,487,-0.02931034482758621,-0.02086956521739125,0.08477842003853575,0.21019497194397685,0.19655892693313892,5.283704832447534,-0.024263431542461023,0.06906936886199433,-0.009851757423145369,416795746.25,0.3329526099995984,1.0842915824414237,-0.11477987421383651,-0.11477987421383651,-0.28367885686719774,-0.05050494983722015,0.014713429390543473,0.6675791606711937,-0.23322147651006708,61.16446578631453,21.45258103241296,25.066026410564223,26.854741896758703,38.87034813925571,5386,青雲,TPEx,281500.0
2352.TW,28.899999618530273,487,-0.02529510993758244,-0.02364867411885807,-0.0034482890161974256,-0.03603247732005488,0.18348481969143782,-0.11959961799540086,-0.003705950615079723,0.002146532676742696,0.019306209221290116,119926848.33172035,0.8653384136473646,0.7443082334326416,-0.0513335586886724,-0.0513335586886724,-0.15584767875874217,-0.024433037683533082,0.008562536757154201,0.1975085566387428,-0.13175680181079008,33.45138055222089,36.242496998799524,57.74309723889556,32.436974789915965,38.855342136854745,2352,佳世達,TWSE,28899.999618530273
2451.TW,287.0,487,-0.00692041522491349,0.0034965034965035446,-0.008635578583765069,0.13663366336633653,0.21045361428756038,1.4709259966227268,0.011988716502115526,0.023811647195219887,0.013275285868120656,546003861.3,0.9133890613808867,0.35416817661805017,-0.09177215189873422,-0.09177215189873422,-0.17749090548438162,-0.004761520578972223,-0.05418013303921058,0.26988666208743045,-0.13607594936708856,46.8187274909964,28.67947178871549,41.5126050420168,30.10204081632653,38.71518607442977,2451,創見,TWSE,287000.0
2014.TW,16.899999618530273,487,-0.028735632813895018,0.021148060278212366,-0.005882375380572125,-0.008797631979022502,-0.08894877015594604,0.05295952784265667,0.007151358249062101,-0.00646680518535403,-0.027524718164499196,36402206.411490634,0.80794313222739,1.1038331134736084,-0.05849588299612052,-0.05849588299612052,-0.10344831424281453,-0.027265038968751987,-0.002949831387564624,0.19649929793480791,-0.09470755936954423,29.23769507803121,42.65906362545018,60.31212484993998,28.421368547418968,38.685474189675865,2014,中鴻,TWSE,16899.999618530273
2539.TW,33.79999923706055,487,-0.01457725979946256,-0.041134773416722115,-0.038406891328992665,0.02517623771357491,-0.10583662134661176,-0.12630653921143564,-0.02276836322195741,-0.011725118446197835,0.02731027572761313,29470477.05909233,1.2523910356246386,0.5367310208960345,-0.06500697619987794,-0.06500697619987794,-0.10583662134661176,-0.0049755369672143945,-0.04679897056685097,0.2542577552021319,-0.07468881463273491,27.749099639855945,45.69027611044418,57.454981992797116,30.702280912364948,38.618547418967594,2539,櫻花建,TWSE,33799.99923706055
2834.TW,17.549999237060547,487,-0.011267648616307246,-0.04359679170454078,0.02034874759280414,0.07693802235348413,0.1799783426538919,0.2293022235781299,-0.019690038403735954,0.03028320084608449,0.08075520245391332,677005730.9985998,0.4541495678115709,0.536773591181306,-0.06400004069010412,-0.06400004069010412,-0.06400004069010412,-0.01635483551450828,-0.005297259858357235,0.24124437102052324,-0.07733337402343754,47.11284513805522,9.057623049219687,62.71308523409364,32.26890756302521,38.49249699879952,2834,臺企銀,TWSE,17549.999237060547
3213.TWO,123.5,487,-0.008032128514056214,-0.019841269841269882,-0.019841269841269882,-0.05363984674329503,0.23051849131003,0.09208516830165125,-0.0028259991925716488,-0.027877992784519523,0.01631662626796393,26605699.775,1.1357357788219726,0.7023348796426714,-0.10830324909747291,-0.10830324909747291,-0.1333333333333333,-0.0030718110537387433,-0.001961320926838206,0.2301780790020017,-0.12635379061371843,31.626650660264104,46.29651860744298,41.48859543817527,39.531812725090035,38.45228091236495,3213,茂訊,TPEx,123500.0
4590.TW,89.4000015258789,464,0.003367037675594986,-0.02508173935557989,-0.002232108835358404,-0.04282655176286798,0.19563445524001888,-0.0032047947554130207,-0.0011730966638112683,0.019461779855212358,0.09389423535811003,20778585.032551955,0.5844611584530619,0.4700828459296107,-0.05894735235916937,-0.05894735235916937,-0.05894735235916937,0.003925064884434587,0.012043408418930923,0.2659897788756697,-0.1842105263157895,37.436974789915965,12.899159663865545,65.76230492196879,46.95678271308523,38.395558223289314,4590,富田-創,TWSE,89400.0015258789
9941.TW,76.30000305175781,487,-0.020539132769972546,-0.04862835467439319,-0.05217387513344329,0.005440509339851074,0.054549519031789506,-0.1836423069906098,-0.03600754663267369,-0.029330164973432438,0.006254283604062438,74827397.69205971,1.2198637799825423,0.6840566352510229,-0.07627113243031225,-0.07627113243031225,-0.07627113243031225,-0.0074956639866117225,-0.05398737824672698,0.12678701151692423,-0.08716703488194344,26.170468187274913,48.53541416566627,57.454981992797116,28.439375750300123,38.35894357743097,9941,裕融,TWSE,76300.00305175781
2606.TW,74.5,487,0.012228281855132916,-0.03622254775181588,-0.05216283147220435,0.16588416621286295,0.21467393822615954,0.3759138453170898,-0.02070325336838652,0.05603855813235392,0.11941817965716361,250733414.59333724,0.5482447691426602,0.3104631505349253,-0.06524463171082817,-0.06524463171082817,-0.06524463171082817,0.025268989723184004,-0.10745755354315867,0.28587680050284764,-0.07904636968122536,43.86554621848739,8.427370948379352,62.23289315726291,41.3265306122449,38.2986194477791,2606,裕民,TWSE,74500.0
4953.TWO,118.0,487,0.008547008547008517,-0.01666666666666672,-0.01666666666666672,-0.052208835341365445,0.03412447849128841,0.1187346161744336,-0.00379907133811741,-0.030734478745978455,-0.030367943680707943,29194883.1,0.6549113313714117,1.4738421197537264,-0.09230769230769231,-0.09230769230769231,-0.1394348962703439,0.012713675213675196,0.0007362784471217632,0.20913221704022547,-0.10384615384615381,30.978391356542616,38.20528211284514,45.642256902761105,48.02521008403362,38.27490996398559,4953,緯致,TPEx,118000.0
4938.TW,90.0,487,0.0022271374325779636,-0.00881060600077066,-0.0384615227864179,0.08958839785205752,0.1741618461898624,0.33027399304013993,-0.0028253316083713953,0.014618012779400669,0.05449269838550186,652385121.5668671,0.5706106384860229,0.5177590093851875,-0.05660378867409199,-0.05660378867409199,-0.05660378867409199,0.011842518129182439,-0.06832432207043708,0.1658151982341982,-0.08936653155561536,39.98199279711884,13.22328931572629,67.01080432172868,36.79471788715486,38.219987995198075,4938,和碩,TWSE,90000.0
6693.TWO,197.0,487,-0.0685579196217494,0.10674157303370779,0.0677506775067751,-0.15268817204301077,0.39558895206885225,2.210989387059933,0.023908523908523938,0.08266544538584841,0.0977403588893988,372744149.05,0.8863209998354241,1.6155147926571263,-0.15268817204301077,-0.15268817204301077,-0.2858016577935326,-0.08549558899844317,0.11864673485444535,0.6976372144873875,-0.37528604118993136,38.67947178871548,52.56902761104442,18.72749099639856,39.00360144057623,38.21008403361345,6693,廣閎科,TPEx,197000.0
5009.TWO,32.70000076293945,487,-0.012084523553509419,0.02028085932455448,-0.0015266942613907375,-0.06437768099810381,0.08737978736109597,-0.05760414842392014,0.008325665145721306,-0.01009079140228386,-0.021617596695601593,47649010.51795425,0.8948102885504181,0.7879319952137078,-0.07102272573335111,-0.07102272573335111,-0.1550125198897785,-0.011702849988161734,0.0199325327379772,0.16386301962747588,-0.09871246602654704,31.452581032412965,38.793517406962785,50.468187274909965,38.90156062424971,38.20828331332534,5009,榮剛,TPEx,32700.000762939453
6165.TW,47.75,487,-0.04500000000000004,-0.052579393762879345,-0.02051282051282055,-0.06003935596194765,0.06347435138679103,-0.06920076588414315,-0.016173888167922312,-0.023167798050640398,-0.02712338918355639,24082612.14459133,0.864301464973365,1.5003089866173185,-0.061886079203305355,-0.061886079203305355,-0.1007532698278415,-0.0398717948717949,-0.0004997018588380024,0.24984511663854791,-0.08055014078405887,24.387755102040817,50.666266506602646,59.23169267707083,25.744297719087637,38.1296518607443,6165,浪凡,TWSE,47750.0
6770.TW,72.5999984741211,487,-0.03585663304397024,-0.0013754948874659112,-0.004115268113558446,0.05563248855684,0.34886373953472294,2.4116460030250404,-0.00041307766664777645,0.05566425352541926,0.06441580664285551,8519184636.592951,0.9050260700313194,0.5855734881800607,-0.07093568221517332,-0.07093568221517332,-0.178820235942456,-0.03482781601558063,-0.022659430965838445,0.41696745936023494,-0.35228757685991696,41.92076830732293,33.121248499399755,47.65906362545018,23.331332533013207,38.08013205282113,6770,力積電,TWSE,72599.9984741211
2332.TW,21.100000381469727,487,0.024271844210729476,0.02676404695029322,0.08483288194385197,-0.18689788974481514,0.365695834430779,0.1887324158574495,0.06606039465131941,0.002891451989126992,0.12610911783279843,160480760.8456684,0.6792290948344617,0.466610650937323,-0.18689788974481514,-0.18689788974481514,-0.18689788974481514,0.0030636237247664844,0.147132178525457,0.3508245048904229,-0.232510279667553,48.01320528211285,18.07923169267707,23.793517406962785,63.913565426170464,38.070828331332535,2332,友訊,TWSE,21100.000381469727
3289.TWO,142.5,487,0.021505376344086002,0.04395604395604402,0.014234875444839812,-0.11576883084371259,-0.21050789536064507,0.19745772573070197,0.0350463047031051,0.015962083780275416,-0.0894950642203548,80116186.45,1.0244249537157555,0.9740290859197713,-0.11576883084371259,-0.11576883084371259,-0.31739874928652667,0.01794665748287605,0.05282448572607734,0.2856330494169695,-0.19314633920245927,30.384153661464584,49.32172869147659,22.785114045618247,60.08403361344537,38.05372148859544,3289,宜特,TPEx,142500.0
3430.TWO,113.0,487,0.013452914798206317,0.0660377358490567,0.013452914798206317,-0.06224066390041494,0.4687240315593777,0.9359324773447266,0.05336751340013968,0.007818770767635375,-0.10773934027448406,29850516.825,1.2333108765281933,0.5615597841290552,-0.2097902097902098,-0.2097902097902098,-0.37649261943439205,0.010089686098654738,0.03419980276501129,0.3327886677613358,-0.3643356536651825,43.019207683073226,45.26410564225691,7.899159663865547,52.8811524609844,38.03571428571429,3430,奇鈦科,TPEx,113000.0
6414.TW,395.0,487,0.007653061224489832,0.05333333333333323,0.01412066752246477,0.016731016731016624,0.36602326153757825,0.36602326153757825,0.03362553970953819,-0.03495734674349005,0.04042856388757565,420909116.225,0.8987711381244973,0.6099187237121453,-0.21471172962226637,-0.21471172962226637,-0.21471172962226637,0.00412289434387364,0.00854366194545923,0.32046096046791894,-0.2693836978131213,47.25090036014406,33.81752701080432,18.775510204081634,46.116446578631454,38.02731092436974,6414,樺漢,TWSE,395000.0
4536.TW,158.0,487,-0.018633540372670843,-0.048192771084337394,-0.030674846625766916,-0.033500868008642826,0.06252951417285724,-0.13669480295455205,-0.029633041609089417,-0.044414269843912724,-0.007235457391451483,24310311.425,0.9949477316690144,0.8401879224049605,-0.08139534883720934,-0.08139534883720934,-0.08139534883720934,-0.010964828716229114,-0.019507890622885972,0.1605836603154904,-0.08139534883720934,27.346938775510203,44.85594237695078,55.3421368547419,31.710684273709486,37.97779111644658,4536,拓凱,TWSE,158000.0
8390.TWO,91.80000305175781,487,0.015486742281504595,0.0,-0.04968939439113129,-0.06990875491214754,0.04076805234663494,0.4271608200771153,0.00196465232959242,-0.03376769794107359,-0.07400906945349872,30734716.39512825,1.3535710168705448,0.8011760142887254,-0.09999997008080574,-0.09999997008080574,-0.26382739200528615,0.027909090879287418,-0.02638647608708211,0.27557748942956095,-0.12745098039215685,25.79231692677071,55.90036014405762,30.516206482593034,50.420168067226896,37.95828331332533,8390,金益鼎,TPEx,91800.00305175781
5443.TWO,113.5,487,0.004424778761061843,0.041284403669724856,-0.054166666666666696,0.070754716981132,0.01713024018736875,-0.00040644449358417933,0.03961529654224871,0.0867483720065354,0.03445489052287054,217286450.75,0.6970617468777962,0.7643372781085822,-0.054166666666666696,-0.054166666666666696,-0.1567065106164245,0.017966445427728517,-0.07775157232704404,0.3551483489337101,-0.27834098569808463,33.83553421368548,28.4093637454982,56.61464585834334,39.89195678271309,37.94327731092437,5443,均豪,TPEx,113500.0
7709.TWO,83.69999694824219,487,-0.0301275319996952,-0.06896556699002909,-0.015294153550091893,0.13722824298253777,0.14255639918382923,1.207752017232608,-0.024589246882783078,0.10088118745589969,0.004588330205560487,23726717.45772171,0.7526350703635618,3.9123096882290316,-0.09021742447562842,-0.09021742447562842,-0.3649611899457723,-0.026303993612172227,-0.06103690121093782,0.6139462843351392,-0.20403023238808593,41.63265306122449,51.46458583433373,27.370948379351738,19.57983193277311,37.93037214885954,7709,榮田,TPEx,83699.99694824219
3535.TW,91.9000015258789,487,-0.001086939936098874,0.02911532346324952,0.011001099925342706,-0.08099998474121095,-0.27063490852477057,0.10589654889702915,0.041536819714286244,0.0454269850518616,-0.13195426924680143,77788589.57675743,0.9599348906128485,1.599659894412774,-0.08557212412060788,-0.08557212412060788,-0.36838486923794567,-0.0038372149174345505,0.038001094839079694,0.3676007045650961,-0.30248757737192944,28.085234093637457,56.27250900360144,28.64345738295318,45.97238895558223,37.926770708283314,3535,晶彩科,TWSE,91900.0015258789
2101.TW,29.75,487,-0.005016709713846046,-0.024590163934426257,-0.04340837186208191,-0.12293400477580663,-0.16865210351554027,-0.24591543943635963,-0.0077545228408043565,-0.06153483494051115,-0.06645611949837471,54143626.57795648,2.5792180013205286,0.8906584575179781,-0.14640477492437942,-0.14640477492437942,-0.16865210351554027,0.005835383251674431,-0.0024303702701463648,0.18327602655304606,-0.17653164333069626,17.304921968787514,72.56902761104442,30.876350540216087,44.573829531812734,37.92557022809124,2101,南港,TWSE,29750.0
6530.TWO,98.19999694824219,487,-0.06028711054313696,-0.018000030517578147,0.04468081859832118,0.24146648347117194,-0.12480146784938495,0.5536469833464148,0.002859449083850274,0.1421924623232591,0.04319608903553851,222642290.17279014,0.5837392820372824,1.0308976752819807,-0.06028711054313696,-0.06028711054313696,-0.2493615245403653,-0.07145731519271725,-0.035808009225402795,0.49182931709689753,-0.20026009389214894,48.20528211284513,28.661464585834334,45.25810324129652,15.354141656662666,37.80222088835534,6530,創威,TPEx,98199.99694824219
6177.TW,45.900001525878906,487,-0.011840672293365606,-0.03672612684072152,-0.03164556860153367,0.0614542733635044,0.06260679686629977,-0.025238274620360546,-0.020015984222860106,-0.005079459114730289,0.034502978633196735,56511553.66460552,0.8127458373786222,0.549603369748582,-0.06707315418471116,-0.06707315418471116,-0.06707315418471116,-0.003929280142982189,-0.05213032638936847,0.1903362260908212,-0.08231705638734998,34.801920768307326,27.965186074429774,61.24849939975991,30.714285714285715,37.76890756302521,6177,達麗,TWSE,45900.001525878906
2009.TW,39.900001525878906,487,-0.002499961853027366,0.010126620908326833,0.024390263012353364,0.06435528052524853,-0.02208327182132186,0.19346346148865123,0.011278712534110946,0.024297194718619908,0.024900384842873935,69472876.43889102,0.5389134328067204,0.6208096603476959,-0.07638886987917737,-0.07638886987917737,-0.10754277687916691,-0.008597527606115707,0.002938502837270523,0.2577232575485478,-0.11574073869668577,44.48979591836735,14.561824729891956,53.51740696278512,37.14885954381753,37.71218487394958,2009,第一銅,TWSE,39900.001525878906
2614.TW,15.449999809265137,487,-0.11082632206722776,-0.05938658566337973,-0.05417534278373781,-0.06963846000734386,-0.16721298211228586,-0.1811926037485465,-0.06414769558956213,-0.0630403979397024,-0.08247085276672417,26675315.899954937,5.096754265253495,2.1656491796211412,-0.11313590302866805,-0.11313590302866805,-0.16721298211228586,-0.0972824863712933,-0.03096252278128986,0.34888156015653665,-0.11313590302866805,13.619447779111646,91.83073229291716,36.18247298919568,13.781512605042018,37.70918367346938,2614,東森,TWSE,15449.999809265137
3209.TW,46.5,487,0.025358358645483747,0.014176696783224196,0.013071861746732472,-0.1505194434850673,0.08263586397562328,0.5777949655436063,0.01928980052369056,-0.03998563738592975,-0.12347183588325861,45233108.448337555,1.468324127819359,0.40983231741800213,-0.15615443548127494,-0.15615443548127494,-0.37489084675838713,0.02209039320880063,0.06324500957508825,0.21143647179083067,-0.19698567247411647,33.55342136854742,47.39495798319327,13.709483793517407,64.34573829531813,37.66386554621849,3209,全科,TWSE,46500.0
3526.TWO,276.5,487,0.016544117647058876,0.022181146025878062,-0.016014234875444844,-0.12222222222222223,0.03752345215759845,0.15760950148384834,0.018979178183158307,-0.030618207315648016,-0.1123595505617978,49323658.125,1.234387016771312,0.8485517742207552,-0.12222222222222223,-0.12222222222222223,-0.30000000000000004,0.020547676365920087,0.0247265058652959,0.17151826008963145,-0.16159999999999997,27.641056422569026,54.08163265306122,22.424969987995198,57.20288115246099,37.642256902761105,3526,凡甲,TPEx,276500.0
8454.TW,244.5,487,0.016632016632016633,-0.008113590263691739,0.010330578512396604,-0.06679389312977102,0.39310946221984766,0.022753127465959366,0.013366490519117091,-0.021282273667356022,-0.019513368148275534,80525967.25,0.8238115687141917,0.9000305570424669,-0.13756613756613756,-0.13756613756613756,-0.4436860068259386,0.014049372003917482,0.032595209555653606,0.2713239939983451,-0.17460317460317465,41.88475390156063,38.757503001200476,15.102040816326532,54.273709483793525,37.60474189675871,8454,富邦媒,TWSE,244500.0
2612.TW,61.70000076293945,487,-0.001618098306724991,-0.025276437494557435,-0.035937488079071045,0.13003667559045007,0.08354338032915054,0.2335724548597391,-0.01704635175302671,0.05804682387422644,0.09557879175994377,27365702.539120484,0.5642516541004925,0.27714373431683365,-0.05076921903170073,-0.05076921903170073,-0.05076921903170073,0.00736627371304277,-0.07928304660922106,0.2643835776332663,-0.08592323029954718,40.45618247298919,8.751500600240096,70.37214885954381,34.039615846338535,37.550720288115244,2612,中航,TWSE,61700.00076293945
2889.TW,16.299999237060547,487,-0.012121258359966802,-0.035502981953434265,-0.009118633369115003,0.07142987889658148,0.09916915620550171,0.13974248382121734,-0.021021055628470675,0.04154976377671771,0.08858138239430091,189520060.56200314,0.4414328812549503,0.7673543651011971,-0.057803470757257114,-0.057803470757257114,-0.057803470757257114,-0.009841600017688051,-0.032928593001308834,0.19453252612946226,-0.07514446788388596,39.99999999999999,15.186074429771908,66.26650660264106,29.885954381752704,37.53271308523409,2889,國票金,TWSE,16299.999237060547
2905.TW,17.700000762939453,487,-0.03278680323144478,-0.055999959309895875,-0.011173120662180347,0.17326523937212923,0.23353573910006986,0.48839846404571996,-0.03186101648772899,0.03447387043512862,0.1380985037841349,24080359.752514552,0.41355936915833313,0.8077285875368986,-0.06100793608793598,-0.06100793608793598,-0.06100793608793598,-0.029993523065899697,-0.06892820045289008,0.21209494194250794,-0.06366051663951688,45.17406962785114,15.462184873949582,64.44177671068428,17.472989195678274,37.44447779111645,2905,三商,TWSE,17700.000762939453
2609.TW,59.099998474121094,487,-0.0050505562971595586,-0.03273322504004805,0.017211704410722506,0.2286902359449814,0.20700739612631636,0.10120531391798027,-0.006054516713671632,0.059424549629177204,0.1270766013961251,1566963298.7585347,0.3830934095090005,0.3043983617370168,-0.08372095388959544,-0.08372095388959544,-0.08372095388959544,-0.009353482399840185,-0.05901837423760463,0.25025432207145365,-0.12868215871411703,54.68187274909964,2.611044417767107,54.30972388955582,26.662665066026413,37.386854741896755,2609,陽明,TWSE,59099.998474121094
6994.TW,30.25,487,0.14150943396226423,0.07079646017699126,-0.147887323943662,-0.2745803490036276,-0.5634920827145231,-0.6819137698700203,0.037735855846737776,-0.12513255181256588,-0.3407790810966881,30208261.516904067,2.3901394419184157,2.4353831332812446,-0.2745803490036276,-0.2745803490036276,-0.5889945566964058,0.17848126494817973,-0.0563605409424528,0.7875344493566736,-0.3680387200092513,15.354141656662666,85.984393757503,2.617046818727491,61.04441776710684,37.317827130852336,6994,富威電力,TWSE,30250.0
3004.TW,121.0,487,0.01680672268907557,0.029787234042553123,0.008333333333333304,-0.21682847896440127,0.04761904761904767,-0.10923504142019946,0.017875920084122088,-0.035344140313579575,-0.04639936952024437,32932791.85,1.2748807865920877,0.7006699530369704,-0.22186495176848875,-0.22186495176848875,-0.24137931034482762,0.014723389355742245,0.08060949298813373,0.21689591255747157,-0.26688102893890675,29.49879951980792,51.67466986794718,15.870348139255704,62.37695078031213,37.248799519807925,3004,豐達科,TWSE,121000.0
6146.TWO,181.5,487,0.0,0.008333333333333304,0.0027624309392264568,-0.05637258751856944,-0.08362252328022413,0.09965292123319047,0.008193306485210439,-0.013180889222960901,-0.04914504283150445,39933197.825,0.6871733356843165,0.8128218489987122,-0.05637258751856944,-0.05637258751856944,-0.17007325396498685,-0.0006906077348066142,0.02155329344541627,0.12691855923135603,-0.07825627297333382,31.047418967587035,28.937575030012006,53.87755102040816,45.1140456182473,37.19597839135654,6146,耕興,TPEx,181500.0
2049.TW,342.5,487,0.02238805970149249,0.025449101796407136,-0.060356652949245526,0.031626506024096335,0.23476694365849915,0.5623582016726765,0.010846307090681018,0.0029772072819560513,0.005926551606485697,1174361633.525,0.7891512109674887,0.693778847686627,-0.11498708010335912,-0.11498708010335912,-0.15873017657758148,0.03747722293880387,-0.0708988216239443,0.5057040738139235,-0.1640826873385013,36.84873949579832,31.596638655462186,37.09483793517407,47.22088835534215,37.14075630252101,2049,上銀,TWSE,342500.0
6405.TW,40.25,487,-0.19660676195846716,-0.03245188758746986,0.02678569430165001,-0.26282049221892567,0.11961054647579816,0.4122807017543859,-0.020562100359808322,-0.002704878792147203,-0.20119077353656856,39445449.906052016,2.588095616174219,1.8594515869797295,-0.26282049221892567,-0.26282049221892567,-0.5030864197530864,-0.20330318553387966,0.1143925250412919,0.7871761359520455,-0.3668639449491792,24.98199279711885,84.91596638655463,3.2653061224489797,34.765906362545024,37.08973589435775,6405,悅城,TWSE,40250.0
9938.TW,39.150001525878906,487,0.02352945165696485,0.01953124922389793,-0.04744518298388789,-0.08840556435701963,-0.10400501613551527,-0.2452655441452829,0.017610019807918986,-0.05005713429150427,-0.054843809728189696,41186255.87079849,0.8349672433621468,1.1895937756958932,-0.12000493890886987,-0.12000493890886987,-0.12000493890886987,0.03539074740293682,-0.017976661531548015,0.20209819632729223,-0.1525973644576053,23.097238895558224,46.14045618247299,39.90396158463386,54.339735894357744,36.90576230492197,9938,百和,TWSE,39150.001525878906
8464.TW,365.5,487,-0.0027285129604365244,-0.012162162162162149,0.012465373961218829,-0.006793478260869512,-0.012162162162162149,-0.1570505626617168,-0.013295538908011051,-0.015620791812550494,0.02406051903477735,122544922.775,0.5257187626370554,0.7877124444260537,-0.08165829145728642,-0.08165829145728642,-0.08165829145728642,-0.0058448564507412315,0.014729866714842,0.19545627803028315,-0.09422110552763818,37.15486194477791,19.165666266506605,55.22208883553421,41.368547418967594,36.9030612244898,8464,億豐,TWSE,365500.0
6840.TWO,95.0,487,-0.039433786306448115,-0.107981220657277,0.022604934764571594,0.5151514967150104,0.380301890046878,0.4188691973121814,-0.02798382852496395,0.1618663229570445,0.2927331127500099,47037841.483932495,0.49022859990744083,0.770874872094723,-0.12037037037037035,-0.12037037037037035,-0.12037037037037035,-0.045085019997591014,-0.14911223080709854,0.5184751116376975,-0.12037037037037035,57.701080432172866,17.26890756302521,39.639855942376954,10.396158463385355,36.885054021608646,6840,東研信超,TPEx,95000.0
6789.TW,485.5,487,-0.01720647773279349,0.0588876772082878,0.030785562632696495,-0.09252336448598131,0.17929350752937423,0.5673434901685275,0.04274054982817854,0.061395518309345976,-0.016504815436472087,512683204.15,0.8254580753628897,0.7687366126322087,-0.09252336448598131,-0.09252336448598131,-0.20093696454307663,-0.024902868390967614,0.06162668412802359,0.3881164404872797,-0.26944971537001894,35.22208883553422,35.12605042016807,38.79951980792317,40.73829531812726,36.74099639855943,6789,采鈺,TWSE,485500.0
1210.TW,51.29999923706055,487,-0.013461553133450987,-0.022857157389322924,-0.015355072178321105,-0.06306952737288074,-0.010067974711069572,0.029378969586675074,-0.012321916605568695,-0.02699996550096062,-0.013700200053740508,51803430.70350762,0.9933297608156186,0.5763038025277675,-0.07583861988102025,-0.07583861988102025,-0.07741027826864155,-0.009622785088870711,0.0056681036126391415,0.09832870052196643,-0.07583861988102025,26.27851140456183,36.45858343337335,57.5030012004802,37.1608643457383,36.700780312124856,1210,大成,TWSE,51299.99923706055
1519.TW,702.0,487,0.01298701298701288,-0.02228412256267409,-0.05006765899864685,0.0805101416947529,-0.09916179425326344,0.33821276148166723,-0.0041846939499256,0.02240931697883375,-0.019381716474019428,687633965.7,0.9077507342884351,0.5001002832219559,-0.08831168831168834,-0.08831168831168834,-0.15985998893649922,0.025503927736674592,-0.07690437289689782,0.19448300876245622,-0.10649350649350653,34.021608643457384,30.972388955582232,44.48979591836735,42.97118847539016,36.695378151260506,1519,華城,TWSE,702000.0
6547.TWO,61.400001525878906,487,-0.016025640633762994,0.044217726574044436,-0.03154574056569437,0.3391494780645332,0.21104537676379898,0.5886157594267434,0.007548433940167909,0.11139605922410278,0.19913095119041757,260588385.8218237,0.5434539356895388,0.7698043463779134,-0.09838468573223647,-0.09838468573223647,-0.09838468573223647,-0.008139205492339402,-0.14459556658720546,0.5179305552984528,-0.14684288141063806,46.4405762304922,19.369747899159666,47.611044417767104,22.749099639855945,36.35324129651861,6547,高端疫苗,TPEx,61400.001525878906
3028.TW,63.099998474121094,487,0.0031796016437282137,0.004777057973011978,-0.0047319092198342405,-0.09999291585174475,0.03946975830625088,1.072381245906692,0.01455098314522063,-0.029263701560551136,-0.09245181078083498,40666093.46249008,1.2491640980896803,0.7557106064430151,-0.16778570829866457,-0.16778570829866457,-0.2406738913025176,0.004362578948686774,0.02859906273074734,0.16859139150899655,-0.24691860641205976,29.267707082833134,51.84273709483793,21.008403361344538,49.65186074429772,36.3172268907563,3028,增你強,TWSE,63099.998474121094
2542.TW,38.79999923706055,487,0.003880923810085868,-0.0840846354713064,-0.11366105456796893,-0.016317456596325663,0.2052201865159775,0.04157818466838625,-0.04868513348029857,-0.0615686065511406,-0.02624838393069051,544923386.567021,0.7176951566404515,1.5629259812687122,-0.12819117007862424,-0.12819117007862424,-0.12819117007862424,0.0322961874520781,-0.10822190236919371,0.29913984470670835,-0.14504314521517236,27.509003601440575,43.799519807923176,38.22328931572629,43.97959183673469,36.19507803121249,2542,興富發,TWSE,38799.99923706055
2382.TW,335.0,487,0.004497751124437732,-0.027576197387518153,-0.03597122302158273,-0.07592025960110949,0.09671003374667642,0.24306814958336131,-0.005565862708719838,0.018322667476100785,0.008450067621365687,4533852522.025,0.8137317033057868,0.880149928682695,-0.08319648167563054,-0.08319648167563054,-0.1623450230927277,0.013490556879833415,-0.010664469821212903,0.2908911136027425,-0.23645318921642067,26.79471788715486,37.791116446578634,45.47418967587035,46.140456182472995,36.18157262905162,2382,廣達,TWSE,335000.0
2845.TW,13.0,487,-0.007633616683796363,-0.040590419409066825,-0.054545454545454564,0.02445712705338776,0.07689000623232412,0.11191087086234641,-0.026946117508735767,0.0011868179290976943,0.04389666494460398,116608079.61391965,0.6907997484371222,0.5474901329675684,-0.054545454545454564,-0.054545454545454564,-0.054545454545454564,0.006002746952567278,-0.06269783022991715,0.14875145543846766,-0.06909089521928269,29.561824729891956,21.60264105642257,68.33133253301321,35.09003601440576,36.15516206482593,2845,遠東銀,TWSE,13000.0
3305.TW,110.0,487,0.037735849056603765,0.07317073170731714,0.004566210045662045,-0.09196171304407574,-0.07320058948317887,-0.04963787759191485,0.060496505181971694,0.01949133096519673,-0.08091798966211228,87695831.78651658,0.8845496264009399,0.5178951725750631,-0.09196171304407574,-0.09196171304407574,-0.3304911476953639,0.036594296545188254,0.03522011439368729,0.2988353053875287,-0.24583333333333335,32.803121248499394,30.354141656662666,28.787515006002398,64.18967587034814,36.09573829531813,3305,昇貿,TWSE,110000.0
2105.TW,30.350000381469727,487,-0.009787903451691227,0.009983399401860549,-0.011400663608199024,-0.07610344623366849,-0.019901453910830758,-0.16755265998887148,0.003139992001429004,-0.019544486347772505,-0.018090252509658233,114321265.25384665,0.9364045718697628,0.74352974994798,-0.09672613810249231,-0.09672613810249231,-0.09672613810249231,-0.006937737549641471,0.013967151803023808,0.10748339496069624,-0.11011901856009254,26.02641056422569,39.71188475390156,48.25930372148859,40.624249699879954,36.08403361344538,2105,正新,TWSE,30350.000381469727
2646.TW,20.100000381469727,487,-0.002481351762139372,-0.007407388569396267,-0.019512176513671875,-0.05188680857939776,-0.054117629107307,-0.20079520133828377,-0.00630327922994689,-0.03407950595742415,-0.03111126858173563,76941864.50022975,0.6712634424531985,0.9879681769317822,-0.08636361902410339,-0.08636361902410339,-0.08636361902410339,0.0023966923662785966,-0.002216573653872622,0.11610359442502367,-0.09090909090909094,27.244897959183675,32.32893157262905,53.373349339735896,42.64705882352941,36.051920768307326,2646,星宇航空,TWSE,20100.000381469727
4764.TW,206.5,487,0.09259259259259256,0.029925187032418865,-0.0942982456140351,-0.3173553719008264,0.07197170723886726,4.028521786852915,0.022403762841936015,-0.1252176337373393,-0.22092491020116645,216674915.65,2.37680585451841,0.7271306365274803,-0.4261032170690434,-0.4261032170690434,-0.4261032170690434,0.11616715399610134,0.011486878352907029,0.576806021814147,-0.49141350471493916,20.672268907563023,67.046818727491,1.8967587034813926,70.93637454981993,36.05042016806723,4764,雙鍵,TWSE,206500.0
6224.TW,80.19999694824219,487,0.017766419318090865,-0.10089686443848422,-0.09684691225182773,0.19167894965121302,0.35472966072070067,0.8380248807147404,-0.04341605997024467,0.12490352767315716,0.08400347521319174,118154737.71536484,0.4176531913358345,0.7159307545325911,-0.10089686443848422,-0.10089686443848422,-0.155789505807977,0.0419781473810478,-0.16073989546889872,0.49366494343317135,-0.25960058536560215,44.63985594237695,13.505402160864344,40.86434573829532,44.17767106842738,36.031812725090035,6224,聚鼎,TWSE,80199.99694824219
3211.TWO,389.5,487,-0.02258469259723961,0.005161290322580614,0.01432291666666674,-0.14863387978142073,0.14996312642837228,0.11944734640829457,0.026282853566958808,0.04342002455631211,0.013352751931790197,1507525105.6,1.3154176239437532,0.5136238422403192,-0.14863387978142073,-0.14863387978142073,-0.14863387978142073,-0.026165421763906294,0.06386754326047364,0.3472407446858077,-0.3511363636363637,29.081632653061224,46.53661464585834,33.157262905162064,40.49819927971188,35.972989195678274,3211,順達,TPEx,389500.0
6907.TWO,189.0,165,0.005319148936170137,0.032786885245901676,-0.052631578947368474,-0.018181818181818188,0.40987301210052496,,0.008268871699119718,-0.0029892737823105087,0.16014718766559577,307236650.025,1.156321105527243,0.7096047136313793,-0.20920502092050208,-0.20920502092050208,-0.20920502092050208,0.018477043673012256,-0.04657097288676241,0.46853205831215033,-0.37238493723849375,33.77250900360144,47.52100840336134,19.80792316926771,43.94957983193277,35.94327731092437,6907,雅特力-KY,TPEx,189000.0
3339.TWO,45.400001525878906,487,-0.005476451076530053,-0.06391749431177518,0.024830751868232914,0.24896845754205033,-0.2793650551447793,0.30272606925914314,0.008384725305746077,0.11827254046333735,0.008739477203920432,102678532.52259311,0.5420979388858123,0.8384565079507436,-0.06391749431177518,-0.06391749431177518,-0.3641456504812022,-0.011684139043588282,-0.058158733979117194,0.5014373143813491,-0.20156046414100315,48.457382953181266,21.440576230492194,35.84633853541416,25.570228091236494,35.74789915966386,3339,泰谷,TPEx,45400.001525878906
1723.TW,81.4000015258789,487,0.008674158663050102,0.008674158663050102,-0.03095236278715585,-0.05895951993203574,0.021655130835495973,0.01915416572059625,0.003575416864085801,-0.03403807565970396,-0.014187452662811517,36662721.184338376,0.6879710964559012,0.7993808755134247,-0.09253060986337003,-0.09253060986337003,-0.09253060986337003,0.016412249359839065,-0.011299189476477272,0.12590635797603095,-0.11148272397121817,28.15126050420168,28.505402160864342,50.4921968787515,48.199279711884756,35.715186074429774,1723,中碳,TWSE,81400.0015258789
2362.TW,46.70000076293945,487,-0.004264408452718138,-0.03212433651938962,-0.02606882127447485,0.10794778344828715,0.27461922935363337,0.16789274118475128,-0.010540797177931438,0.005291969482996706,0.06662839126737374,21267694.154541206,0.5723865435280298,0.2989195289424678,-0.0861056329269747,-0.0861056329269747,-0.0861056329269747,0.002252796865900575,-0.06205141575723724,0.17019398766985508,-0.09491191035117763,43.793517406962785,9.585834333733494,53.54141656662665,33.073229291716686,35.58313325330133,2362,藍天,TWSE,46700.00076293945
4771.TW,203.0,487,-0.053613053613053574,-0.0730593607305936,-0.014563106796116498,0.0049999924457719835,0.07696928180881635,0.18285111420243805,-0.03551490675852231,0.005204982795841806,0.042682701215108976,40301783.425,0.7688033146478186,0.8318258572478094,-0.0730593607305936,-0.0730593607305936,-0.0730593607305936,-0.04997227691402445,-0.01622977094470716,0.3314070815368659,-0.08171644556436675,30.114045618247303,34.45378151260504,58.70348139255702,20.990396158463383,35.54831932773109,4771,望隼,TWSE,203000.0
2548.TW,91.19999694824219,487,-0.004366828957883873,-0.026680897347103882,-0.03184713478970003,-0.04240006126708795,-0.20271865322044536,0.059468978860725,-0.020723747487176203,-0.0393989531614235,-0.08724752608856967,103439189.62044449,0.9363331046117601,1.0412252523208163,-0.08433736600971398,-0.08433736600971398,-0.22385868991093294,0.003594954739541134,-0.01771378103400404,0.21693051662995153,-0.08433736600971398,24.063625450180073,47.911164465786314,38.60744297719087,40.85834333733494,35.45348139255702,2548,華固,TWSE,91199.99694824219
8103.TW,118.0,487,-0.028806584362139898,-0.08171206225680938,-0.04453441295546556,0.32287000041568237,0.32000038576299006,0.9881099004145191,-0.01830282861896837,0.18293763025348242,0.17436462907531936,609514741.0,0.4970673625527761,0.9687223734391575,-0.10606060606060608,-0.10606060606060608,-0.10606060606060608,-0.017672981123273507,-0.15215774642735969,0.5900055536044508,-0.21095577458892412,44.81992797118848,23.36734693877551,44.68187274909964,18.22328931572629,35.43967587034814,8103,瀚荃,TWSE,118000.0
2636.TW,70.0999984741211,487,-0.02231518189988324,-0.005673780508920645,0.008633071570087747,0.0848064705758036,0.10866578948971961,0.06946262807040737,-0.005038681588624083,0.023681438701154356,0.06092032341802578,23958890.279434584,0.43055588066109035,0.3212110876263852,-0.06032171705152323,-0.06032171705152323,-0.06032171705152323,-0.024473449792405177,-0.01963575195518012,0.2000680911942309,-0.07908849392169393,43.073229291716686,3.9855942376950786,65.25810324129651,26.968787515006007,35.322629051620645,2636,台驊控股,TWSE,70099.9984741211
8210.TW,872.0,487,0.04306220095693769,-0.03111111111111109,-0.06937033084311628,-0.23171806167400877,-0.135968611746779,0.48119662718598577,-0.01480058750423685,-0.11987349863741881,-0.23724783514483294,1373901710.25,2.040346821124301,1.059512447571249,-0.2939271255060729,-0.2939271255060729,-0.43323989183085576,0.06040478366771676,0.007869023048219972,0.3332578972473927,-0.32307692307692304,16.623649459783916,73.70348139255702,2.97719087635054,63.739495798319325,35.231692677070825,8210,勤誠,TWSE,872000.0
1514.TW,103.5,487,0.009756097560975618,0.009756097560975618,0.009756097560975618,-0.10541040679241609,-0.033201445086025516,0.041527025595275546,0.015004412303239345,0.019859309361677457,-0.04922082614087653,95075601.04809418,0.9750067154299132,0.5977173834074113,-0.10541040679241609,-0.10541040679241609,-0.2789428454676459,0.007317073170731714,0.04489289982511432,0.19907712960139204,-0.13284634390823002,31.218487394957986,36.65666266506603,27.683073229291715,53.47539015606243,35.209483793517414,1514,亞力,TWSE,103500.0
7610.TW,1805.0,487,0.04034582132564846,-0.044973544973545,-0.09750000000000003,-0.2556701030927835,2.348557831939607,19.53570523365667,-0.01902173913043481,0.020687055275434574,0.19327831630303094,1674723457.75,0.8870590584062792,1.8389466409128996,-0.3057692307692308,-0.3057692307692308,-0.3057692307692308,0.06472082132564846,-0.01227663230240554,0.7114582702942955,-0.5788461538461538,27.773109243697476,53.65546218487395,7.755102040816326,60.72629051620648,35.183073229291715,7610,聯友金屬-創,TWSE,1805000.0
5439.TWO,262.0,487,0.03149606299212593,0.06938775510204076,-0.0019047619047618536,-0.1318302560009902,-0.3132058512269307,-0.15760404873665368,0.03854920225943914,0.059953510777357666,-0.1285832029209607,350916781.35,1.263309530987265,0.5027061959446926,-0.1318302560009902,-0.1318302560009902,-0.38942988552080604,0.03197225346831639,0.04203865676223487,0.3523244033644722,-0.3552116782002974,27.37695078031213,44.95798319327731,16.95078031212485,64.015606242497,35.1827731092437,5439,高技,TPEx,262000.0
8415.TWO,35.29999923706055,487,0.002840865680502347,0.008571406773158374,-0.05107530878794453,0.012912504523453938,0.09396337095069551,0.09721928264727508,-0.0001416424488405177,-0.040108790290671714,0.005022410614366146,22225623.47341881,0.4658329640514675,1.0503530122962086,-0.08667534687095146,-0.08667534687095146,-0.08667534687095146,0.015609692877488479,-0.055379476962429175,0.16032460609908214,-0.111254925795505,30.816326530612248,23.97959183673469,52.79711884753902,40.6062424969988,34.9717887154862,8415,大國鋼,TPEx,35299.99923706055
5522.TW,61.20000076293945,487,0.0032787010317942844,-0.004878036374968198,-0.033175331744579206,-0.07413007298479812,-0.059574515728045396,0.039184973181895844,-0.001956935962250328,-0.03707975682414244,-0.05669026099548202,37323499.84295368,1.0143524453424748,0.9455548509956421,-0.11815562799205004,-0.11815562799205004,-0.19343064188856285,0.011572533967939086,-0.008465307416313166,0.18488163241211256,-0.13544670488766042,23.931572629051622,48.301320528211285,32.364945978391354,45.642256902761105,34.96728691476591,5522,遠雄,TWSE,61200.00076293945
6291.TWO,469.5,487,-0.061000000000000054,-0.07578740157480313,0.0610169491525423,0.03528114663726578,0.13268998793727382,1.878520109875121,-0.03687368583004258,0.12070337364735839,0.0012440021325750283,747376641.375,0.3542754279585808,1.4460560855147866,-0.10400763358778631,-0.10400763358778631,-0.3085419734904271,-0.07625423728813563,0.04925656694012037,0.5955784333993264,-0.3037383177570093,46.434573829531814,26.71668667466987,26.242496998799517,29.651860744297718,34.949279711884756,6291,沛亨,TPEx,469500.0
3596.TW,157.0,487,0.02614379084967311,0.012903225806451646,-0.01567398119122254,-0.20304568527918787,-0.11048158640226624,-0.2583597992404084,0.017004048582995868,-0.05336147120892365,-0.10026504930872282,130371259.65,1.2223950995951995,0.6276709184681389,-0.20304568527918787,-0.20304568527918787,-0.2050632911392405,0.030062286147478745,0.05200791390184008,0.18318475817560909,-0.20418848167539272,23.463385354141657,46.80672268907563,20.744297719087633,64.45378151260505,34.903961584633855,3596,智易,TWSE,157000.0
5871.TW,106.0,487,-0.009345794392523366,-0.040723981900452455,-0.05777777777777782,-0.023804854728632807,-0.023804854728632807,-0.04431315497133348,-0.03196347031963476,-0.04902542824760714,-0.029040281216223485,703322544.775,0.8156681101323997,0.9796143522700651,-0.09401709401709402,-0.09401709401709402,-0.09401709401709402,0.005098650051921089,-0.04984282620156688,0.19836646631134486,-0.10256410256410253,23.457382953181273,40.43217286914766,49.45978391356543,36.57262905162065,34.86884753901561,5871,中租-KY,TWSE,106000.0
4147.TWO,61.900001525878906,487,-0.02825744451337253,-0.034321326062595525,-0.012759158330559517,-0.0373250608393757,0.15917602541416964,-0.1833773214545611,-0.005462699810130256,0.0020505335821190407,0.055961133125484785,59215993.53286781,0.8941003453097873,0.7203217956993072,-0.09635034268789922,-0.09635034268789922,-0.147382881172598,-0.025067654930732652,-0.0003174713841009504,0.37180686407839403,-0.16666666666666663,30.58223289315726,37.034813925570226,43.57743097238895,30.288115246098442,34.75030012004802,4147,中裕,TPEx,61900.001525878906
5291.TWO,64.30000305175781,487,0.043831244229186606,0.10102742074868654,-0.0558002277167059,0.19074079725477433,-0.10941820263714996,1.6032389095402486,0.0676629779679081,0.11556093984027793,0.04535361745233102,29761773.96543789,0.6775932409088169,0.33848155869495994,-0.1118784296050851,-0.1118784296050851,-0.18401014515793912,0.05778130115836308,-0.11938049346829734,0.41566415435873716,-0.23153150403821787,40.96038415366146,16.026410564225692,34.78991596638656,48.31332533013205,34.59573829531812,5291,邑昇,TPEx,64300.00305175781
6579.TW,153.0,487,-0.037735849056603765,0.0,0.006578947368421018,-0.0496894409937888,0.3267638704239535,0.2625655836002343,0.0014727540500736325,-0.017656500802568198,0.004624917920295957,41043029.325,1.0834377504429002,0.6061962089783703,-0.16621253405994552,-0.16621253405994552,-0.16621253405994552,-0.03938058589870902,0.02314209436635062,0.23991635028099936,-0.22343324250681196,35.31512605042017,40.822328931572635,28.667466986794715,30.03601440576231,34.57052821128451,6579,研揚,TWSE,153000.0
2353.TW,31.299999237060547,487,-0.01105846400278665,-0.026438639143894216,-0.030959753053263706,-0.020344335222454157,0.14021763351020478,0.0345744471261491,-0.00792395145254221,0.012098816446149963,0.007297739613501664,411606264.8721536,0.7251677857921902,0.6797016332820196,-0.04281350132155337,-0.04281350132155337,-0.253866838109857,-0.0033185257394707235,-0.02417830797911232,0.27041266562230915,-0.10144926556940159,30.282112845138055,27.334933973589436,51.524609843937576,35.33613445378152,34.551920768307326,2353,宏碁,TWSE,31299.999237060547
6469.TWO,64.69999694824219,487,0.004658313901479083,0.00310072787972393,-0.035767534731085404,-0.13854488291358635,-0.1671893118760076,-0.4876952679116797,-0.0029280784978044094,-0.06330472192778347,-0.08177153044204488,20067231.39299774,1.160115899119919,0.9219773301338816,-0.15680515027126263,-0.15680515027126263,-0.1671893118760076,0.013600197584250434,0.010414092906776716,0.19800045423971627,-0.1815666396086787,19.15966386554622,53.5594237695078,29.459783913565428,50.6062424969988,34.53661464585834,6469,大樹,TPEx,64699.99694824219
1597.TW,145.0,487,-0.010238907849829393,0.050724637681159424,-0.046052631578947345,0.04111261548385947,0.2457758165410946,0.7775094195062668,0.01861608710923779,0.05334353259346858,-0.011739496853152676,253736405.825,0.8861589318404823,0.6063196887379152,-0.06451612903225812,-0.06451612903225812,-0.3404716443380741,0.0012742500449074434,-0.05975683674023383,0.6196069105443732,-0.24909744773646791,35.0360144057623,32.827130852340936,37.19087635054021,32.364945978391354,34.5141056422569,1597,直得,TWSE,145000.0
1736.TW,122.0,487,-0.05058365758754868,-0.008130081300813052,-0.031746031746031744,-0.01269919005788056,0.053120855268708134,-0.2609678046403401,-0.027888446215139417,-0.04800944222759185,-0.0030515507335486802,56191103.375,1.5456007855597511,0.8149561868515246,-0.1586206896551724,-0.1586206896551724,-0.1586206896551724,-0.042647149651040744,-0.02751296839340489,0.29437553946235545,-0.16896551724137931,25.82232893157263,59.68787515006002,30.660264105642263,19.975990396158466,34.37935174069628,1736,喬山,TWSE,122000.0
6689.TW,62.70000076293945,487,-0.03240744120244898,-0.041284414372239064,0.01129033488612019,0.003031717883760887,-0.10611360784145663,-0.15389630465774207,-0.027756237498755332,0.012274604451905091,-0.015102678545941828,64442785.18335724,0.24190168598622774,10.53937001985825,-0.11063828705050416,-0.11063828705050416,-0.1265660263458136,-0.03523002492397903,0.010279762258199895,0.5053648624666336,-0.11063828705050416,32.55702280912365,34.603841536614645,41.39255702280912,29.237695078031212,34.33793517406963,6689,伊雲谷,TWSE,62700.00076293945
4577.TWO,88.80000305175781,487,-0.0389610218038019,0.025404210351044565,-0.008928520490927738,0.08557456893456172,-0.3541817959872159,1.4097695177415002,0.018115136405888466,0.10622044512047113,-0.11039868808247899,41774153.69696541,0.9520253508557146,0.6856770771318594,-0.03999996700802366,-0.03999996700802366,-0.5093922483328297,-0.036728891681069964,-0.03745337680244831,0.4830904382477459,-0.20733246558212237,32.44297719087635,39.10564225690276,42.11284513805522,19.945978391356544,34.16806722689076,4577,達航科技,TPEx,88800.00305175781
3515.TW,219.0,487,0.03301886792452824,0.028169014084507005,-0.051948051948051965,0.030588235294117583,0.025913120092741382,-0.17336500326567383,0.025400913028210237,0.02680315698991942,-0.0007801398284751349,83926515.925,0.5235271134297873,0.5258771305482443,-0.07203389830508478,-0.07203389830508478,-0.15976407986851648,0.04600588091154123,-0.06214413037942449,0.3625311829224303,-0.14830508474576276,34.405762304921964,11.608643457382954,49.723889555822325,49.855942376950786,34.087635054021604,3515,華擎,TWSE,219000.0
4967.TW,265.0,487,-0.036363636363636376,-0.04159132007233268,-0.04504504504504503,0.1920490436414417,0.2843908597907232,2.181107485174282,-0.0307242136064374,0.03190129028609645,0.02116644825272762,629204865.8,0.5534383209709736,0.49969932540280837,-0.05861456483126115,-0.05861456483126115,-0.10155912526090005,-0.02510237510237512,-0.1090613929255256,0.2474211515810382,-0.09544469599175043,41.23049219687876,11.73469387755102,60.528211284513816,16.9327731092437,34.07142857142858,4967,十銓,TWSE,265000.0
1582.TW,71.69999694824219,487,-0.0027817047759690627,0.008438797285480693,-0.02448983743888178,-0.08662424269755176,-0.26970419166264714,0.05892894266116433,0.011497455069259477,-0.0034054208224114646,-0.13170230226060087,23046116.323126983,1.4112205627934895,0.6802586290567881,-0.08662424269755176,-0.08662424269755176,-0.3797069174452896,0.003340754583751382,0.004384910126968806,0.17477629326592306,-0.20076723223702242,21.194477791116448,53.51740696278512,27.755102040816325,44.36374549819928,34.06272509003602,1582,信錦,TWSE,71699.99694824219
3032.TW,77.19999694824219,487,-0.014048608692754483,-0.012787724284207602,-0.017811724593606137,-0.03379229694710595,0.23125990444761446,-0.2241206336860082,0.003574865978664299,-0.0192466883910265,-0.017801327964557467,35853880.100860596,0.6590747033084737,1.0883359723511679,-0.11366247645595962,-0.11366247645595962,-0.16178069242927962,-0.009595677544352949,-0.006547625611237487,0.453139915549099,-0.1905855196892252,32.67106842737095,33.63145258103241,36.75870348139256,34.79591836734694,34.047418967587035,3032,偉訓,TWSE,77199.99694824219
6782.TW,232.5,487,-0.039256198347107474,-0.0625,0.015283842794759916,0.2029423658011793,0.05420546625825318,0.2789176901201049,-0.010427750585230822,0.077263853655823,0.13666175154656757,58792445.85,0.49008982366622045,0.3970002273514264,-0.08644400785854622,-0.08644400785854622,-0.08644400785854622,-0.04307715904579745,-0.052363612472299856,0.45230605260239715,-0.12180746561886047,47.436974789915965,7.3169267707082835,53.25330132052821,16.332533013205282,33.90456182472989,6782,視陽,TWSE,232500.0
3059.TW,38.54999923706055,487,-0.005161310011340681,0.010484867501520334,0.014782943827725603,-0.13870432997985183,0.06675300774884652,-0.2588663901755116,0.014338357542991176,-0.003671189963315613,-0.058027064471409706,38836454.29628372,1.0072228668697953,0.6042766268103518,-0.13870432997985183,-0.13870432997985183,-0.2239895043758644,-0.008857045968272081,0.06101772048767621,0.16323052844928804,-0.20329673119917713,30.33013205282113,37.773109243697476,26.24249699879952,46.84873949579832,33.85114045618248,3059,華晶科,TWSE,38549.99923706055
3694.TW,51.900001525878906,487,0.007767019919978857,0.015655637488188212,0.027722802492651688,-0.20366786530627823,-0.1218262290151032,-0.3553047799835287,0.031194138972754804,-0.025106592021343244,-0.08905960303642901,25179538.617320634,1.0084893263561978,0.722366900302889,-0.20718633094388783,-0.20718633094388783,-0.2502499942963937,0.000836319296815935,0.09561209092807776,0.21256553133225325,-0.25912404973536696,28.78151260504202,41.75870348139256,16.39855942376951,57.28691476590636,33.8250300120048,3694,海華,TWSE,51900.001525878906
2489.TW,41.400001525878906,487,-0.009569323408671226,-0.03720926684002546,0.012224938419223008,0.08235298106872957,-0.034491980227157826,2.1483839374939397,0.01945336365671646,0.14475324676482226,0.045143796936960134,1134300175.0594037,0.4557895888518468,0.6750978304829159,-0.062287653566400536,-0.062287653566400536,-0.24809990894971257,-0.012625558013476978,-0.015226055270353516,0.6292103297137075,-0.33060106498847774,42.23889555822329,13.043217286914766,44.20168067226891,31.7046818727491,33.75240096038416,2489,瑞軒,TWSE,41400.001525878906
8431.TWO,64.0,487,-0.0419162114347259,-0.006211203670828613,-0.04903421845642275,0.31013310131227145,-0.021406750660776686,0.4222222222222223,0.014263071419091444,0.18199307425933053,0.1494855030929476,128756041.78516158,0.3035198115178682,1.2712309006126858,-0.06976748312273762,-0.06976748312273762,-0.12925170068027214,-0.029657656820620215,-0.1524119188938466,0.6841046065446882,-0.17296513078533748,36.92076830732293,24.489795918367346,53.829531812725094,13.823529411764707,33.73019207683073,8431,匯鑽科,TPEx,64000.0
2610.TW,20.350000381469727,487,-0.0048899940214649495,0.004938290442949356,-0.0048899940214649495,-0.033254103608631236,0.1528685290907139,0.0097917782491308,0.0038229202966035825,-0.01647266280706905,0.021288329693788466,297260815.9544237,0.6492536797772586,0.5605628338494005,-0.09955752044344335,-0.09955752044344335,-0.12582072643184217,-0.003667495516098712,0.006194707181412129,0.16995167014819226,-0.11946905829051435,35.444177671068424,18.145258103241297,44.513805522208884,40.75630252100841,33.73019207683073,2610,華航,TWSE,20350.000381469727
5321.TWO,70.0999984741211,487,0.03545054112356527,-0.002845015205610535,-0.09548389065650198,0.16833330790201817,1.9269309495219207,0.6436106908832406,-0.015241999736912537,0.05118462252704847,0.3103721924273384,34498370.471819304,0.4138634061003177,0.5206450460391707,-0.19146481036246044,-0.19146481036246044,-0.19146481036246044,0.059321513787690766,-0.15159499329050805,0.6780614698228109,-0.23414067055252485,49.69387755102041,7.304921968787514,22.953181272509006,47.59303721488596,33.43337334933974,5321,美而快,TPEx,70099.9984741211
6922.TWO,204.0,487,-0.07692307692307687,-0.01210653753026636,-0.02392344497607657,0.1333333333333333,0.2541236144396579,0.021651906498292517,0.012532572279439158,0.04476974947718837,0.09291493457706412,32742898.825,0.7321690784199508,0.5282510355175141,-0.09333333333333338,-0.09333333333333338,-0.09333333333333338,-0.07094221567905773,-0.068367889420521,0.6000582758508983,-0.1645244215938303,39.91596638655462,23.319327731092436,49.89195678271309,10.990396158463385,33.42316926770708,6922,宸曜,TPEx,204000.0
6683.TWO,1445.0,487,-0.0911949685534591,-0.13731343283582087,0.024822695035461084,-0.13731343283582087,-0.23156374956725545,2.542303623716423,-0.03150134048257369,0.10783148694752187,-0.06983837398232928,2205664147.25,1.197774570145082,1.9120620616725537,-0.13731343283582087,-0.13731343283582087,-0.43378382127424275,-0.09740064231232437,0.07059383931406804,0.7695748942173973,-0.44172185430463573,22.29891956782713,66.48259303721488,15.31812725090036,31.380552220888354,33.3109243697479,6683,雍智科技,TPEx,1445000.0
6719.TW,189.5,487,0.01608579088471851,0.03551912568306004,-0.0026315789473684292,-0.23333340123963575,0.166164577460993,-0.09751366783972015,0.026126979829429908,-0.05148529579886607,-0.10946567248615702,86922918.55,1.0593896296610537,0.6830676624306788,-0.23333340123963575,-0.23333340123963575,-0.38053342950247926,0.016743685621560617,0.07514622146584349,0.25247214136264046,-0.27383367139959436,29.86794717887155,42.484993997599034,6.24249699879952,63.02521008403362,33.270708283313326,6719,力智,TWSE,189500.0
4763.TW,46.349998474121094,487,-0.052147300044731004,-0.06646531622033813,-0.02197604502667594,0.04736531512140352,0.04847480519247416,-0.2501816325086058,-0.009750898729347313,0.004117000904751755,0.05807553580642,388496459.7101887,0.6450135770788324,0.8940879209205752,-0.08217824803720608,-0.08217824803720608,-0.08217824803720608,-0.04665328878806202,-0.03776448340047711,0.46503938555841473,-0.14543726809862512,31.68067226890756,27.707082833133256,54.83793517406963,17.923169267707085,33.255102040816325,4763,材料*-KY,TWSE,46349.998474121094
3380.TW,30.899999618530273,487,-0.03888030631483652,-0.06787335758015411,0.03517585338834239,-0.06755274438402015,-0.23471094032988804,0.07088236270091475,-0.004590496750754736,0.04597396490010608,-0.0321174160626958,110593889.20461264,0.4971489899704714,1.500650548082408,-0.06787335758015411,-0.06787335758015411,-0.24484111853298596,-0.04767426966192212,0.05769343484968244,0.4807166720489637,-0.20061733337132337,29.2797118847539,31.51260504201681,42.47298919567827,34.13565426170468,33.204981992797116,3380,明泰,TWSE,30899.999618530273
2208.TW,18.5,487,-0.033942539502784586,-0.03645837162103771,-0.015957406874206548,-0.14746546776185387,-0.11057689045307784,-0.28709057972665597,-0.02413293775649128,-0.0392521733968193,-0.035013366848944516,42100319.11728487,1.6584780167151905,0.6492070138450163,-0.14746546776185387,-0.14746546776185387,-0.14746546776185387,-0.02995318778423295,0.03319774904641141,0.18114492632409684,-0.1534883366074673,17.56902761104442,56.53061224489796,33.68547418967587,34.231692677070825,33.03211284513805,2208,台船,TWSE,18500.0
7769.TW,5885.0,470,0.06902815622161662,-0.019166666666666665,-0.10357958872810358,-0.11113392433345815,0.3876244532244002,2.2302691935664134,-0.02951846965699212,-0.048174442606494616,-0.07063681732662075,5447938082.5,0.6235147193674098,1.521772557247167,-0.15566714490674316,-0.15566714490674316,-0.2784689015838928,0.09492305340364252,-0.06653494728361753,0.5801253841896966,-0.22991072003454371,28.739495798319325,37.10684273709484,19.255702280912367,56.05042016806723,33.031212484994,7769,鴻勁,TWSE,5885000.0
1590.TW,1230.0,487,0.02499999999999991,-0.008064516129032251,-0.1021897810218978,-0.048206588410389495,0.02560594882718803,0.6487965334586983,-0.009262988320579923,-0.09650532670890088,-0.09338754562582086,1010345527.0,0.8989138815958095,1.327471162140786,-0.2288401253918495,-0.2288401253918495,-0.2288401253918495,0.05054744525547436,-0.08612091821843464,0.25543589818893053,-0.2601880877742947,24.471788715486195,50.74429771908763,16.3265306122449,48.45138055222088,33.0078031212485,1590,亞德客-KY,TWSE,1230000.0
5388.TW,74.0,487,0.034965034965035,0.01508914199035516,-0.01726431605672374,-0.13348947684063384,-0.11377245508982037,-0.2588464712534768,0.022664452265487744,-0.0672268907563025,-0.08710536282638548,146076588.310215,1.0614328284745898,0.46626032974242787,-0.209401696513277,-0.209401696513277,-0.209401696513277,0.03928111397921594,0.027232176223487538,0.22926866457851686,-0.2414529790870631,25.82833133253301,36.452581032412965,19.687875150060023,63.42136854741898,32.895258103241304,5388,中磊,TWSE,74000.0
2501.TW,20.600000381469727,487,-0.023696682036039474,-0.0506912600366527,-0.07623313514583352,-0.07623313514583352,-0.12288804246585272,-0.03302805716884183,-0.03614456218497797,-0.07011734313905305,-0.08059429607902491,51332867.36666355,1.13458492055424,1.5781084723599248,-0.11015115676370968,-0.11015115676370968,-0.1959807273589198,-0.004638398249581094,-0.05082209009722234,0.1849247769709261,-0.1274297582808387,14.543817527010805,62.14885954381754,34.06962785114045,30.7202881152461,32.77671068427371,2501,國建,TWSE,20600.000381469727
9910.TW,66.30000305175781,487,-0.03633720769051807,-0.030701731392894338,-0.050143264283308064,-0.016320451768813915,-0.11144664763126888,-0.3858759454532451,-0.030772574862784507,-0.035379098068155534,-0.050868890321208005,83016654.70966224,1.1508800391746465,1.0110315401278096,-0.07660166805334623,-0.07660166805334623,-0.28457714588393324,-0.023801391619691054,-0.044703113693703424,0.2511656016463079,-0.07660166805334623,20.630252100840337,55.31212484993998,35.99039615846338,23.235294117647058,32.76350540216087,9910,豐泰,TWSE,66300.00305175781
9802.TW,65.9000015258789,487,0.01697528429500994,0.03616357086382149,-0.043057533572745,-0.07764580933606458,-0.14938448475771826,-0.3184131108681595,0.016112894876421535,-0.026963187871628547,-0.06567447023447559,36038109.143349074,0.6145756586476899,1.0258063529291797,-0.09222855593459744,-0.09222855593459744,-0.17088018841509411,0.02773966768819619,-0.01717559712739014,0.2233413303565851,-0.12528853773218063,22.74309723889556,29.7358943577431,41.872749099639854,52.12484993997599,32.72448979591837,9802,鈺齊-KY,TWSE,65900.0015258789
4123.TWO,31.100000381469727,487,-0.004799987792968752,0.011382126226657796,0.052453508779290337,-0.09339213265086888,-0.17175436921116982,-0.05578473081275548,0.009085022735772164,-0.03818652515080678,-0.07106633063305268,39209099.224697396,0.7227682819950345,0.4956893423368272,-0.12445602551152024,-0.12445602551152024,-0.17175436921116982,-0.017913364987791336,0.0835842196629133,0.15981726215839648,-0.1680924932218647,33.96758703481393,21.71668667466987,33.58943577430973,46.2484993997599,32.67136854741897,4123,晟德,TPEx,31100.000381469727
2201.TW,28.899999618530273,487,-0.011965825007511977,-0.011965825007511977,-0.06168830083099719,0.04308186823025095,0.0813600541196624,-0.16641966845868272,-0.020339002316109522,0.009414584265507564,0.0382020657529365,94838102.12922907,0.6602086330870036,0.7282559605692737,-0.09546169238114832,-0.09546169238114832,-0.09546169238114832,0.0034562502002373208,-0.07604892357441417,0.22658359439854756,-0.11737088921605998,29.98199279711885,24.249699879951983,48.71548619447779,32.44897959183674,32.665666266506605,2201,裕隆,TWSE,28899.999618530273
1905.TW,12.899999618530273,487,-0.011494296552661099,-0.022727287505284077,-0.022727287505284077,-0.14569541108351425,-0.1164384053782005,0.031999969482421786,-0.01357296049528034,-0.038509341785511575,-0.05471424299827521,21776376.010337878,1.2965538320661976,0.9826660764255891,-0.14569541108351425,-0.14569541108351425,-0.30081305771853817,-0.005812474676340079,0.025837849522554003,0.21401084915952348,-0.16107380402517135,18.51140456182473,59.66986794717887,19.375750300120046,42.83913565426171,32.62304921968788,1905,華紙,TWSE,12899.999618530273
3363.TWO,679.0,487,0.046224961479198745,0.027231467473525006,-0.06085753803596128,0.12978369384359412,-0.18192771084337345,0.7962962962962963,0.014871833196323125,0.08210045419533052,-0.024938968933990724,1965905021.35,0.7345902197514507,0.591801539669842,-0.13613231552162852,-0.13613231552162852,-0.31414141414141417,0.061439345988189065,-0.10411876931715933,0.4824775221818296,-0.2692307692307693,37.244897959183675,24.903961584633855,20.19207683073229,49.609843937575036,32.60384153661465,3363,上詮,TPEx,679000.0
2634.TW,63.599998474121094,487,-0.00625002384185791,-0.001569894625127577,-0.04072404907023808,-0.0031348082340301175,0.29695602276189836,-0.006799512322343881,-0.006482875864733062,-0.020357895281625682,0.1176719834046347,513010795.0915325,0.8309043780933415,0.17609270625183593,-0.13233293552235537,-0.13233293552235537,-0.13233293552235537,0.003930988425701609,-0.03967911299222804,0.2823832897663094,-0.18041960176054417,33.60144057623049,23.343337334933974,37.14285714285714,37.62304921968788,32.348439375750296,2634,漢翔,TWSE,63599.998474121094
5607.TW,52.5,487,0.0019083677711670965,-0.0019011117304554848,-0.048913056623582474,0.06649490200223518,0.1283206300629709,0.10096745518392014,-0.0029436922249366226,0.020361216527279735,0.05246826419576767,28131963.347246744,0.4166499522587775,0.3695280842680351,-0.08216784440997138,-0.08216784440997138,-0.08216784440997138,0.014136631927062715,-0.07107802395766087,0.2600944879384776,-0.0944056198226072,36.29651860744298,4.4357743097238895,54.957983193277315,37.65906362545019,32.26800720288116,5607,遠雄港,TWSE,52500.0
6412.TW,74.0,487,-0.010695227528323081,-0.0013495071009483883,-0.038961038961038974,-0.14648209221764774,-0.022435155747955404,-0.24106287666331228,-0.0034341111570675986,-0.04671933699748809,-0.11288032779757584,38252820.519524,1.276074487307347,0.9063531313196743,-0.14648209221764774,-0.14648209221764774,-0.2732819325746221,-0.0009549677880633378,0.009866325111510275,0.13706318272203666,-0.1400233422090703,17.90516206482593,57.4249699879952,21.104441776710686,42.9951980792317,32.188475390156064,6412,群電,TWSE,74000.0
6640.TWO,1080.0,487,0.03846153846153855,-0.027027027027026973,-0.16923076923076918,0.11570247933884303,-0.3263216886730783,0.4813630362972756,-0.033124440465532645,0.0452624447527179,-0.05381119059117412,456009049.25,0.8718768699541891,0.7388652729103257,-0.16923076923076918,-0.16923076923076918,-0.3263216886730783,0.08076923076923084,-0.20779826234371687,0.6170658011674501,-0.2660194174757281,31.758703481392555,36.470588235294116,14.213685474189676,50.14405762304922,32.18547418967587,6640,均華,TPEx,1080000.0
9921.TW,91.80000305175781,487,-0.013963431188719455,0.014364674605058747,-0.05652620583243273,0.16938417091475633,0.30859649651322907,-0.07946997270941802,0.0020193557943768425,-0.01205932824411693,0.12245619974300626,146794602.49275017,0.7539613909970816,0.43228207864399565,-0.16202874341257045,-0.16202874341257045,-0.16202874341257045,0.00016812026938872737,-0.11298759613735151,0.4620713490097572,-0.2003673381467217,41.14645858343337,22.046818727491,29.651860744297718,28.2593037214886,32.13955582232893,9921,巨大,TWSE,91800.00305175781
3691.TWO,104.0,487,-0.12970711297071125,0.03482587064676612,0.054766750602903924,-0.2727272727272727,-0.1578947368421053,0.26674789199639326,-0.006828062172669069,-0.03386130404301668,-0.17752426921350728,109270670.53672867,1.0917854633841912,2.0286554102153596,-0.2727272727272727,-0.2727272727272727,-0.3864306784660767,-0.14339880062143723,0.1456758415119948,0.6574665751958759,-0.290494273370663,24.399759903961584,62.93517406962785,4.8979591836734695,37.72509003601441,32.132052821128454,3691,碩禾,TPEx,104000.0
3312.TW,51.5,487,-0.009615384615384581,-0.058500927208533615,0.003898650407678117,-0.04855731906091132,0.2617699413790402,0.21152383913792416,0.020863272928433707,0.04479392578521613,0.02304541368563684,56754935.8604332,0.4129153337283237,0.781499513985806,-0.07033331517669905,-0.07033331517669905,-0.2786192321239873,-0.01059004721730411,0.02008442342798189,0.4834141362763684,-0.2684501725186569,37.046818727490994,14.669867947178872,38.58343337334934,39.483793517406966,32.12545018007203,3312,弘憶股,TWSE,51500.0
4534.TWO,29.850000381469727,487,-0.03554120692581386,-0.07441859282264418,0.047368434437534246,-0.14469916686578144,0.12218044937563377,0.6816901623363225,0.0039519147355342454,-0.06747890018166314,-0.010551889730975317,22015874.173611354,0.8468135895954315,1.1062109799894566,-0.2951593516653789,-0.2951593516653789,-0.2951593516653789,-0.04738331553519742,0.09560149005946139,0.5250604706732432,-0.35655251518717956,32.65306122448979,45.16206482593037,8.475390156062426,39.60384153661465,31.987394957983195,4534,慶騰,TPEx,29850.000381469727
4576.TW,232.0,487,-0.016949152542372836,-0.0064239828693790635,-0.06072874493927127,0.10739856801909298,0.2064003755274606,0.9322429282994851,-0.009393680614859012,0.06904231625835178,0.048591156360679566,477842073.0,0.42732489985834476,0.6843919641802462,-0.06072874493927127,-0.06072874493927127,-0.18159829442229414,-0.001766966307555018,-0.09652826761230227,0.4786582480860002,-0.22037914691943128,36.04441776710684,12.569027611044417,51.14045618247299,27.881152460984396,31.970288115246102,4576,大銀微系統,TWSE,232000.0
6282.TW,44.04999923706055,487,0.008009118261112613,0.01614765369270632,-0.006764357325414583,-0.22759098100075137,-0.1057939110208086,0.5033464350887673,0.020030088982396332,-0.023178499013423726,-0.11985765803100124,189584883.3746956,1.3260437666326041,0.6212425527351887,-0.22759098100075137,-0.22759098100075137,-0.3672355902982696,0.009700207592466259,0.0690993030081692,0.22028281096454363,-0.30871885187461723,22.911164465786317,50.03001200480192,7.178871548619448,58.37935174069628,31.864645858343337,6282,康舒,TWSE,44049.99923706055
2615.TW,111.5,487,-0.021929824561403466,-0.047008547008547064,-0.026200873362445365,0.40782833707514055,0.5044437856178148,0.4589119589323234,-0.021071115013169495,0.09037568521519246,0.245932114816797,1583203278.775,0.32943711181014806,0.33018703681977074,-0.11857707509881421,-0.11857707509881421,-0.11857707509881421,-0.015379606220792125,-0.1621436523874922,0.40184009959773126,-0.12648221343873522,50.96638655462185,2.0888355342136853,40.48019207683073,18.71548619447779,31.812124849939977,2615,萬海,TWSE,111500.0
6588.TWO,109.0,487,0.0092592592592593,-0.03964757709251099,-0.07627118644067798,0.39743589743589736,-0.2828947368421053,2.701188359124529,-0.01846015308419624,0.09792334738203978,0.008108025142179676,225224071.775,0.43819279300562325,0.7741742170435786,-0.08016877637130804,-0.08016877637130804,-0.3166144200626959,0.028327055869428797,-0.20874981891931044,0.627728187166335,-0.15254237288135597,38.21728691476591,15.444177671068426,33.373349339735896,39.855942376950786,31.801020408163268,6588,東典光電,TPEx,109000.0
3388.TWO,86.0,487,0.008206294527532965,0.02747912945779518,-0.0444444444444444,0.08723137369132017,-0.011850578082111096,0.4322615484603005,0.036331869110461934,0.04880180296305481,-0.03343866329164924,41543449.10450554,0.9107976099081746,0.15413692735277648,-0.14851485148514854,-0.14851485148514854,-0.26256286050605304,0.019317405638644064,-0.07352156900821778,0.32690399442197093,-0.20792079207920788,36.26050420168067,26.884753901560625,21.896758703481392,40.81032412965186,31.726290516206483,3388,崇越電,TPEx,86000.0
7714.TWO,168.5,487,-0.02034883720930236,-0.034383954154727836,0.036923076923076836,-0.07558334944092493,0.30384144324889206,0.09883500453303107,-0.005166051660516646,0.008443046155087064,0.1308147315408983,65733712.875,0.49250652688554514,0.8553536650038974,-0.17804878048780493,-0.17804878048780493,-0.17804878048780493,-0.02957960644007157,0.062117526736718484,0.6221341806759926,-0.3975903394745617,38.92857142857143,20.198079231692677,25.69027611044418,39.00960384153662,31.61044417767107,7714,創泓科技,TPEx,168500.0
3413.TW,288.5,487,-0.00859106529209619,0.01763668430335108,0.015845070422535246,-0.13622754491017963,-0.05559836781079619,-0.013381739046852359,0.011925640126271508,-0.04083781237878881,-0.06307650924035446,177443286.825,1.0923460319643032,0.6765323818752168,-0.2447643979057592,-0.2447643979057592,-0.2447643979057592,-0.01255233289773,0.06125425205926179,0.15535416437204136,-0.2827225130890052,27.743097238895558,43.51740696278512,14.501800720288117,44.84393757503001,31.603541416566628,3413,京鼎,TWSE,288500.0
4939.TWO,76.9000015258789,487,-0.0712560544495493,-0.024111693557054004,-0.1784187737231584,0.3444056031499796,1.0630630501552911,2.1091232106698237,-0.03476840150323113,0.07849097438544117,0.25450314228739934,597707398.2343318,0.932414961825556,0.41249041927796126,-0.1784187737231584,-0.1784187737231584,-0.1784187737231584,-0.0266513610187597,-0.29322064143981824,0.6429754954268643,-0.3605769603613147,41.8547418967587,30.582232893157265,25.570228091236494,13.505402160864344,31.52731092436975,4939,亞電,TPEx,76900.0015258789
3078.TWO,46.099998474121094,487,-0.0010834897097408147,-0.0021645516702800682,0.025583930849002234,-0.09675069551502491,-0.11593473469858928,-0.3901137244974793,0.021323694917065872,-0.027717626506899573,-0.06923427189560072,24057258.406530954,0.5192929252509546,0.6345481665245442,-0.09675069551502491,-0.09675069551502491,-0.16050947511653513,-0.007479472421991373,0.05783416268734387,0.23004804541842225,-0.13834426592454507,31.164465786314523,14.3937575030012,41.32052821128451,47.196878751500606,31.4078631452581,3078,僑威,TPEx,46099.998474121094
7734.TWO,2710.0,487,0.016885553470919357,0.04835589941972929,-0.07032590051457976,-0.02166064981949456,0.19603920624655347,1.3816326843692375,0.008278299693051716,-0.08482017222941407,-0.13469313143678174,648005841.5,0.8503697215098586,1.0484374769592149,-0.26558265582655827,-0.26558265582655827,-0.376692732139865,0.0344670285995643,-0.06310568390808158,0.5750834800665475,-0.32655826558265577,30.468187274909965,44.14165666266506,5.258103241296519,47.18487394957984,31.352040816326536,7734,印能科技,TPEx,2710000.0
6890.TW,156.0,487,0.054054054054053946,0.06849315068493156,-0.06024096385542166,-0.14049586776859502,-0.051742803399904336,-0.2686087893003405,0.04278074866310155,-0.043384945577188305,-0.10534396767388798,30844825.1,1.0461081196643558,0.6886771132427386,-0.14049586776859502,-0.14049586776859502,-0.4257033684683803,0.06911429501790936,-0.01340900793255665,0.3175554620702419,-0.1866295264623955,21.64465786314526,42.23289315726291,14.765906362545017,61.17046818727492,31.34483793517407,6890,來億-KY,TWSE,156000.0
5904.TWO,70.0999984741211,487,0.00573890306158753,-0.016830358012265623,-0.02231518189988324,0.08884516829131672,0.4539670447848865,0.5749998992928127,-0.011492655668238871,-0.021992195924882996,0.08226565013927911,334629768.9380501,0.5723199000068527,0.3286538871920642,-0.19517795979125063,-0.19517795979125063,-0.19517795979125063,0.01131769853655834,-0.051930237996988815,0.18634708675909667,-0.21469572073297194,46.326530612244895,9.8859543817527,21.94477791116447,38.82352941176471,31.214585834333736,5904,寶雅*,TPEx,70099.9984741211
2458.TW,134.0,487,-0.025454545454545507,0.026819923371647514,0.022900763358778553,-0.24486769312947387,-0.0022439168266948917,0.08817437309144371,0.017657110309474033,-0.05604850822658869,-0.0923365919057374,180829219.05,1.2071079280530974,0.6843715347067605,-0.24486769312947387,-0.24486769312947387,-0.26884016927080623,-0.031179736294240146,0.10452332773526984,0.3185831266145206,-0.28185046236574696,24.951980792316924,48.109243697479,12.316926770708285,44.85594237695078,31.199879951980794,2458,義隆,TWSE,134000.0
3228.TWO,164.5,487,-0.09615384615384615,-0.054597701149425304,-0.07062146892655363,-0.03801169590643272,0.22304832713754652,0.03134796238244508,-0.03688524590163944,0.0324267782426777,-0.06655633053552423,55460725.6,1.266306457185679,1.1154821760518403,-0.09615384615384615,-0.09615384615384615,-0.36116504854368936,-0.07849847892220774,-0.05795090362440939,0.38257260647213603,-0.24127906976744184,21.77671068427371,62.23889555822329,25.64225690276111,11.692677070828331,31.15276110444178,3228,金麗科,TPEx,164500.0
6112.TW,44.75,487,-0.06867844515001131,-0.08673469387755106,-0.011049723756906049,0.04278107333094461,-0.0198517931300064,-0.10389148685973693,-0.055658137694539755,5.445581521823506e-05,0.015148941983958997,176432996.66405544,0.3384999954754264,10.070995960576344,-0.14107483089029182,-0.14107483089029182,-0.14107483089029182,-0.0659160142107848,-0.025310081533887585,0.597490740681971,-0.14299418745554704,31.734693877551024,35.18607442977191,34.93397358943577,17.611044417767108,31.118847539015608,6112,邁達特,TWSE,44750.0
5274.TWO,17750.0,487,-0.053333333333333344,-0.10443995963673058,-0.07624251886546973,0.3128698224852071,0.3546308086987928,2.7362010978996305,-0.06294130845068568,0.06112160054998994,0.10323131719440504,4185308669.75,0.679872213357806,0.7451060694450533,-0.15092083233676157,-0.15092083233676157,-0.15092083233676157,-0.03427270361696591,-0.1805324596938721,0.5350115269204614,-0.16924066924066927,40.516206482593034,26.33853541416567,32.50900360144058,12.010804321728694,31.094537815126056,5274,信驊,TPEx,17750000.0
6913.TWO,134.0,487,0.04280155642023353,0.03076923076923066,-0.01831501831501836,0.06772908366533859,0.05821211107184143,-0.061791288073559936,0.03996895615056273,-0.003285191842806623,0.017342767712284823,29419228.275,0.46076545332748337,0.28577947931695974,-0.19277108433734935,-0.19277108433734935,-0.19277108433734935,0.04738031099898812,-0.04089137953679789,0.26116776451904977,-0.25,43.50540216086435,4.579831932773109,22.71308523409364,53.253301320528216,31.077731092436977,6913,鴻呈,TPEx,134000.0
2486.TW,240.0,487,0.0,0.023454157782516027,-0.056974459724950854,-0.043824701195219085,0.29618469286955196,1.903891883908131,0.007239534151715521,0.014048801098552888,-0.023195474929736393,937827686.775,1.0034382857313187,0.39382490701274886,-0.16666666666666663,-0.16666666666666663,-0.21680049929924228,0.014243614931237714,-0.04236622599321116,0.31986062852088937,-0.3460803059273423,29.420768307322923,32.90516206482593,23.25330132052821,41.626650660264104,30.88925570228091,2486,一詮,TWSE,240000.0
3006.TW,270.5,487,-0.054195804195804165,-0.05087719298245619,-0.08922558922558921,0.1864035087719298,0.731056984940502,2.3760984825400695,-0.0456028931816177,0.05591880550404982,0.1479075838118582,3367097303.875,0.5382659226786818,0.8479029956662951,-0.13301282051282048,-0.13301282051282048,-0.13301282051282048,-0.03188940688940686,-0.1513600921495658,0.5318503177319895,-0.3138075313807531,39.92797118847539,21.500600240096038,37.022809123649466,13.37935174069628,30.7578031212485,3006,晶豪科,TWSE,270500.0
2211.TW,79.80000305175781,487,0.0012547817734618327,-0.007462667446939908,-0.03855418009930345,-0.10058253996712596,-0.14711954029867935,-0.08717268353032703,-0.00931094907811525,-0.049316974432348504,-0.07636554511977156,47094086.89443016,0.7414060565230667,0.7452882229314356,-0.10246609431379872,-0.10246609431379872,-0.1513417293566477,0.010893326798287695,-0.005026666776928125,0.1367524977601092,-0.11371338593487879,20.108043217286912,30.048019207683073,41.24849939975991,46.18847539015606,30.733193277310924,2211,長榮鋼,TWSE,79800.00305175781
6138.TWO,270.5,487,-0.019927536231884035,-0.007339449541284404,-0.06076388888888884,-0.18818563499519203,0.2640331122352355,0.2754464785170492,-0.016363636363636358,-0.052861102937291404,-0.07981049445398514,132554986.975,2.0379368473599864,0.6154461519277721,-0.18818563499519203,-0.18818563499519203,-0.3579286225490622,-0.0047365640096618256,0.0019646561095085086,0.3230576955493734,-0.24264706295925975,18.475390156062424,61.062424969987994,10.804321728691477,39.40576230492197,30.72749099639856,6138,茂達,TPEx,270500.0
8054.TWO,81.30000305175781,487,-0.08239272627634997,-0.04240280812037156,-0.01811594136128669,-0.16185563864167207,-0.22938385732930988,-0.18699996948242192,-0.03877982511539013,-0.04098729507121934,-0.15432017280691623,89436917.98875275,1.5418860566677166,1.5978281071285152,-0.16185563864167207,-0.16185563864167207,-0.4043955820384043,-0.0778637409360283,0.03583593818593733,0.34571395296094476,-0.21623468405512358,13.841536614645857,72.77310924369749,12.581032412965186,27.58703481392557,30.384153661464588,8054,安國,TPEx,81300.00305175781
6121.TWO,370.0,487,-0.018567639257294433,-0.009370816599732268,-0.04269081500646832,-0.07384230287859828,0.09368421935710725,0.05793422308348162,-0.01869778543959688,-0.037982363009988585,-0.037176143190962074,189970014.8,1.0097425141991747,0.709115718577961,-0.1484464902186421,-0.1484464902186421,-0.18470811267932952,-0.007894935505677353,-0.01807671404693556,0.16839918147732408,-0.1484464902186421,22.773109243697476,41.626650660264104,28.883553421368546,33.7515006002401,30.35534213685474,6121,新普,TPEx,370000.0
6781.TW,1025.0,487,0.004901960784313708,0.014851485148514865,-0.05092592592592593,-0.07239819004524883,0.02668452963413226,-0.13519926834694196,0.005838771404739651,-0.014059669429437038,-0.06056980551563629,273544656.85,1.0165883006256289,0.42625121697924345,-0.14225941422594146,-0.14225941422594146,-0.21054177943063068,0.01763344226579519,-0.026793195910842987,0.23878208731904704,-0.20566037735849052,23.697478991596636,33.63145258103241,27.226890756302524,46.02040816326531,30.23529411764706,6781,AES-KY,TWSE,1025000.0
1503.TW,199.5,487,0.010126582278481067,0.005037783375314797,-0.03855421686746985,-0.07122497286544904,0.04250254218212324,0.10748238285334422,0.005417664104825359,0.0006555311934495212,-0.02602358166518015,180660325.675,0.5875231729088032,0.5195312780696983,-0.07122497286544904,-0.07122497286544904,-0.23757274134451478,0.01976513649534853,-0.0148125592456535,0.1669321929969072,-0.13475177304964536,26.77671068427371,14.597839135654262,41.87274909963986,49.783913565426175,30.202280912364948,1503,士電,TWSE,199500.0
6206.TW,134.5,487,-0.03584229390681004,-0.052816901408450745,-0.011029411764705843,0.09675179712624038,0.3233108352572145,0.3233108352572145,-0.02606806661839245,-0.011282554708540338,0.04278981593844233,106099960.325,0.6272245726229837,0.40540724300206477,-0.1487341772151899,-0.1487341772151899,-0.1487341772151899,-0.03308494096563358,-0.04328001080678597,0.28021714239976764,-0.15189873417721522,42.64105642256903,13.679471788715487,33.037214885954384,20.04201680672269,30.09003601440577,6206,飛捷,TWSE,134500.0
2474.TW,199.0,487,-0.03631961259079908,-0.056872037914691975,-0.04556354916067151,0.033766233766233666,0.04345482857120464,0.1140502681793607,-0.03585271317829464,-0.005041456605974659,-0.006562872355506788,443139526.55,0.667354659584834,0.7443422105447902,-0.0679156908665105,-0.0679156908665105,-0.1981232575701587,-0.0249287253006312,-0.05681896041608273,0.1750641115227115,-0.07512953367875652,28.181272509003602,25.126050420168067,46.72268907563026,20.84633853541417,30.025510204081638,2474,可成,TWSE,199000.0
6757.TW,53.20000076293945,487,-0.014814800686306473,-0.018450184242133294,-0.04144142769478465,-0.042585929356249275,0.11029453327628769,-0.2822483490137314,-0.010140475932328474,-0.031383424104025726,-0.012609139483283238,25201482.333910562,0.6623948171852919,0.47598880216732764,-0.07317074305382854,-0.07317074305382854,-0.1520463708096067,-0.004454443762610311,-0.027246117909368227,0.13779359968716173,-0.08188154421599536,26.30252100840336,16.89075630252101,50.0360144057623,34.02761104441777,29.855042016806724,6757,台灣虎航,TWSE,53200.00076293945
4540.TW,58.900001525878906,487,-0.05152974278374134,-0.02483443645870298,-0.015050129141538138,0.00683763292100692,0.11342154682291983,0.3587082721823114,-0.010084004795119283,0.03517973516241546,-0.02758475693280893,122729089.64332218,0.5879336136260961,0.6793279536748119,-0.059105384000476824,-0.059105384000476824,-0.23803364552985595,-0.047767210498356805,-0.01732934011520711,0.34906583779068806,-0.2530973316293902,30.930372148859544,19.255702280912363,46.290516206482586,21.03841536614646,29.599939975990395,4540,全球傳動,TWSE,58900.001525878906
3545.TW,49.5,487,-0.04440153032695415,-0.04255320561845133,-0.02941176470588236,-0.09336045399723059,0.017563062448788136,-0.2707464299748136,-0.022029034666147362,-0.006937907017386835,-0.057338660434495536,30036837.09228935,0.8645729314477498,0.8221382937100109,-0.09336045399723059,-0.09336045399723059,-0.18314130061935485,-0.03704858915048356,0.0017083866265278358,0.2292495666578386,-0.17439703487680258,19.669867947178872,38.72749099639856,39.92797118847539,26.62064825930372,29.528511404561826,3545,敦泰,TWSE,49500.0
3663.TWO,62.5,487,-0.07817113293803024,0.00644124856211703,0.00644124856211703,-0.20280613796455738,-0.11971830985915488,0.18595823710029746,0.011899937708924613,-0.012065972414145198,-0.108596697206222,39016576.53933716,1.0582498253411181,1.5087931438316295,-0.20280613796455738,-0.20280613796455738,-0.3184296392585859,-0.0797814450785595,0.07404329455030283,0.4227620413739265,-0.3078913597949282,18.673469387755105,58.71548619447779,11.54861944777911,33.547418967587035,29.490096038415366,3663,鑫科,TPEx,62500.0
1215.TW,105.0,487,0.0,-0.023255813953488413,-0.05405405405405406,-0.07488986784140972,-0.23316420394349957,-0.17285129791311216,-0.016393442622950838,-0.027402547279042788,-0.09345915849449371,66625002.525,0.5852410518427025,1.0583463711350576,-0.07488986784140972,-0.07488986784140972,-0.23316420394349957,0.013513513513513514,-0.02909076477358415,0.19561251462718943,-0.08849557522123896,18.460384153661465,29.53181272509003,40.84033613445378,42.69507803121249,29.33943577430972,1215,卜蜂,TWSE,105000.0
8069.TWO,145.0,487,0.00694444444444442,0.0034602076124568004,-0.03654485049833889,-0.23539897289565181,-0.03314960972808556,-0.3676717076753928,-0.005145797598627766,-0.11457137651247906,-0.17545858457797492,838171231.95,1.212697827823037,0.6917862493049641,-0.26582278481012656,-0.26582278481012656,-0.3981453743103929,0.01608065706902914,0.04192147380021172,0.23668006667576738,-0.2784810126582279,18.949579831932773,48.67947178871549,4.849939975990397,57.35894357743097,29.323529411764707,8069,元太,TPEx,145000.0
6244.TWO,22.799999237060547,487,-0.08982036201706578,-0.05000003178914392,-0.027718614274255038,-0.1283591714685387,-0.2040224223162549,0.27356400556824934,-0.013627550048891934,-0.047322946128018795,-0.1276883154306354,73417384.74048443,1.184190885162994,1.4815147012511558,-0.1460674687055532,-0.1460674687055532,-0.28137450247105245,-0.08289070844850202,0.015067776215257865,0.4245526423131796,-0.23179459178680883,13.805522208883552,63.295318127250894,20.600240096038416,24.08763505402161,29.07923169267707,6244,茂迪,TPEx,22799.999237060547
1722.TW,41.29999923706055,487,-0.006016847282562909,-0.021327049990702784,-0.07399101681528875,-0.08540728955905696,-0.05435324908366168,-0.12169328265598989,-0.01882760290374108,-0.05175149682155156,-0.06733273628759584,124005912.46984538,0.582780627236906,1.1307338523663346,-0.10158631791565942,-0.10158631791565942,-0.14854483708111443,0.012480906921259277,-0.04552192029560309,0.12129257720045995,-0.11137534575686114,17.41296518607443,30.942376950780307,41.84873949579832,40.01800720288116,29.073229291716686,1722,台肥,TWSE,41299.99923706055
3022.TW,90.69999694824219,487,-0.01733484345193803,-0.022629375371295835,-0.008743202751451462,0.06583731161725859,0.37592738466125275,0.3922106338335538,0.014541357217662254,0.008450716563196625,0.10337817393133375,112520777.42002067,0.42798014908798376,0.49631315099575546,-0.16713774643239832,-0.16713774643239832,-0.16713774643239832,-0.015149042764075166,-0.030688973290537658,0.3376619009302066,-0.23600728460141884,43.745498199279716,6.932773109243697,28.211284513805523,27.96518607442977,29.06842737094838,3022,威強電,TWSE,90699.99694824219
6739.TWO,1100.0,487,-0.03083700440528636,0.0,-0.009009009009009028,0.04761904761904767,-0.29323461478219814,0.4252950648019562,-0.028697571743929395,0.023843134821525336,-0.059755365326639054,389256277.75,0.6555015666120346,1.8680027620112811,-0.16666666666666663,-0.16666666666666663,-0.349031880692639,-0.028584752153034104,-0.024882024882024917,0.7840004117160321,-0.36790123456790125,30.900360144057625,40.7563025210084,13.793517406962783,24.321728691476594,28.956182472989198,6739,竹陞科技,TPEx,1100000.0
4966.TWO,568.0,487,-0.005253940455341555,0.0017636684303350414,0.0035335689045936647,-0.10849698673500485,0.039283691326854164,-0.24754805171787575,0.017374171592333898,-0.006316118363538625,-0.08880520686170579,258312190.75,0.6673293998202788,0.6642605934674244,-0.10849698673500485,-0.10849698673500485,-0.3370086898833845,-0.006137332681489971,0.03969923114959528,0.3201921967399777,-0.1649291837488076,29.291716686674672,22.653061224489797,23.673469387755098,44.90996398559424,28.851140456182478,4966,譜瑞-KY,TPEx,568000.0
3019.TW,138.0,487,0.01098901098901095,0.014705882352941124,-0.028169014084507005,-0.06440677966101693,0.10205700569662146,-0.1383917840926402,0.005830903790087438,0.0107421875,-0.014474398202605099,386622940.25,0.4604213032585267,0.4523522957895213,-0.12380952380952381,-0.12380952380952381,-0.133138061862761,0.0180312645101377,-0.006700087530834693,0.2819206574063869,-0.17647058823529416,29.98199279711885,6.812725090036015,38.127250900360146,50.06002400960385,28.830432172869152,3019,亞光,TWSE,138000.0
2374.TW,66.5999984741211,487,-0.008928549127512841,-0.010401256254006008,-0.0133333559389468,-0.09177873780540013,-0.05026719478226549,-0.20266623871324607,-0.0027700979756034583,-0.005791541309473458,-0.06232466671196479,107613833.18443069,0.6260519835729687,0.614704453204341,-0.09177873780540013,-0.09177873780540013,-0.19042849518234473,-0.005595210142776141,0.017259556662853243,0.13318139069056176,-0.18131875009036658,24.477791116446582,18.685474189675872,40.096038415366145,42.06482593037215,28.791416566626655,2374,佳能,TWSE,66599.9984741211
7740.TW,108.0,480,0.03349282296650724,-0.10373443983402486,-0.15625,-0.20753176948819152,-0.31509669598114676,-0.422312869625019,-0.06976744186046502,-0.18808988469749477,-0.2287039459029364,23554226.6,1.226374031403964,1.154678856489033,-0.38983050847457623,-0.38983050847457623,-0.38983050847457623,0.07255532296650724,-0.08707274350393616,0.5271551015428373,-0.43220338983050843,12.509003601440575,61.16446578631452,2.857142857142857,51.9747899159664,28.662364945978393,7740,熙特爾-創,TWSE,108000.0
2419.TW,27.299999237060547,487,-0.08080813010865984,-0.10929854561709018,0.012986956000476058,-0.0036496490095604406,-0.2768212122632968,0.14465403775302654,-0.02725817658408325,0.04657846388371034,-0.02949151937215788,57665668.52174149,0.5051712222654706,1.5477164336900155,-0.10929854561709018,-0.10929854561709018,-0.2768212122632968,-0.08405486910877885,0.014203505670329538,0.498349917782908,-0.18681313614095996,28.733493397358945,32.1608643457383,27.010804321728692,23.577430972388953,28.472388955582232,2419,仲琦,TWSE,27299.999237060547
2312.TW,31.049999237060547,487,-0.006400024414062511,-0.007987220641973325,-0.038699691316579576,-0.09210530571953612,0.22873115047451287,0.6194047140490864,0.0025021938435103586,-0.01931885938414657,-0.032859833315805664,201874155.33069038,0.7517464031712292,0.513191424904009,-0.10260113854385722,-0.10260113854385722,-0.2723873148791853,0.0032748984150823834,-0.00799792274340087,0.2080644832929919,-0.20086702780605725,25.996398559423767,23.7875150060024,29.075630252100837,41.78871548619448,28.428871548619448,2312,金寶,TWSE,31049.999237060547
7750.TW,1995.0,487,0.04177545691906004,0.017857142857142794,-0.16000000000000003,-0.017241379310344862,0.1946107784431137,1.070242262594571,-0.00037579857196545774,-0.07151721998138372,-0.10342115611482505,349106044.75,0.8439079724629878,0.4529871010874784,-0.2067594433399602,-0.2067594433399602,-0.35016286644951145,0.08177545691906005,-0.1542528735632184,0.574978256469797,-0.2504970178926441,30.216086434573832,26.90876350540216,9.675870348139256,51.07442977190877,28.40996398559424,7750,新代,TWSE,1995000.0
4585.TW,290.5,487,-0.005136986301369828,-0.02842809364548493,-0.02352941176470591,-0.04754098360655734,-0.06623856083616397,-0.5270558932444804,-0.014418999151823542,-0.024840550520308757,-0.06805019261627554,53856897.975,0.5032342895504365,0.8395510472022074,-0.10339506172839508,-0.10339506172839508,-0.2180349932705249,0.0007453666398066494,-0.007682417229186795,0.16742278783556439,-0.16666666666666663,26.368547418967587,20.15606242496999,33.39735894357743,40.31212484993998,28.312725090036015,4585,達明,TWSE,290500.0
2495.TW,37.650001525878906,487,-0.03585141455913188,-0.03708432237412718,0.006684491705889695,-0.1889740421653343,-0.11828822674370565,0.7634235465125887,-0.007512811703742628,-0.006888469762142524,-0.09299663899496002,46425951.176970676,0.8727232808975345,1.085430324747674,-0.1889740421653343,-0.1889740421653343,-0.2854528879376127,-0.0375225374856043,0.06967583909433446,0.2576285824991496,-0.2781236787885967,20.516206482593038,45.91836734693878,14.597839135654262,38.007202881152466,28.30672268907563,2495,普安,TWSE,37650.001525878906
6125.TWO,50.099998474121094,487,0.004007954752034637,0.008048243562199575,-0.013779542784496224,-0.11819814342011781,-0.10415168574197953,-0.3485787779181466,0.015403301584946849,0.002660340560068919,-0.08461096472714413,24133887.478245545,0.8694506507947223,0.2942410463974272,-0.11819814342011781,-0.11819814342011781,-0.30947572599506123,0.007452840448158693,0.025619838355543045,0.23739337621490889,-0.22980251967603904,24.111644657863145,25.852340936374553,22.737094837935174,50.576230492196885,28.241596638655462,6125,廣運,TPEx,50099.998474121094
8112.TW,83.69999694824219,487,0.010869491102817985,0.007220198377114739,-0.07411509363435909,-0.043428606305803585,0.01713551316607309,0.8687415990974763,-0.0022054302780952773,-0.04013764967612177,-0.030973470595528574,448457756.07140505,0.7668237076453004,0.3601899693960026,-0.16300003051757816,-0.16300003051757816,-0.16300003051757816,0.029398264511407757,-0.059638891532424555,0.16484386795331776,-0.17800003051757818,24.819927971188473,21.896758703481392,29.43577430972389,45.95438175270108,28.18247298919568,8112,至上,TWSE,83699.99694824219
6188.TWO,62.5,487,0.00644124856211703,-0.0031898047927564344,-0.04580152671755722,-0.18661157892970515,-0.27771109184302,-0.49128006715202477,0.0014420790387428273,-0.06461446304889473,-0.1563510980587487,35533939.73724327,0.895351698879612,0.928340817866075,-0.18661157892970515,-0.18661157892970515,-0.28587256835338015,0.017891630241506334,0.01640233292567783,0.1365722309314039,-0.1699471056418448,15.510204081632654,43.157262905162064,14.789915966386555,54.765906362545024,28.166266506602643,6188,廣明,TPEx,62500.0
6617.TWO,121.5,487,-0.12274368231046928,-0.13829787234042556,-0.09999999999999998,0.15714285714285725,0.786764705882353,0.20895522388059695,-0.09073900841908322,0.07899293943536767,0.31597949346668086,132133734.85,0.5356536663250011,0.9138530829559052,-0.1503496503496503,-0.1503496503496503,-0.1503496503496503,-0.09774368231046929,-0.1523809523809524,0.5342289342225413,-0.35151513830407877,37.5750300120048,23.187274909963982,32.67707082833134,4.831932773109244,28.087034813925573,6617,共信-KY,TPEx,121500.0
6104.TWO,87.5,487,-0.04371584699453557,-0.041621061607233445,-0.0875912553933812,-0.13793103448275867,-0.057112099972688735,-0.2428827992634004,-0.03575955084461124,-0.0604531343948943,-0.09600434024799531,34870046.595408246,1.7503997933357414,0.6505913582266505,-0.14634146341463417,-0.14634146341463417,-0.19354838709677424,-0.02181803314619027,-0.0416142438991283,0.21742577897262216,-0.1724137931034483,10.39015606242497,58.097238895558235,28.35534213685474,24.423769507803122,28.015006002400963,6104,創惟,TPEx,87500.0
8271.TW,202.0,487,0.0,-0.009803921568627416,-0.09009009009009006,0.10382513661202175,0.2643921701368128,1.9448452364136268,-0.012104169213840277,-0.056111522136988445,-0.054063869976054724,241357186.95,0.5673848904674885,0.3003197693511337,-0.18218623481781382,-0.18218623481781382,-0.20641796731597828,0.022522522522522515,-0.12469846896076398,0.28269665335014116,-0.1923076923076923,37.602040816326536,9.237695078031212,22.593037214885957,39.897959183673464,27.85354141656663,8271,宇瞻,TWSE,202000.0
3141.TWO,81.5,487,-0.04454868600007045,-0.12176727026027578,-0.19786426892262132,0.13793946097913956,0.8744064598643952,0.6011320551947354,-0.08257233167052214,0.032546048202073186,0.11684190683636975,304154759.57338715,0.4668289515334534,0.7982516373508574,-0.20177710187968212,-0.20177710187968212,-0.20177710187968212,0.004917381230584883,-0.24384408924900117,0.4802233697594061,-0.21450952155501202,37.22088835534213,16.872749099639854,21.22448979591837,28.94357743097239,27.692977190876352,3141,晶宏,TPEx,81500.0
6261.TWO,77.9000015258789,487,-0.015170631749566788,-0.017654495233312306,-0.017654495233312306,-0.13054738042131186,0.022104587619376836,0.32351599579244006,0.0021870734598699038,0.0004696714556715609,-0.1254190385354932,34226575.29232941,0.7560489138546387,0.9746129942508078,-0.13054738042131186,-0.13054738042131186,-0.398221594764117,-0.010757007941238711,0.025861298240458318,0.27556642053365904,-0.2222222126046799,22.13085234093637,37.65906362545018,17.046818727490994,40.042016806722685,27.68277310924369,6261,久元,TPEx,77900.0015258789
6830.TW,530.0,487,-0.0056285178236398226,-0.04159132007233268,-0.08516611358157777,0.34347275031685687,-0.3416149068322981,2.050563853281689,-0.0281063910741568,0.12704474645907182,-0.05494799424855168,779061739.4250244,0.6664480350953518,0.5376511345103249,-0.11371237458193983,-0.11371237458193983,-0.45641025641025645,0.01566301057175462,-0.1996570303538634,0.5326617735803516,-0.20101137800252844,34.7719087635054,19.087635054021607,18.391356542617046,34.35174069627851,27.51170468187275,6830,汎銓,TWSE,530000.0
5608.TW,16.549999237060547,487,-0.02359890901913675,-0.03498544576184348,-0.04335260306794286,0.1453286820425368,0.009146318415812038,-0.040579754373301635,-0.020420281197718215,0.058409671089458826,0.08545345052650832,44244621.39102735,0.5124635881022599,0.15560113397676542,-0.11733337402343746,-0.11733337402343746,-0.11733337402343746,-0.012760758252151033,-0.09179549708212179,0.20438364271405485,-0.13066670735677088,35.66626650660264,6.0924369747899165,41.0564225690276,21.914765906362547,27.28811524609844,5608,四維航,TWSE,16549.999237060547
6510.TWO,3020.0,487,-0.014681892332789603,-0.133428981348637,-0.12968299711815567,0.08828828828828827,-0.17041313290778448,0.7449930753515313,-0.090155908714318,0.021535686097643447,-0.05661992573301,3175326766.25,0.5816534648224235,1.363444025381973,-0.1837837837837838,-0.1837837837837838,-0.27707426967372983,0.017738856946749315,-0.1591124265475851,0.6409475971148213,-0.19217081850533813,25.354141656662662,33.80552220888355,16.086434573829532,36.30852340936375,27.256602641056425,6510,精測,TPEx,3020000.0
3135.TW,157.0,487,-0.006329113924050667,-0.02786377708978327,-0.09248554913294793,0.015893778317657814,0.3739546434747867,3.3909454145352482,-0.02302426882389541,0.0004673121654990009,-0.0576676875222758,85704666.425,0.6988279988917386,0.24540559814616655,-0.10795454545454541,-0.10795454545454541,-0.3565356073700694,0.016792273359186316,-0.09778347523883386,0.19509232635171192,-0.17962459345195703,31.362545018007204,16.890756302521005,22.857142857142854,38.007202881152466,27.040216086434572,3135,凌航,TWSE,157000.0
6265.TWO,49.150001525878906,487,0.010277491969533203,0.013402093317090857,-0.10310214944967766,-0.09149717352783349,0.27166881204311233,2.7807693481445312,-0.00364886272259346,-0.05211895892064977,-0.0324723492864436,88962217.6463234,0.924228490900888,0.2691831922296982,-0.2235386711173477,-0.2235386711173477,-0.23082941545825142,0.03605302933195262,-0.0726030916070665,0.4592152590684616,-0.2825278992284598,24.22569027611044,28.253301320528212,16.3265306122449,46.41056422569028,26.98049219687875,6265,方土昶,TPEx,49150.001525878906
2392.TW,40.75,487,-0.020432656377376235,-0.08529740296604493,-0.08117245993191513,0.12562285409850849,0.1378412820415591,-0.14516922417536915,-0.030685056568539815,0.013055398897116488,0.05178693127881906,89977919.97726345,0.4424106735403605,0.3268759280029597,-0.12647376919389608,-0.12647376919389608,-0.12647376919389608,-0.00013954139439745217,-0.12304674463141796,0.34879920956793015,-0.12647376919389608,34.0516206482593,4.3397358943577435,38.70348139255702,27.737094837935178,26.606842737094837,2392,正崴,TWSE,40750.0
6761.TWO,168.5,487,0.021212121212121238,0.012012012012011963,-0.06388888888888888,-0.037142857142857144,-0.13367609254498714,0.08089809906371492,0.01460183651964475,0.00812683851024576,-0.08320108818861927,26341257.225,0.6596607764333275,0.25213717948288555,-0.10846560846560849,-0.10846560846560849,-0.2673913043478261,0.03718434343434346,-0.0515079365079365,0.37394467074219245,-0.26530612244897955,24.41176470588235,13.54141656662665,28.11524609843938,49.639855942376954,26.219087635054024,6761,穩得,TPEx,168500.0
6215.TW,97.0,487,-0.007164759161794265,-0.012219928569597305,-0.008179990049023145,-0.11772348222780304,-0.06284503916094963,-0.21339202687611558,-0.005179216907924666,-0.007266397730920859,-0.0804781020853208,42544468.34350777,0.7023709753060435,0.4204401849406457,-0.11772348222780304,-0.11772348222780304,-0.27457261409462563,-0.005119761649538479,0.031061170693577868,0.2183532558740769,-0.24339625520526242,24.273709483793517,19.153661464585838,25.210084033613445,44.021608643457384,26.143157262905163,6215,和椿,TWSE,97000.0
2388.TW,71.5,487,-0.020547945205479423,0.025825009046907876,-0.07979404365192133,0.01997149153142641,0.16521076162040504,0.18059320107975685,-0.010791365862332203,-0.030333171925935543,-0.03480332764634597,230402074.05075988,0.544145208878065,0.7374946296090573,-0.13855421686746983,-0.13855421686746983,-0.1870006127219751,-0.0005994342924990903,-0.08645120749573014,0.32953918789107456,-0.1638554033026638,27.34093637454982,18.43937575030012,30.15606242496999,28.985594237695082,25.925270108043218,2388,威盛,TWSE,71500.0
6829.TWO,215.0,487,0.031175059952038398,-0.011494252873563204,-0.16666666666666663,-0.07922912205567456,0.2182213061461633,0.7083650994108484,-0.007615970459266097,0.0004653327128896212,-0.0032253446647506623,179656088.0,0.49583151058882974,0.6702192816740322,-0.16666666666666663,-0.16666666666666663,-0.21341466342034077,0.07284172661870505,-0.1402569593147751,0.601510109805466,-0.38132295719844356,24.981992797118846,14.591836734693878,23.637454981992796,50.258103241296524,25.906962785114047,6829,千附精密,TPEx,215000.0
3708.TW,96.19999694824219,487,-0.02730034920100799,-0.0351053170223965,-0.03413656202778281,-0.08380955287388392,-0.1395847843753052,-0.13593896743374245,-0.013181541003640551,-0.02613510893746629,-0.08951197488291263,41414557.7846901,0.619735536886123,0.8170142000886845,-0.08380955287388392,-0.08380955287388392,-0.2246448199763048,-0.018766208694062286,-0.006200044403154841,0.2811172906577619,-0.1475727859052639,17.983193277310924,24.345738295318128,38.72749099639856,31.12845138055222,25.694477791116448,3708,上緯投控,TWSE,96199.99694824219
8299.TWO,2060.0,487,-0.041860465116279055,-0.041860465116279055,-0.01670644391408116,-0.05069124423963134,0.30917563033215645,1.8312013436341705,-0.008900649506855873,0.02773042863676034,-0.04188838156988395,6399227416.25,0.5433867262751774,0.5995946760129567,-0.0964912280701754,-0.0964912280701754,-0.27949886260391976,-0.037683854137758765,0.00019063749912928696,0.4302358892775031,-0.2897862232779097,30.282112845138055,13.997599039615846,30.01200480192077,26.248499399759908,25.551920768307323,8299,群聯,TPEx,2060000.0
3260.TWO,365.0,487,-0.0331125827814569,-0.06169665809768643,-0.07192764084808956,-0.05588692038158516,0.06065404244258543,1.5912230733141604,-0.04134003099178185,-0.042752899851544734,-0.06645345481560672,1917312063.6574721,0.9152395555963971,0.5398416595202071,-0.1280141578715832,-0.1280141578715832,-0.20998802067398104,-0.015130672569434511,-0.05329866738756117,0.22397674124768266,-0.14583332027388485,19.153661464585834,32.827130852340936,29.5078031212485,25.060024009603843,25.528811524609843,3260,威剛,TPEx,365000.0
2645.TW,173.5,487,0.0028901734104045396,-0.008571428571428563,-0.002873563218390829,-0.3101391650099403,0.12860817515393608,0.012522766298122656,0.004486901143436084,-0.05655247417074505,-0.018561567518344924,146606798.075,0.6966927419476643,0.22380639321314943,-0.3101391650099403,-0.3101391650099403,-0.3101391650099403,0.0036085642150022468,0.10050615845158928,0.13174379424511837,-0.2975206611570248,26.644657863145255,16.53061224489796,7.490996398559425,60.33013205282113,25.338235294117645,2645,長榮航太,TWSE,173500.0
7828.TWO,1800.0,348,-0.04509283819628651,-0.11764705882352944,-0.03743315508021394,-0.08860759493670889,0.31275027039596615,3.4078917032998284,-0.07443116081758583,0.00736871560488761,0.05997333073285627,577009408.5,0.4715793549364398,1.4085289374230598,-0.16666666666666663,-0.16666666666666663,-0.22580645161290325,-0.035734549426233025,-0.007897290101310978,0.7203872145103835,-0.43518518518518523,24.18967587034814,29.465786314525808,22.24489795918367,25.33613445378151,25.291716686674672,7828,創新服務,TPEx,1800000.0
5457.TWO,23.850000381469727,487,-0.02053388058180472,-0.006249984105428097,-0.12316177527590988,-0.2159542479266875,-0.3368151028943388,-0.46451342944362495,-0.029896260444193246,-0.10945500601061608,-0.1929650491970235,20221556.483104803,0.9853283014391111,2.9123131035023295,-0.2159542479266875,-0.2159542479266875,-0.3700158056933547,0.01025656323717275,-0.05117702596701405,0.39944324947559556,-0.21695936466065935,6.110444177671069,60.93037214885955,7.73109243697479,38.655462184873954,25.021308523409367,5457,宣德,TPEx,23850.000381469727
7751.TWO,1600.0,487,-0.01538461538461533,0.10726643598615926,0.0062893081761006275,0.26984126984126977,-0.13279132791327908,2.181597650066616,0.0610079575596818,0.1106611904899637,0.0110318317053264,252027351.75,0.5151989271345552,0.2764790962763222,-0.19395465994962213,-0.19395465994962213,-0.4106813996316758,-0.016956942428640487,-0.0836577817709893,0.539031403125749,-0.3148614609571788,45.60624249699881,6.836734693877553,8.451380552220888,21.092436974789916,24.80582232893158,7751,竑騰,TPEx,1600000.0
6446.TW,1205.0,487,-0.008230452674897082,0.047826086956521685,-0.09056603773584904,-0.03600000000000003,1.027462894530589,1.7032838593741184,-0.007413509060955503,-0.05613577023498695,0.13410390834027242,3593664722.5,0.44245465495257424,0.700808277797958,-0.23974763406940058,-0.23974763406940058,-0.23974763406940058,0.014411056759065177,-0.07856603773584903,0.47498889154236956,-0.27444794952681384,31.188475390156064,13.871548619447779,15.19807923169268,37.39495798319328,24.5921368547419,6446,藥華藥,TWSE,1205000.0
2072.TW,130.5,487,-0.0076045627376425395,0.011627906976744207,-0.011363636363636354,-0.05912493741671376,-0.26510031473919127,-0.5121890453619891,0.00694444444444442,-0.05814913739922489,-0.1396304092496703,29058484.775,0.6501562618683521,0.6810342011340359,-0.168462096176633,-0.168462096176633,-0.3168017933492796,-0.004763653646733451,0.008344676108601567,0.2557833662278817,-0.19394984801796233,24.92196878751501,21.998799519807925,15.03001200480192,40.450180072028814,24.542016806722692,2072,世紀風電,TWSE,130500.0
1707.TW,84.9000015258789,487,-0.009334836065938656,-0.02749142545225358,-0.06703295026506695,-0.07213113086471146,-0.2529473234492633,-0.30189740275146704,-0.024474300812299066,-0.048917083866893085,-0.1065504552192239,25538437.77691078,0.6817082768949122,0.5220912109386495,-0.08414234821084521,-0.08414234821084521,-0.2560994360186767,0.007423401500328081,-0.042989239976829796,0.14067804409552268,-0.0916936384015834,16.200480192076828,20.150060024009605,36.278511404561826,38.319327731092436,24.521308523409367,1707,葡萄王,TWSE,84900.0015258789
2465.TW,89.0,487,-0.024122774362489663,-0.03260869565217395,-0.13170731707317074,0.036088456566408356,0.513605461816145,0.5586690434035064,-0.0246575260917562,0.008593826686168926,0.06616619365885468,153814242.4100235,0.3880884011069085,0.2938295921675887,-0.1523809523809524,-0.1523809523809524,-0.1523809523809524,0.008804054905803022,-0.14373680259530686,0.3451290171911081,-0.20376917244794734,31.446578631452578,2.4789915966386555,31.980792316926774,32.3109243697479,24.44117647058824,2465,麗臺,TWSE,89000.0
6269.TW,65.30000305175781,487,-0.010606014367305905,0.0,-0.03687315468247876,0.054927325396873394,0.026729632365140032,-0.03402360169052032,0.0011499067819000786,0.0351934517008452,0.0052727226138831185,226269330.15095177,0.40641418210602437,0.3911539539248602,-0.13164886034900014,-0.13164886034900014,-0.25371425083705357,-0.001387725696686215,-0.05518226314810322,0.3477936101201773,-0.2532467347491062,33.41536614645858,4.339735894357743,25.354141656662662,31.788715486194484,24.290216086434572,6269,台郡,TWSE,65300.00305175781
1536.TW,46.54999923706055,487,-0.007462735126463338,-0.004278091185870636,-0.049029652471343166,-0.17023172008580278,-0.08366141857930309,-0.2957639892338968,-0.0046506802159689276,-0.05048445981034799,-0.06997653800174963,37261102.92538814,0.6744704922993286,0.6747084118390199,-0.17023172008580278,-0.17023172008580278,-0.17610620819361866,0.0047946779913724535,0.007714254223924431,0.15369710864249014,-0.15413535047638183,15.396158463385355,23.535414165666268,26.626650660264104,46.002400960384165,24.268007202881154,1536,和大,TWSE,46549.99923706055
8105.TW,15.149999618530273,487,-0.0733945403634042,0.0033112076687034087,-0.0032894862738344077,-0.19841270241737774,0.05944051863342881,0.14339619762492628,0.009831668648543124,-0.030141393479141243,-0.10235522805480535,34492934.50578012,1.106392276360784,0.43645624361486396,-0.19841270241737774,-0.19841270241737774,-0.39761432014623566,-0.0725721687949456,0.06284808119862484,0.4836509353103292,-0.24999997408493657,20.55222088835534,37.545018007202884,8.499399759903962,32.29291716686675,24.150960384153663,8105,凌巨,TWSE,15149.999618530273
6831.TW,488.0,487,0.03499469777306463,-0.04873294346978563,-0.14084507042253525,-0.3259668508287292,0.12962962962962954,1.6574256823528248,-0.05462998837659827,-0.15901943044246258,-0.24060481883964002,381429531.625,0.7832004875555865,0.6993999894745817,-0.3259668508287292,-0.3259668508287292,-0.4895397489539749,0.07020596537869844,-0.0321894534796255,0.4281194284775474,-0.3359154929577465,17.83313325330132,31.614645858343337,1.4885954381752702,57.791116446578634,24.003301320528212,6831,邁科,TWSE,488000.0
6176.TW,91.0999984741211,487,-0.0010964745336323745,-0.028784696053228087,-0.0032823090453982795,-0.22291158438867376,-0.20270686778711555,-0.4907430382572465,-0.008273474576022788,-0.10014478127623505,-0.19068325541959263,174199604.36417922,0.3966542065593498,1.1099146328826737,-0.22291158438867376,-0.22291158438867376,-0.3425955625557373,-0.0002758972722828046,0.07102155241749297,0.28219410827045344,-0.2296951715721759,21.2124849939976,23.013205282112846,8.619447779111646,53.38535414165666,23.969987995198075,6176,瑞儀,TWSE,91099.9984741211
2236.TW,84.30000305175781,487,-0.23013695843143556,-0.2266054765893779,-0.29749997456868493,-0.5155172238404724,-0.3490347254690517,-0.19772623377136345,-0.24139479818440668,-0.3339478294567463,-0.3725927766173016,93110028.69285965,4.640812363837754,2.3726586574211495,-0.5155172238404724,-0.5155172238404724,-0.5430894143536162,-0.15576196478926432,-0.12566089995519414,0.5971046272131503,-0.4982142675490606,0.5222088835534213,91.86074429771908,0.6002400960384153,3.3313325330132058,23.793817527010802,2236,百達-KY,TWSE,84300.00305175781
6143.TWO,78.30000305175781,487,-0.03333329565731091,-0.056626469255929957,-0.0947976525808345,-0.2285713985048491,-0.174050627308435,-0.4215055579317518,-0.03855595647036958,-0.1110185695552719,-0.1442310872473732,24990043.999074936,1.3374940788673904,0.8014142949742553,-0.2434782313839825,-0.2434782313839825,-0.27834098569808463,-0.009633882512102288,-0.018607186412551477,0.16634596564282908,-0.2434782313839825,6.668667466986794,55.552220888355336,11.644657863145259,32.665066026410564,23.78421368547419,6143,振曜,TPEx,78300.00305175781
8033.TW,174.0,487,-0.002865329512893977,0.01754385964912286,-0.016949152542372836,-0.30260521042084165,0.19999999999999996,0.1335504885993486,0.013100436681222627,-0.055118110236220486,0.034896716955720386,374842336.75,0.7430390013046007,0.24772369186967197,-0.3543599257884972,-0.3543599257884972,-0.3543599257884972,0.001371958622699232,0.08391925093124104,0.25423585243137475,-0.4434137291280148,24.093637454981994,19.11764705882353,4.609843937575031,55.942376950780314,23.730192076830733,8033,雷虎,TWSE,174000.0
8436.TWO,102.5,487,-0.03755868544600938,-0.014423076923076872,-0.06818181818181823,-0.03895490007903035,-0.12490205133649857,-0.0680774950254247,-0.025202092249167918,-0.07437699974706535,-0.08346310298277759,68357224.875,0.7330287498571931,0.6473411869220949,-0.14911420636029982,-0.14911420636029982,-0.14911420636029982,-0.02051323090055482,-0.05519685148880812,0.14867001345578715,-0.14911420636029982,16.94477791116446,26.716686674669866,32.9171668667467,22.821128451380552,23.463685474189674,8436,大江,TPEx,102500.0
3704.TW,39.45000076293945,487,-0.025925907087914757,-0.06405695528342337,-0.0062972290981258006,-0.20862583810470225,0.07537809515183658,0.10678689486393478,-0.020423352443177167,-0.0765989661418165,-0.07056689436930341,91873381.19770813,0.4744563109846638,0.8414254024608685,-0.21726191332190636,-0.21726191332190636,-0.21726191332190636,-0.024351599813383307,0.06324471693677496,0.2729726172343098,-0.2281745962665317,22.09483793517407,18.913565426170468,18.271308523409367,41.578631452581035,23.45738295318127,3704,合勤控,TWSE,39450.00076293945
3131.TWO,2450.0,487,-0.02970297029702973,-0.006085192697768749,-0.04109589041095896,-0.22271272577092427,-0.23345863826010882,0.5213976870971067,0.005334427574887224,-0.02485456569030553,-0.13330054272981362,960616327.0,1.0602087241932951,0.8088401080153858,-0.23345863826010882,-0.23345863826010882,-0.36105194158978693,-0.01942899769428999,0.033141684846015804,0.46767259965289465,-0.3257564756940957,11.134453781512605,46.24849939975991,7.178871548619448,38.007202881152466,23.152761104441776,3131,弘塑,TPEx,2450000.0
6584.TWO,538.0,487,-0.0037037037037036535,-0.03928571428571426,-0.12741568059579622,-0.18899439759184133,-0.20099152341030968,1.1823423373460744,-0.02589172551149732,-0.04136645198135913,-0.13062520099058483,239106741.3,1.2314871542213273,0.37102792957599284,-0.20802096707676576,-0.20802096707676576,-0.32903142516211326,0.028150216445245402,-0.06441754806518245,0.3972857079447205,-0.3926974344849957,9.789915966386555,41.07442977190877,10.468187274909965,44.97599039615847,23.02460984393758,6584,南俊國際,TPEx,538000.0
8096.TWO,90.0999984741211,487,0.02038499841623098,0.04161847946960795,-0.1376356135502702,-0.42871762309582406,-0.04585609536278734,0.928610342742864,0.010826259363448054,-0.18044367988914445,-0.22680848634140194,313147392.2420624,0.6511166873851748,1.0572590121869523,-0.42871762309582406,-0.42871762309582406,-0.4657919854234368,0.054793901803798534,0.005270260815004479,0.46945604689053416,-0.4646513165792686,13.181272509003602,32.45498199279712,1.1524609843937577,61.89075630252101,22.900360144057622,8096,擎亞,TPEx,90099.9984741211
2491.TW,39.70000076293945,487,-0.0269607474188851,-0.008739038221933892,-0.07674416830373365,0.13105420195986328,1.536741324640861,2.0075758588325017,-0.016230924900653365,0.0658195222375606,0.22397073574971094,33943765.420199014,0.41876037815134226,0.3443294758670611,-0.29609929629659193,-0.29609929629659193,-0.29609929629659193,-0.007774705342951688,-0.12042890229035474,0.3578779598331415,-0.3504398648187571,41.33853541416566,4.129651860744297,8.355342136854743,23.565426170468193,22.773709483793517,2491,吉祥全,TWSE,39700.00076293945
8234.TWO,61.79999923706055,487,-0.012779540839625847,-0.011200012207031262,-0.06497534381298231,-0.12546922259307658,0.012689546827885145,-0.31141599708185386,-0.013561203743656103,-0.04503331871421323,-0.067123889971485,20707530.01091232,0.6739410120692616,0.5024388134925143,-0.15746429318840227,-0.15746429318840227,-0.18077548640210106,0.003464295113619731,-0.02315226961529012,0.1870549507575934,-0.1924746793686497,16.386554621848738,18.499399759903962,27.995198079231695,39.591836734693885,22.717286914765907,8234,新漢,TPEx,61799.99923706055
2356.TW,58.099998474121094,487,-0.02352943740972957,-0.05987056324623086,-0.1210287471206537,-0.07290099620177448,0.33296231156306644,0.34341098160177497,-0.04464361870681122,-0.07904472200038848,-0.045009851904481035,758466887.4977067,0.7615577159489354,0.49004256903236076,-0.16881262938727015,-0.16881262938727015,-0.29761938251278375,0.006727749370433855,-0.09672841505339554,0.19317500406456198,-0.16881262938727015,21.44657863145258,23.817527010804323,15.918367346938775,32.911164465786314,22.653361344537817,2356,英業達,TWSE,58099.998474121094
8932.TWO,90.0999984741211,487,-0.026997840617661306,-0.050579588773229545,-0.04352440134763291,-0.05826257163754489,0.25057508875316703,0.012147740341857283,-0.015999581456074385,-0.003961414629147786,0.03262884100000951,134489907.6213085,0.5227531600563983,0.3646234439795088,-0.16370806541490412,-0.16370806541490412,-0.16370806541490412,-0.016116740280753078,-0.02410354413511795,0.3330098806041012,-0.3312741137208439,25.88235294117647,8.211284513805522,29.267707082833134,29.117647058823533,22.626950780312125,8932,智通*,TPEx,90099.9984741211
3033.TW,41.70000076293945,487,-0.021126707591982097,-0.004773287724486708,-0.03583813264879876,-0.14646489805899987,0.2703197435887603,0.5137609215998937,-0.004654472446647295,-0.07072876869025391,-0.06698730135551323,108179432.3320673,0.6357850168613915,0.5180412160193296,-0.21861617483935802,-0.21861617483935802,-0.21861617483935802,-0.012167174429782407,0.012983500037534533,0.18122036769731098,-0.24280572376935716,22.983193277310924,16.42857142857143,17.88715486194478,37.611044417767104,22.51950780312125,3033,威健,TWSE,41700.00076293945
3003.TW,58.5,487,-0.031456978110585565,-0.006791197207408506,-0.008474576271186418,-0.07176282528335576,0.0917431120816492,0.08378864507832562,-0.0048481729718785616,-0.049060716185189035,-0.04181432100022686,27150030.641488075,0.4923085720161923,0.36530788861849217,-0.1886268899021205,-0.1886268899021205,-0.1886268899021205,-0.02933833404278896,0.015446365489932168,0.21484619440365832,-0.21497920011140392,27.38295318127251,6.926770708283313,23.55342136854742,31.998799519807925,22.195378151260506,3003,健和興,TWSE,58500.0
3049.TW,12.199999809265137,487,-0.03557310852452178,-0.027888476187284628,-0.04313726986155786,0.008264415259734426,-0.05426355271046812,0.8885448509632923,-0.00631237631532533,0.038430420513307695,-0.026019400240882784,57278358.59828691,0.6326382646367424,0.3620533866994364,-0.09963102306026694,-0.09963102306026694,-0.2947976677866001,-0.024788791059132315,-0.045892074948136,0.326744551977217,-0.24758062816683335,24.369747899159663,13.121248499399762,28.115246098439375,22.67707082833134,22.05282112845138,3049,精金,TWSE,12199.999809265137
6515.TW,5520.0,487,-0.06913996627318719,-0.04745470232959448,-0.2114285714285714,-0.24599071401430428,-0.4337252305881023,1.7528803832714623,-0.11993303838335523,-0.14012135758815114,-0.2948558776137301,3990834136.75,1.3764466006447142,1.5740071068914088,-0.2831168831168831,-0.2831168831168831,-0.4848709174451804,-0.01628282341604434,-0.12943166675713663,0.8017252450092769,-0.2831168831168831,1.9867947178871548,69.83193277310924,2.8811524609843935,19.65186074429772,21.77671068427371,6515,穎崴,TWSE,5520000.0
4541.TWO,59.099998474121094,487,-0.04058441658972245,-0.02635918070358978,-0.03157331370398486,-0.11922503996904577,0.26343376622359904,0.16096057066405378,-0.0028519463745969587,-0.08237230167473686,0.0510917880959223,56183370.37471066,0.7036338086655538,0.22452435264953455,-0.21928664654333985,-0.21928664654333985,-0.21928664654333985,-0.032691088163726234,0.00816836628569706,0.3896432358397725,-0.25627474892034485,22.983193277310924,16.962785114045616,17.647058823529413,29.249699879951983,21.350840336134453,4541,晟田,TPEx,59099.998474121094
2233.TW,168.0,487,0.0059880239520957446,0.04672897196261672,-0.0029673590504450953,-0.2919487658675777,-0.25830482770718566,-0.22306590828068407,0.02658111824014653,-0.08235980180258307,-0.27877035007702444,64010710.075,0.5861642412239157,0.4722724832145972,-0.2919487658675777,-0.2919487658675777,-0.549928086915743,0.006729863714707018,0.09434889623874747,0.3058826860900761,-0.3236829439369582,21.224489795918366,13.097238895558222,2.0168067226890756,60.63625450180072,21.262905162064826,2233,宇隆,TWSE,168000.0
5392.TWO,38.95000076293945,487,-0.02867824825289711,-0.031094526773053688,-0.07701421661712837,-0.1260128992695767,0.023013141506724066,-0.12313160554500147,-0.02387066940683069,-0.07028556052994583,-0.07384231915048678,25217352.60042877,0.8347198680839825,0.30348690712252746,-0.17396451379596567,-0.17396451379596567,-0.1915397786544678,-0.009424694098615016,-0.035009916860602806,0.18402719278654953,-0.24890820492064547,14.13565426170468,24.339735894357744,24.489795918367342,30.05402160864346,21.145258103241297,5392,能率,TPEx,38950.00076293945
2324.TW,36.099998474121094,487,-0.026954179006167478,-0.039893618640234885,-0.0986267375327261,-0.015006903925214088,0.2278911204940266,0.19891816850305966,-0.028852015950642573,-0.043877501991551826,0.004743032879190645,1272672899.6094842,0.586228986053365,0.2935906566660009,-0.1643519019311993,-0.1643519019311993,-0.23273115707756076,-0.0022974946229859516,-0.09362443622432141,0.20775665784681907,-0.1712963285923652,24.7358943577431,10.31812725090036,22.136854741896762,27.86914765906363,21.081632653061227,2324,仁寶,TWSE,36099.998474121094
6451.TW,426.5,487,0.014268727705113005,-0.017281105990783363,-0.04905239687848384,-0.12915859417664088,-0.13620989931726502,1.5783219928544097,0.011142721669037403,-0.0005471481317382842,-0.11051036813242432,925343367.275,0.5041068548976065,0.43725951702061333,-0.14700000000000002,-0.14700000000000002,-0.4106183526912781,0.026531826924733964,-0.00599953215293688,0.49828691520808577,-0.3438690665299097,19.11764705882353,8.637454981992798,14.309723889555823,53.43337334933974,20.68337334933974,6451,訊芯-KY,TWSE,426500.0
6679.TWO,199.0,487,-0.03398058252427183,-0.0025062656641604564,-0.03864734299516903,-0.16561844863731656,-0.23742859114196868,-0.0944464850745077,-0.00649026460309543,-0.04300084158217443,-0.19423225294475166,44334626.175,0.7698405475843713,0.8102740754363611,-0.18106995884773658,-0.18106995884773658,-0.4128972713020196,-0.02431874677547957,0.016558806550603156,0.24579272971938898,-0.2016460905349794,12.340936374549822,33.691476590636256,9.795918367346939,34.35174069627851,20.471188475390157,6679,鈺太,TPEx,199000.0
1810.TW,23.399999618530273,487,-0.04294483074212163,-0.020920502425963994,-0.02702701202287927,-0.10687026957532952,0.3090467483656574,0.17846849244827934,-0.016806746596594868,-0.07674098890747516,0.035696722374686685,32450025.952655315,0.7523234686813356,0.18082115898288934,-0.31478774310455804,-0.31478774310455804,-0.31478774310455804,-0.036188077736401814,0.008596411168897235,0.18220659878708978,-0.31478774310455804,24.84393757503001,19.327731092436977,6.914765906362545,28.529411764705884,20.43187274909964,1810,和成,TWSE,23399.999618530273
4973.TWO,135.5,487,-0.018115942028985477,-0.02166064981949456,-0.09966777408637872,-0.16871165644171782,0.7643228465587757,3.4709268077539255,-0.021837213499368402,-0.06717916355917608,-0.051009687916410584,76058225.85,0.6636188368957865,0.35585343168653016,-0.17125382262996947,-0.17125382262996947,-0.3547619047619047,0.006801001492609204,-0.04343055527247278,0.24866225452735446,-0.2633228840125392,20.76830732292917,15.066026410564225,12.629051620648259,38.01320528211285,20.301620648259306,4973,廣穎,TPEx,135500.0
6409.TW,888.0,487,-0.02094818081587657,-0.006711409395973145,-0.09109518935516892,-0.12609575963097186,0.1641022637476801,-0.02230225936401964,-0.002471354751741206,-0.07344927081232677,-0.007722386528957403,253273959.5,0.6231032062094731,0.6397445301876653,-0.16619718309859155,-0.16619718309859155,-0.28529537030896535,0.0018256165229156573,-0.049063269478178295,0.3220265325928639,-0.19154929577464785,16.896758703481392,19.129651860744296,17.59903961584634,34.43577430972389,20.226290516206483,6409,旭隼,TWSE,888000.0
8114.TW,177.5,487,-0.008379888268156388,0.0,-0.0633245382585752,-0.11027568922305764,0.09842226630232132,-0.17978073315614596,-0.003368893879842738,-0.09365558912386707,-0.1061232673952287,58872803.45,0.5131461743817186,0.6809031317830416,-0.2349137931034483,-0.2349137931034483,-0.296516028870042,0.007451246296487413,-0.026565975184222657,0.2184596246292372,-0.2456896551724138,19.651860744297718,15.79231692677071,10.420168067226891,41.05642256902762,20.051320528211285,8114,振樺電,TWSE,177500.0
4583.TW,416.0,487,-0.024618991793669442,-0.04147465437788023,-0.09956709956709953,-0.314662273476112,-0.4355495251017639,-0.39769155912900944,-0.03114992721979626,-0.13589863426286553,-0.28597481173163974,25931879.2,1.265118955993434,0.4614343904012582,-0.314662273476112,-0.314662273476112,-0.46871008939974457,0.0002727830981054391,0.005320324924937794,0.2011830887183249,-0.31011608623548925,5.168067226890757,43.967587034813924,1.8967587034813924,42.53301320528212,19.81842737094838,4583,台灣精銳,TWSE,416000.0
5289.TWO,1260.0,487,-0.023255813953488413,-0.027027027027026973,-0.10320284697508897,-0.14192490795489654,0.1981416935995266,2.7036570577872934,-0.02777777777777779,-0.0696011306678318,-0.14071475983356263,1411986875.0,0.7490896000167079,0.55410822044428,-0.19255669493574545,-0.19255669493574545,-0.34674183223185084,0.002544897790283829,-0.055894544323456787,0.3007902121328885,-0.21088430245235223,15.660264105642256,24.927971188475393,10.972388955582232,34.015606242497,19.792917166866747,5289,宜鼎,TPEx,1260000.0
3577.TWO,110.0,487,-0.06382978723404253,-0.05982905982905984,-0.03083700440528636,-0.15708812260536398,0.44296931866710043,0.5011534624018734,-0.03254177660510116,-0.10100115780153918,-0.07688850671458847,33734705.85,0.5709163037306424,0.7642283642486285,-0.3125,-0.3125,-0.3125,-0.056120536132720944,0.021525703129834962,0.4399696329992967,-0.321875,22.743097238895558,20.56422569027611,7.250900360144057,26.968787515006007,19.733793517406962,3577,泓格,TPEx,110000.0
9914.TW,67.4000015258789,487,-0.013177181342098665,-0.0014814588758680358,-0.13367610691429055,-0.07294956041396017,0.12198407943328338,-0.3587191911469487,-0.02474313884110413,-0.12202557349783383,-0.04977977413880352,115400868.49517784,0.6583975383751222,0.43473515395280743,-0.2852598160693005,-0.2852598160693005,-0.2852598160693005,0.020241845386473972,-0.10935958677630382,0.40885683962133645,-0.30116649636046344,18.667466986794715,15.654261704681874,9.72388955582233,39.459783913565424,19.244297719087633,9914,美利達,TWSE,67400.0015258789
5471.TW,51.70000076293945,487,-0.01147224632645738,-0.009578543921305527,-0.15245900388623845,-0.19470399968056362,0.2582750191904686,0.3595905953335403,-0.00910395875538339,-0.06600022730826749,-0.04088771234433586,52851686.87173595,0.5708375018976724,0.3147550964893663,-0.19470399968056362,-0.19470399968056362,-0.22567693338734363,0.026642504645102233,-0.08755767065938391,0.4120082857830982,-0.2599048828488909,15.94237695078031,9.561824729891956,19.015606242497,42.424969987995205,18.934273709483794,5471,松翰,TWSE,51700.00076293945
6753.TW,131.0,487,-0.01872659176029967,-0.01872659176029967,-0.047272727272727244,-0.1714189284462725,-0.06270432204167009,-0.17658139391239924,-0.014296463506395796,-0.04514029521520979,-0.025191727529809582,53818641.35,0.4814810941287946,0.1933341908069166,-0.1714189284462725,-0.1714189284462725,-0.1714189284462725,-0.00690840994211786,0.009866915542696919,0.1717820230613155,-0.21904761253174532,14.177671068427369,4.897959183673469,26.914765906362547,39.94597839135654,18.270408163265305,6753,龍德造船,TWSE,131000.0
4303.TWO,31.350000381469727,487,-0.06278027903055827,-0.10937500846656867,-0.10683755714166787,-0.012170966890260648,-0.17950823894796097,-0.38630787647830567,-0.08912616070033597,-0.06035658193973259,-0.06966318293917151,25646866.29326477,0.9140479886798921,0.3732421918394317,-0.25534438200180465,-0.25534438200180465,-0.25534438200180465,-0.036070889745141305,-0.10278056817824766,0.27701775450219546,-0.2589073184380726,15.294117647058822,29.17767106842737,13.301320528211287,14.075630252100842,18.183673469387752,4303,信立,TPEx,31350.000381469727
3217.TWO,128.5,487,-0.011538461538461497,-0.01908396946564883,-0.05514705882352944,-0.19687500000000002,-0.15827577076897537,-0.23177844972496775,-0.00406897888006208,-0.06889680574844514,-0.16304343523914466,30631027.825,0.6745921405157207,0.4623558696093437,-0.19687500000000002,-0.19687500000000002,-0.34125930172536045,0.002248303167420862,0.010477941176470565,0.17732094316391084,-0.19620253164556967,11.872749099639856,17.521008403361346,10.876350540216087,45.378151260504204,18.11134453781513,3217,優群,TPEx,128500.0
6477.TW,33.849998474121094,487,-0.04915730547775554,-0.09491986382143303,-0.021676301533971376,-0.16522813536371184,-0.017268073433998943,-0.23516384518159394,-0.01398197677202695,-0.060961270062916184,-0.031613598590280345,35435223.247899815,0.5076621974112376,0.3929894599797461,-0.20070838975812744,-0.20070838975812744,-0.20070838975812744,-0.0437382300942627,0.033399743587265905,0.490427342381504,-0.2302243294284403,16.926770708283314,8.205282112845138,21.488595438175274,30.852340936374553,17.74759903961585,6477,安集,TWSE,33849.998474121094
6217.TWO,173.0,487,-0.019830028328611915,-0.014245014245014231,-0.04683195592286504,-0.2865979381443299,-0.23620309050772625,2.4704113399283343,0.009187691410237564,0.038727108976283287,-0.2051610927120623,493313496.425,0.6350360788665512,0.6531590443573236,-0.2865979381443299,-0.2865979381443299,-0.49266862170087977,-0.008122039347895654,0.048700690125244916,0.5354904030194851,-0.5577342047930283,10.53421368547419,20.216086434573832,2.593037214885954,45.18007202881152,16.563325330132052,6217,中探針,TPEx,173000.0
9958.TW,89.0,487,-0.043010752688172005,-0.031556055252755066,-0.02838426329074284,-0.20542431343807654,-0.1308162583011968,-0.460244474558855,-0.023962272863612077,-0.10178699060766283,-0.12849647686477927,115739357.89502525,0.4928911605868168,0.5827751941824326,-0.23275862068965514,-0.23275862068965514,-0.23497464716612126,-0.035914686865486295,0.040090507855282675,0.22561649285629684,-0.24051725453343886,13.187274909963985,11.578631452581032,15.726290516206483,33.85954381752701,16.3937575030012,9958,世紀鋼,TWSE,89000.0
5284.TW,286.5,487,-0.04340567612687818,-0.04500000000000004,-0.10047095761381475,-0.07580645161290323,-0.08294091289658301,0.007652465412779863,-0.039557492457257815,-0.0493687432863521,-0.14728757451256758,72559967.7,0.7577039911218398,0.502082520103857,-0.1929577464788732,-0.1929577464788732,-0.36802667473033523,-0.01828793672342449,-0.07520214040951367,0.27790990354073764,-0.1929577464788732,12.484993997599041,23.997599039615846,9.675870348139256,21.2124849939976,16.11044417767107,5284,jpp-KY,TWSE,286500.0
2359.TW,127.5,487,-0.0077821011673151474,-0.03409090909090906,-0.102112676056338,-0.1385135135135135,0.11672968883928525,-0.1203841918769778,-0.01181941484208493,-0.08645808454740866,-0.05687697514695178,247716687.175,0.4479401784781427,0.1854885841519179,-0.2816901408450704,-0.2816901408450704,-0.2816901408450704,0.017746067846769353,-0.05594150488516684,0.27269171614827564,-0.295774647887324,16.50660264105642,3.6074429771908765,10.108043217286914,41.88475390156062,15.808823529411764,2359,所羅門,TWSE,127500.0
4510.TWO,41.900001525878906,487,-0.047727238048206666,-0.0584269320027212,-0.08214676614795147,-0.01643185383369028,-0.11040333581113182,-0.10470080750132515,-0.031717564882382976,-0.00822530206281924,-0.05470949540826098,25571271.180856325,0.34885529328096115,0.2111411576538692,-0.1188222460953905,-0.1188222460953905,-0.22836091869994835,-0.0271905465112188,-0.07666948153672137,0.256674589801978,-0.21052630137988915,17.61704681872749,1.3505402160864346,28.691476590636253,17.737094837935174,15.783313325330134,4510,高鋒,TPEx,41900.001525878906
7825.TWO,78.0999984741211,364,-0.07464458457179168,0.02628120946257484,-0.1735449896918403,-0.00758509749380587,-0.534551601059416,0.13702392013404285,-0.09196606658904682,-0.03141134488780284,-0.18978773451148057,62044275.7113926,0.4850069145642266,1.6358381073507284,-0.2867580048025471,-0.2867580048025471,-0.6382196617755318,-0.03125833714883161,-0.17101662386057168,1.0758036775854956,-0.3168949492990154,13.09123649459784,31.782713085234093,2.0888355342136853,12.647058823529413,15.496998799519808,7825,和亞智慧,TPEx,78099.9984741211
3376.TW,169.0,487,-0.03151862464183386,-0.04519774011299438,-0.18159806295399517,-0.10961604166214467,-0.11418210447877108,-0.27574638165296494,-0.05612957274504338,-0.0905256649526559,-0.12845350637975672,706576523.525,0.357097780637834,0.8050873007970303,-0.2211981566820277,-0.2211981566820277,-0.2711625308719602,0.013880891096664932,-0.14505938239994695,0.3843488701842526,-0.2211981566820277,9.753901560624248,14.399759903961584,13.445378151260506,34.32773109243698,15.339735894357744,3376,新日興,TWSE,169000.0
6949.TW,45.29999923706055,487,-0.10474307108469938,-0.15799256729625955,-0.324888222545464,-0.9496666675143772,-0.9419230779012044,-0.891756274224467,-0.12451081212049919,-0.9292996699236319,-0.9357598307651646,448797695.67994916,0.57887050883983,5.855431385112504,-0.9695973159482815,-0.9695973159482815,-0.9695973159482815,-0.023521015448333377,-0.008332666707338288,0.8807698591805295,-0.9701342281879195,0.4021608643457383,42.51500600240096,0.12004801920768307,29.32172869147659,15.21188475390156,6949,沛爾生醫*-創,TWSE,45299.99923706055
2630.TW,45.54999923706055,487,-0.031880978200281795,-0.03393429983115015,-0.08534136676928306,-0.1966490542477528,-0.06468175516490027,-0.24361121126761986,-0.031160279510573985,-0.0885138897969533,-0.04905228749481594,32163011.72750759,0.6855732332293804,0.17024020422299507,-0.2688603564225389,-0.2688603564225389,-0.2688603564225389,-0.010545636507961031,-0.01979168202003212,0.20142491352873693,-0.2688603564225389,9.351740696278512,15.342136854741895,11.548619447779112,31.998799519807925,14.68577430972389,2630,亞航,TWSE,45549.99923706055
2434.TW,60.5,487,-0.07492356898401553,-0.0032949054435854608,-0.06635806866125094,-0.11420208935930742,1.057823155952287,1.057823155952287,-0.030137869444989307,-0.008183178310518402,0.23051889617856625,38316996.73584862,0.3592266974380702,0.5308577757623103,-0.33370046292274025,-0.33370046292274025,-0.33370046292274025,-0.0583340518187028,-0.028290705541481796,0.5318519124591014,-0.4642070496611389,22.773109243697476,6.7046818727490995,5.642256902761105,17.25090036014406,14.501500600240096,2434,統懋,TWSE,60500.0
2337.TW,118.0,487,-0.03673469387755102,-0.01666666666666672,-0.052208835341365445,-0.14492753623188404,-0.15107913669064743,3.521072730856231,-0.015846538782318675,-0.03788661234659685,-0.1434689509075796,3059606181.525,0.6242893471000222,0.46408703055035444,-0.20538720538720534,-0.20538720538720534,-0.3638814016172507,-0.023682485042209656,-0.0038996565974040998,0.341726215690263,-0.38181816126762413,11.374549819927973,14.36374549819928,9.027611044417768,30.10804321728692,14.4624849939976,2337,旺宏,TWSE,118000.0
8084.TWO,15.949999809265137,487,-0.4059590472008754,-0.6071428470759217,-0.6486784301059259,-0.6609989358575468,-0.65772531477393,-0.629069771877555,-0.5401470429969544,-0.6222942018823365,-0.6401016349787527,25182378.367109824,1.01699936753753,1.3578916196108604,-0.706261509514368,-0.706261509514368,-0.706261509514368,-0.24378943967439393,-0.42834545148674363,0.7660195371706999,-0.706261509514368,0.17406962785114044,55.76230492196879,0.24009603841536614,0.49219687875150064,14.132052821128452,8084,巨虹,TPEx,15949.999809265137
6919.TW,78.0999984741211,487,-0.011392424378213972,-0.06016847282562943,-0.08333331840885205,-0.2734883862872456,-0.27009347220447577,-0.5994871873121995,-0.034550980895442396,-0.18390806192140974,-0.206401640801964,409838693.00991285,0.4161854537484104,0.481210680899167,-0.3118942865716203,-0.3118942865716203,-0.3464435274132126,0.009440905223999041,0.007829477020229805,0.40254622014785496,-0.3118942865716203,8.241296518607443,6.206482593037215,5.402160864345738,48.037214885954384,13.134153661464586,6919,康霈*,TWSE,78099.9984741211
