ticker,price,history_days,ret_5,ret_10,ret_20,ret_60,ret_120,ret_252,above_ma_20,above_ma_60,above_ma_120,avg_turnover_20,volume_ratio_5,volume_ratio_20,breakout_60,distance_to_high_60,breakout_120,momentum_shift_5_20,momentum_shift_20_60,volatility_20,max_drawdown_60,ignition_short_momentum,ignition_volume,ignition_shift,ignition_price_position,late_chase_penalty,ignition_score,volume_surge_flag,early_price_flag,early_stage_flag,near_high_flag,not_extended_flag,momentum_shift_flag,breakout_flag,ignition_qualified,ignition_signal_count,code,name,market,lot_cost
6120.TW,15.25,485,0.19140623224666364,0.27083333333333326,0.20553363319166684,0.08540923793413646,0.062164461493743106,0.40963961099380364,0.1974872363030613,0.1798839472923599,0.14019257361164406,73459459.58414516,5.762421045898246,3.5999456924071627,0.03389830508474567,0.03389830508474567,-0.03679497707485668,0.14002282394874693,0.17706388721362135,0.46031651321330896,-0.1944443966135554,91.96149217809868,98.19494584837545,91.68471720818292,96.51022864019254,5.712498579733092,88.73214642628376,True,True,True,True,True,True,True,True,7,6120,達運,TWSE,15250.0
2032.TW,20.049999237060547,485,0.14245014864278271,0.207831251584909,0.16231879635133595,0.21884488189396345,0.22596881748997188,0.40051356287894446,0.1338894029025246,0.1858057783536129,0.18492892143393913,36280042.64757232,20.722533875395637,2.9969812738924597,-0.01231527139880817,-0.01231527139880817,-0.01231527139880817,0.10187044955494873,0.08937050238668147,0.41058366628673026,-0.07002800970792344,87.56919374247893,99.87966305655837,82.89410348977137,86.64259927797833,1.7960118914226175,88.15856091242816,True,True,True,True,True,True,False,True,6,2032,新鋼,TWSE,20049.999237060547
1809.TW,47.54999923706055,485,0.1527272542317708,0.27479893323471716,0.23506491524832596,-0.03432779787376128,0.7954618195185175,1.453797831790213,0.1829829536936034,0.2030011701323169,0.16345945165425868,219492703.27451077,9.518040487273819,2.8457698514564242,-0.03432779787376128,-0.03432779787376128,-0.19716345338533425,0.09396102541968931,0.24650751453957973,0.5575185002474938,-0.38297482791258,91.48616125150423,99.51865222623346,89.63297232250301,73.52587244283995,2.6181803385416647,88.12038765183138,True,True,True,True,True,True,False,True,6,1809,中釉,TWSE,47549.99923706055
4772.TWO,281.5,485,0.1489795918367347,0.1729166666666666,0.099609375,0.02550091074681249,-0.03390135483507439,-0.07020895167334207,0.12757861005407567,0.12984146096728866,0.040056246433108456,238320326.2,5.091387176805472,1.5232201527293832,0.02550091074681249,0.02550091074681249,-0.12992027202065204,0.1240772480867347,0.09110907141772917,0.48149643017326993,-0.23475046210720885,84.22984356197352,97.352587244284,85.5655836341757,95.4271961492178,2.3183673469387767,87.86183722586509,True,True,True,True,True,True,True,True,7,4772,台特化,TPEx,281500.0
4566.TW,75.80000305175781,485,0.1213018456024948,0.18252737685103582,0.15548787827579869,0.21086269807328528,0.06460683006573076,0.3770438816521464,0.13456074277620167,0.11703307843407251,0.13518375296248242,122533060.96805878,5.2228745652372615,0.5802315277792914,-0.006553079685473029,-0.006553079685473029,-0.006553079685473029,0.08242987603354512,0.08520031225137026,0.45667389831298133,-0.1782437974424831,84.84356197352588,97.59326113116727,79.7352587244284,88.4476534296029,0.104147648199584,87.82786197875589,True,True,True,True,True,True,False,True,6,4566,時碩工業,TWSE,75800.00305175781
4768.TWO,374.5,485,0.13829787234042556,0.19648562300319483,0.25671140939597326,0.14120203990668112,-0.2260680935074213,0.8281125644289438,0.17058685629444392,0.20358794693610727,0.004460515093864803,234307429.725,4.563159914558579,1.945909387694114,-0.014473684210526305,-0.014473684210526305,-0.2915214775241549,0.07412001999143225,0.2096440627604129,0.6102410090440903,-0.29427791013012117,88.53790613718411,96.14921780986762,85.06618531889289,85.67990373044525,1.6987291160931095,87.82593995731243,True,True,True,True,True,True,False,True,6,4768,晶呈科技,TPEx,374500.0
3042.TW,230.5,485,0.16414141414141414,0.24258760107816713,0.28055555555555545,0.11893203883495151,0.8157151170544161,1.6390023603500325,0.21957671957671954,0.2778342418922666,0.27444727241980726,3465161562.025,2.9904858733839226,1.0310445139102533,0.05491990846681927,0.05491990846681927,-0.07429718875502012,0.09400252525252528,0.2409115426105716,0.5280111280071415,-0.3175,91.78098676293621,91.93742478941034,89.50060168471721,98.31528279181708,4.600757575757573,87.63720872989826,True,True,True,True,True,True,True,True,7,3042,晶技,TWSE,230500.0
3031.TW,32.79999923706055,485,0.1590106049934792,0.35257728812620814,0.3306287928866185,0.07237699058269365,0.09475403591035225,0.6675592111100499,0.22353815699755653,0.3150265377593806,0.19695480619372696,98558642.96093054,4.022994605314172,4.791235251919217,0.04959997558593754,0.04959997558593754,-0.011548173777972015,0.07635340677182456,0.30650312935905394,0.6194543054438603,-0.3377711152304572,94.04933814681107,95.54753309265945,87.8098676293622,98.19494584837545,5.942856150509983,87.61791400592803,True,True,True,True,True,True,True,True,7,3031,佰鴻,TWSE,32799.99923706055
6122.TWO,63.900001525878906,485,0.15760870729517307,0.25048930399166647,0.3121150005095401,0.3204702263994059,0.36518737563275705,0.3597699552974971,0.18696017932953057,0.28869188711072713,0.34802617216656495,58528223.92420502,4.797171485884686,5.543383032712172,0.025682220038721226,0.025682220038721226,0.025682220038721226,0.07957995716778804,0.20529159170973815,0.347267660220741,-0.08097925085110946,91.91335740072202,96.75090252707581,86.2274368231047,95.54753309265945,5.182721601447749,87.30554554656669,True,True,True,True,True,True,True,True,7,6122,擎邦,TPEx,63900.001525878906
6691.TW,741.0,485,0.1470588235294117,0.19902912621359214,0.22075782537067545,0.17856200521301013,0.35043571290800735,0.893644642465808,0.1544753447067071,0.1825777209184618,0.2152558971749925,467319381.35,2.779048372194196,0.9500358527223302,0.01091405184174632,0.01091405184174632,0.01091405184174632,0.09186936718674282,0.16123715696633875,0.47617329351844084,-0.19496015384289656,88.25511432009627,90.97472924187726,85.80024067388688,93.7424789410349,2.1647058823529353,87.11567919586608,True,True,True,True,True,True,True,True,7,6691,洋基工程,TWSE,741000.0
8240.TWO,60.599998474121094,485,0.16538458604079032,0.22796353288439208,0.1952662241066141,0.24435313192515395,-0.0029226440485671246,0.5948117278137826,0.15214599305440424,0.30727881079898633,0.13595315539810016,102877104.81731129,3.151773131812594,4.062523029472803,0.006644480167978584,0.006644480167978584,-0.1695465889356701,0.11656803001413679,0.11381518013156278,0.6235561529881176,-0.25512297044227117,89.84356197352587,92.65944645006017,87.06377858002406,92.7797833935018,3.6307668832632256,86.80304779784387,True,True,True,True,True,True,True,True,7,8240,華宏,TPEx,60599.998474121094
6456.TW,92.9000015258789,485,0.18193388459754312,0.4336419313387492,0.3252496939807341,0.2974860824816419,0.6017241642392914,0.4840256196537107,0.2773271058047184,0.3662434647245676,0.31088170634609136,936633773.1161621,4.583433523146182,2.5102125967761983,0.009782625281292479,0.009782625281292479,0.009782625281292479,0.10062146110235959,0.22608766648685347,0.6974234609595182,-0.277856140182858,95.16245487364621,96.26955475330927,89.94584837545126,93.62214199759326,7.588450057129144,86.37093622445931,True,True,True,True,True,True,True,True,7,6456,GIS-KY,TWSE,92900.0015258789
3162.TWO,89.5999984741211,485,0.19946455334131752,0.21904759828736187,0.25842699879965614,0.0829771376994286,0.3573747349322407,0.6673460343452766,0.19117254503640124,0.2811285917176296,0.1838913560470259,184564586.81435585,3.091222011942541,2.076579975195882,0.023999982561383915,0.023999982561383915,-0.05592403887190167,0.13485780364140348,0.2307679528998466,0.6616637683820775,-0.3190709207223861,91.75090252707582,92.4187725631769,93.54993983152829,95.30685920577618,6.6521092252933665,86.28230714053095,True,True,True,True,True,True,True,True,7,3162,精確,TPEx,89599.9984741211
1617.TW,24.100000381469727,485,0.19602981824907673,0.34261834858680884,0.2684210727089329,0.017396077425979373,0.6365352627565517,0.6807659190575088,0.23669021769594178,0.2656324426519705,0.3726416730207607,33322578.06017418,5.335232628492122,2.087865457973236,-0.028225761174410002,-0.028225761174410002,-0.0683395597195553,0.1289245500718435,0.26262238023360646,0.5954826847753125,-0.346993509119672,94.52466907340553,97.71359807460891,94.35619735258724,77.73766546329723,6.7271230047387895,86.19405629730693,True,True,True,True,True,True,False,True,6,1617,榮星,TWSE,24100.000381469727
3221.TWO,56.0,485,0.11776450510126302,0.18393236581963457,0.0980392156862746,-0.02777775202268362,0.4174554044210512,1.915698834649116,0.14250740103028048,0.14771737639112348,0.10637438478023764,163278088.5123005,3.8911371045918424,1.2012226168386844,-0.02777775202268362,-0.02777775202268362,-0.15123709544886987,0.09325470117969437,0.10729846636050248,0.49832540510689505,-0.29720279323867593,83.20096269554753,95.0661853188929,83.41756919374248,77.9783393501805,0.0,86.03128760529482,True,True,True,True,True,True,False,True,6,3221,台嘉碩,TPEx,56000.0
3673.TW,80.5999984741211,485,0.24382707836824213,0.2593749761581421,0.20298505185255356,0.05766793517235458,0.5018883777267247,1.1018795725054638,0.21623659039213883,0.2432574138379613,0.17084332628189003,555499987.3079815,5.667376084668557,1.5280604334283978,0.05766793517235458,0.05766793517235458,-0.12123551038015512,0.19308081540510375,0.18376240679510203,0.6087503294302499,-0.33515374106670637,92.97232250300843,97.95427196149218,94.03128760529482,98.43561973525873,9.906166269459371,85.64497693150332,True,False,True,True,True,True,True,False,6,3673,TPK-KY,TWSE,80599.9984741211
7822.TW,1000.0,372,0.13250283125707818,0.23456790123456783,0.07526881720430101,0.00170860282070473,-0.35259346694733595,0.8747059329682783,0.11963276045457083,0.1280356829963334,-0.043060386335632916,146669690.85,2.2948736566377463,0.9313747895697405,0.0,0.0,-0.4112765266924866,0.11368562695600293,0.07469928293073276,0.46097459338256574,-0.2695390771075544,85.35499398315284,87.24428399518652,82.94223826714801,90.91456077015644,1.0002265005662547,85.15230057524602,True,True,True,True,True,True,True,True,7,7822,倍利科,TWSE,1000000.0
6150.TWO,68.5,485,0.1266447509796338,0.1266447509796338,0.09951847253396506,0.12648410087733053,0.2808541279629828,-0.13107884078448828,0.107966039994428,0.14451448262366995,0.11533331491200594,29681803.17218857,5.081849769273098,2.801651499569928,-0.020028633695531317,-0.020028633695531317,-0.08991940122862063,0.10176513284614253,0.057357105574854884,0.4594385253793563,-0.15883304887974958,80.63176895306859,97.23225030084237,79.53068592057761,82.79181708784597,0.5315800783707036,85.12906974112387,True,True,True,True,True,True,False,True,6,6150,撼訊,TPEx,68500.0
2020.TW,26.899999618530273,485,0.24537033071570336,0.25407919168968673,0.23678159165656432,0.25995312121294156,0.14974846457369173,0.17779104682028035,0.19489170987363802,0.23470009516125878,0.23363840990668017,55959654.00344372,30.904859106300407,7.245242722572326,0.007490593628312725,0.007490593628312725,0.007490593628312725,0.18617493280156228,0.15013055125225044,0.506781155852895,-0.03448275862068961,93.59807460890494,100.0,92.19013237063778,92.90012033694343,10.029626457256269,85.03234706861618,True,False,True,True,True,True,True,False,6,2020,美亞,TWSE,26899.999618530273
3147.TWO,264.5,485,0.1279317697228144,0.13519313304721026,0.1995464852607709,0.205330126216263,0.6972248840556283,0.44511721197295917,0.1313088109495295,0.17142555015099825,0.1904292405599195,173476069.2,2.5262948158276406,1.4201872578611119,-0.01121495327102806,-0.01121495327102806,-0.2217011494252874,0.07804514840762167,0.1311031098553499,0.48647140891264806,-0.18443722033155852,83.89290012033695,89.16967509025271,82.63537906137185,87.00361010830325,0.6345415778251517,84.9936172669402,True,True,True,True,True,True,False,True,6,3147,大綜,TPEx,264500.0
2342.TW,51.29999923706055,485,0.10679613648106634,0.2651048138658181,0.2889447291569682,-0.032075486093197214,0.7628865486107457,0.6442307045708997,0.20443738519579324,0.25699348571469494,0.22688135874504867,367087250.06134015,7.353777608570533,2.9489909973489246,-0.032075486093197214,-0.032075486093197214,-0.13344597000114378,0.03455995419182428,0.2996365578547006,0.5539171430038635,-0.3973842997348056,89.4645006016847,98.79663056558363,73.60409145607701,75.09025270758123,1.363065520493888,84.77983459984304,True,True,True,True,True,True,False,True,6,2342,茂矽,TWSE,51299.99923706055
6133.TW,29.100000381469727,485,0.11708258094956236,0.2278480778352736,0.2828032861827483,0.21840559153733818,0.3513718122132212,0.7741693193729697,0.14510806482958327,0.2920666595031889,0.30140884868444906,155739369.72101793,2.675062778293896,8.874577471075215,-0.0168918916741978,-0.0168918916741978,-0.0168918916741978,0.04638175940387529,0.2100014223369689,0.6635552915460864,-0.2312372960070589,89.12154031287605,90.73405535499398,76.70276774969915,84.95788206979543,1.1481150163961906,84.72793793185892,True,True,True,True,True,True,False,True,6,6133,金橋,TWSE,29100.000381469727
5309.TWO,65.69999694824219,485,0.2757280960823725,0.30099003857905315,0.2514285132998513,0.02656245231628418,0.1765067527582691,0.007922051989841528,0.23241413189566673,0.22298916793790902,0.09866129778853083,242447463.31041583,13.225443981816749,2.3765162337943178,0.02656245231628418,0.02656245231628418,-0.19682158316459442,0.21287096775740966,0.24257436252775655,0.49829058791289543,-0.2900158427827195,95.07821901323706,99.75932611311673,96.15523465703971,95.66787003610109,12.508245652084593,84.33200705549663,True,False,True,True,True,True,True,False,6,5309,系統電,TPEx,65699.99694824219
1721.TW,27.350000381469727,485,0.1209016725024501,0.25458721736898227,0.3406863182794593,0.13958334922790527,0.5027472107123403,1.1792828658011558,0.16469712260347968,0.2703696675379197,0.14273778194955078,45990627.653962895,2.809081195512402,3.1908283473642793,0.028195488317454,0.028195488317454,-0.21294962931022365,0.03573009293258528,0.29415853520349083,0.7213085494590733,-0.24109014289439867,90.51744885679902,91.33574007220217,74.02527075812274,96.14921780986762,3.2461549399770826,84.23850209973409,True,True,True,True,True,True,True,True,7,1721,國慶科技,TWSE,27350.000381469727
9933.TW,45.79999923706055,485,0.11435525395210999,0.07134501139322924,0.16790223710053676,0.1707752676522758,0.35396909152810974,0.45764210732580746,0.114863714813765,0.16484226859020246,0.18453835730278279,139808396.85775623,2.3970881681661775,1.3629681453449716,0.07134501139322924,0.07134501139322924,0.07134501139322924,0.0723796946769758,0.1109771478831115,0.4166911291062981,-0.1423357801511569,76.22141997593262,88.4476534296029,79.92779783393502,98.79663056558363,0.0,84.20216606498195,True,True,True,True,True,True,True,True,7,9933,中鼎,TWSE,45799.99923706055
3114.TWO,39.650001525878906,485,0.2728732587942704,0.3216667175292969,0.22689684869356985,0.017032887195466584,0.5981945370214474,0.7387310671246736,0.24119585750266093,0.24887293226272145,0.23471659551352841,22875841.215513993,8.843023089186236,0.825749189828469,0.017032887195466584,0.017032887195466584,-0.26322399656010853,0.21614904662087792,0.22121921962841432,0.6202103320331499,-0.28749991947721854,95.01203369434415,99.27797833935018,95.88447653429603,94.34416365824309,12.22986070354163,84.17988658887714,True,False,True,True,True,True,True,False,6,3114,好德,TPEx,39650.001525878906
3615.TWO,45.0,485,0.17493474925337016,0.3196481528921784,0.20805369127516782,-0.04544248486878322,0.46784287577989203,0.8739059993846034,0.19999999389648426,0.1873359637557932,0.10311775427786163,60934197.72762585,5.9471233617240244,2.489805528040394,-0.06971917166421226,-0.06971917166421226,-0.24920680169574594,0.1229213264345782,0.2232011862314289,0.6762195993584459,-0.367409028845576,92.32851985559566,98.43561973525873,92.2503008423586,53.42960288808665,4.394779940269613,83.91147758078935,True,True,True,False,True,True,False,True,5,3615,安可,TPEx,45000.0
3576.TW,19.350000381469727,485,0.09014086656167475,0.1871166433845306,0.11849718120319963,0.20560755771185657,0.13157894443313545,2.0140187151897737,0.11431041888726146,0.11415001762226873,0.11449761428970362,315759271.0000436,4.647391210341712,1.4858076685743384,-0.01776651613781477,-0.01776651613781477,-0.07857141040620352,0.06051657126087484,0.04996132863258078,0.5373422644416169,-0.195372801817561,81.4861612515042,96.51022864019254,70.48736462093864,84.47653429602889,0.0,83.69223826714801,True,True,True,True,True,True,False,True,6,3576,聯合再生,TWSE,19350.000381469727
6425.TWO,79.80000305175781,485,0.09615384212310119,0.2933549767424031,0.22769235464242787,0.1548481159756323,0.12979218482560584,0.5035896166449132,0.17327064101958833,0.2768681500214698,0.1053495046280335,105057418.28958702,2.3848522807422095,3.1294367845419946,-0.01845018380928054,-0.01845018380928054,-0.21079882320922594,0.03923075346249422,0.17607631598388376,0.676561014661664,-0.3049645390070922,87.71961492178099,88.08664259927798,72.00962695547534,83.8748495788207,0.0,83.32551143200962,True,True,True,True,True,True,False,True,6,6425,易發,TPEx,79800.00305175781
6438.TW,168.0,485,0.0980392156862746,0.16666666666666674,0.053291536050156685,0.11258278145695355,-0.059194923878861716,0.0026568012710099786,0.09589041095890405,0.13283884018880632,0.0765614384489055,81387681.7,2.660956326319077,1.3840807106365947,0.02127659574468077,0.02127659574468077,-0.0795366335716523,0.08471633167373543,0.015763942231172168,0.2892981728215701,-0.18122977346278313,78.51383874849579,90.49338146811071,72.7135980746089,94.82551143200962,0.0,83.10439229843561,True,True,True,True,True,True,True,True,7,6438,迅得,TWSE,168000.0
2034.TW,24.0,485,0.09090909090909083,0.15942024712234537,0.1707317073170731,0.23603867218086072,0.22701651232719944,0.2639191793216835,0.10854502975893343,0.1789260974987008,0.2049088346462158,99770204.57586403,7.541208578001673,3.1184994150812515,-0.032258034744817476,-0.032258034744817476,-0.032258034744817476,0.04822616407982255,0.09205214992345286,0.3516186504981951,-0.09135804352936916,81.44404332129963,98.91696750902527,70.66787003610108,74.9699157641396,0.0,83.02075812274367,True,True,True,True,True,True,False,True,6,2034,允強,TWSE,24000.0
4903.TWO,45.29999923706055,485,0.07473303907824613,0.3284457848712008,0.19053876860366747,0.126865631276873,-0.06016600580862841,0.4449760346362339,0.17540216092108407,0.2063914638391866,0.10997670589624109,164408412.90477085,2.513546351179839,3.682543184247074,0.021420536541704616,0.021420536541704616,-0.148496267153858,0.027098346927329264,0.14825022484470982,0.6281500236105222,-0.20095688671051626,84.80746089049337,89.04933814681108,65.55354993983153,94.94584837545126,0.0,82.7873044524669,True,True,True,True,True,True,True,True,7,4903,聯光通,TPEx,45299.99923706055
3707.TWO,85.19999694824219,485,0.2136752229641743,0.35238090394035226,0.3697748537489858,0.045398735561253734,0.6673189724534059,0.21888404990518917,0.29198569792511164,0.31270458159967407,0.21001954307677217,972617079.9198198,3.9900142789958832,3.6587729569109686,-0.003508807622898402,-0.003508807622898402,-0.15223883633589863,0.12123150952692785,0.3546419418952345,0.6082070763606661,-0.4298245614035088,95.87845968712395,95.4271961492178,94.53670276774972,89.41034897713598,11.686137718348446,82.75128707106191,True,False,False,True,True,True,False,False,4,3707,漢磊,TPEx,85199.99694824219
2484.TW,86.5,485,0.18655690246169887,0.21148456794707626,0.1610738255033557,-0.05418408865555946,1.501398603944287,3.050989091401518,0.19781208637026082,0.18335592609077134,0.3541900707349124,953459025.7833145,3.9175929183884817,0.7578138206723349,-0.05418408865555946,-0.05418408865555946,-0.09441070745649027,0.14628844608585995,0.17913518838854217,0.5256476962783634,-0.36493935327535265,89.12755716004814,95.18652226233453,92.29241877256318,63.65824308062575,5.32455219693591,82.59151278501353,True,True,True,False,True,True,False,True,5,2484,希華,TWSE,86500.0
3564.TWO,56.099998474121094,485,0.16632017159635004,0.16390036485758475,0.16632017159635004,0.005015758002028692,0.3852920112286977,0.019554895677504458,0.13447924113490584,0.17755711764705429,0.2112336045713581,23832629.45456772,1.6155524801018817,3.7948649375871057,0.005015758002028692,0.005015758002028692,-0.026228302437998563,0.12474012869726253,0.16464825226234048,0.6035740387133935,-0.26249299227401535,86.41997593261131,79.42238267148014,90.50541516245488,92.29843561973526,3.7056137277080037,82.51821298709343,True,True,True,True,True,True,True,True,7,3564,其陽,TPEx,56099.998474121094
1708.TW,56.20000076293945,485,0.12175653641924322,0.13995946516550717,0.1106719853298499,-0.06333332061767583,0.40287478771182994,0.9163451998505425,0.10646258913022266,0.09838924604259836,0.18546243769052184,166965186.19812125,3.198868273416043,1.0502572867811042,-0.06333332061767583,-0.06333332061767583,-0.08914100375998069,0.09408854008678075,0.1317830922024085,0.3372996535848267,-0.214285691115784,81.96149217809867,93.14079422382672,85.49338146811071,57.761732851985556,0.14052291353945812,82.42776830186367,True,True,True,False,True,True,False,True,5,1708,東鹼,TWSE,56200.00076293945
3580.TWO,108.5,485,0.08826482769428967,0.19493388054351546,0.2191011235955056,0.17297297297297298,0.2783382201438709,0.6707762953518992,0.14421302399156333,0.26636450364048425,0.20156255891766484,118555044.04850464,3.182199543576935,4.324159109554111,-0.022522522522522515,-0.022522522522522515,-0.027105407577178275,0.03348954679541327,0.16144346593784795,0.5347182443487036,-0.311064740109223,83.73044524669073,92.90012033694343,68.79061371841155,81.10709987966305,0.0,82.3528880866426,True,True,True,True,True,True,False,True,6,3580,友威科,TPEx,108500.0
3189.TW,1050.0,485,0.1589403973509933,0.2804878048780488,0.2396694214876034,0.39072847682119205,1.8698431255186025,8.738865791690444,0.21338186860807773,0.2845084206663133,0.46231784476117155,16510923349.25,1.3498301691266226,1.0635927123313444,0.03960396039603964,0.03960396039603964,0.03960396039603964,0.09902304197909245,0.10942659588053938,0.6232439146026907,-0.3183431952662722,91.96149217809867,72.92418772563177,84.48255114320096,97.23225030084237,3.1152317880794644,82.05594751396625,False,True,True,True,True,True,True,False,6,3189,景碩,TWSE,1050000.0
6485.TWO,83.5999984741211,485,0.23303827007650324,0.3979933033562766,0.3660130299335924,0.08371521331724407,0.0713062285453887,0.2530456999071904,0.2657077703664874,0.30148307359323145,0.08070850144579422,59350584.49589081,4.955043904895827,3.003820670208677,-0.012986995439837723,-0.012986995439837723,-0.3209300743123419,0.14153501259310514,0.3381079588278444,0.751760185157453,-0.32161465368773645,96.91335740072202,96.9915764139591,96.08904933814682,86.40192539109506,13.103517653795993,82.0505136338093,True,False,False,True,True,True,False,False,4,6485,點序,TPEx,83599.9984741211
6204.TWO,110.0,485,0.12244897959183665,0.2061403912373725,0.22914300772059204,0.06882007406168045,0.8284772775752467,0.8075632738414631,0.1349625878068328,0.2852499123324044,0.23951063694352248,48184448.82328339,1.3055719309611378,1.6035063798086466,0.0,0.0,-0.11501700124504755,0.06516322766168864,0.20620298303336523,0.7314408706761045,-0.3756344983917538,87.77978339350179,71.84115523465704,82.71359807460891,90.91456077015644,0.19591836734693224,82.0059468552764,False,True,True,True,True,True,True,False,6,6204,艾華,TPEx,110000.0
6196.TW,618.0,485,0.12568306010928953,0.1861804222648753,0.25609756097560976,0.13186813186813184,0.9514992690053548,1.4527666506686612,0.14859213827711182,0.19019724277391714,0.2578199914855872,924096899.4,1.3049606308334656,1.612183013130585,0.02657807308970095,0.02657807308970095,0.02657807308970095,0.061658669865387095,0.21214151701956582,0.48301197481203995,-0.26101694915254237,87.37063778580026,71.60048134777377,82.10589651022865,95.78820697954272,0.6680594428895048,81.91798147167128,False,True,True,True,True,True,True,False,6,6196,帆宣,TWSE,618000.0
4906.TW,41.849998474121094,485,0.09842520079225547,0.17721517221561167,0.13261157266595514,0.04494380203120962,0.04204521417076301,0.6889036061632743,0.11421722195572981,0.15794323960021672,0.08352213760984695,256865876.68021184,1.746781134815772,1.0533131517591414,-0.010638316100610945,-0.010638316100610945,-0.20773348271539793,0.06527230762576669,0.11763030532221859,0.46830596585273027,-0.2744360988517093,82.08182912154031,81.58844765342961,78.79061371841155,87.24428399518652,0.0,81.88537906137185,True,True,True,True,True,True,False,True,6,4906,正文,TWSE,41849.998474121094
6532.TWO,120.0,485,0.22574053247873715,0.30434782608695654,0.23711340206185572,0.48883377508411985,0.5465867183616759,1.0629719923730327,0.18965003921306067,0.3894517369067645,0.34030303074115165,118669708.61404228,2.9941910327613415,1.5618083127132123,-0.020408163265306145,-0.020408163265306145,-0.020408163265306145,0.16646218196327323,0.07416881036714909,0.5874520845081449,-0.22820511842385316,94.29602888086643,92.05776173285199,85.7942238267148,82.43080625752106,8.459242598298973,81.26007148112342,True,False,True,True,True,True,False,False,5,6532,瑞耘,TPEx,120000.0
8150.TW,127.0,485,0.1869158878504673,0.45809417020522547,0.4079823092773949,0.192488262910798,1.0448746978427716,3.536953288877699,0.29744087651809537,0.3399215755821683,0.3870521501724189,4882018630.216283,2.340998713219662,1.3280175056925563,0.03673469387755102,0.03673469387755102,0.03673469387755102,0.08492031053111859,0.3438195549737955,0.7358076753672418,-0.46122448979591835,96.21540312876053,87.36462093862815,90.27075812274369,96.63056558363418,10.882651852746205,81.25362973570144,True,True,False,True,True,True,True,False,6,8150,南茂,TWSE,127000.0
3455.TWO,280.0,485,0.14754098360655732,0.1642411642411643,0.09161793372319682,0.20259849271484076,0.49375381628015247,1.8668004396887183,0.13371798765057186,0.25042805963596826,0.20682268872599363,672821477.275,2.35239110131078,1.1329317833198083,-0.024390243902439046,-0.024390243902439046,-0.08447344580440708,0.12463650017575811,0.024085102818249896,0.5730484746006205,-0.38065845808499,83.40553549939833,87.60529482551144,79.13959085439231,79.66305655836342,2.203278688524586,80.83432660630092,True,True,True,True,True,True,False,True,6,3455,由田,TPEx,280000.0
4919.TW,163.0,485,0.21641791044776126,0.4051724137931034,0.3526970954356847,0.028391167192429068,0.6218905472636815,1.5628931432494433,0.29211256440745137,0.2652005174644243,0.08963288953261661,1697516648.675,3.301453719344346,3.5137090694126685,-0.03264094955489616,-0.03264094955489616,-0.2557077625570776,0.12824363658884008,0.3432333730382084,0.6748406444149312,-0.3679525222551929,96.36582430806259,93.62214199759326,95.62575210589651,74.48856799037304,11.307831176069866,80.76828194065698,True,False,False,True,True,True,False,False,4,4919,新唐,TWSE,163000.0
6603.TWO,29.25,485,0.07536761689557414,0.15157482044452486,0.1612584892198663,0.15674000982541814,0.3731278387413166,0.7538770647943303,0.0967490503513615,0.1263069049483454,0.18036833945195618,92266857.74815579,3.1610424351171647,1.5194355013977614,-0.01845635070945051,-0.01845635070945051,-0.01845635070945051,0.03505299459060757,0.10901181927806025,0.5688486600922048,-0.17368591281030843,78.59807460890494,92.7797833935018,66.84115523465704,83.75451263537906,0.0,80.68682310469313,True,True,True,True,True,True,False,True,6,6603,富強鑫,TPEx,29250.0
2323.TW,12.222220420837402,484,0.12420086854134538,0.17284412935365734,0.11393423543746062,0.060659105399792024,0.12420086854134538,0.39083001965687236,0.12863438402562877,0.14370611967126568,0.13534718695712544,43953459.151202485,1.1958665122416268,0.6139857649528604,0.042528167984652976,0.042528167984652976,-0.04332709382375144,0.09571730968198022,0.09371453363752995,0.4306825947789241,-0.16991142392577352,83.48375451263539,68.1107099879663,82.4488567990373,97.47292418772562,0.33606948330763053,80.37542269479104,False,True,True,True,True,True,True,False,6,2323,中環,TWSE,12222.220420837402
8182.TWO,46.400001525878906,485,0.1470951953205124,0.1974193942162299,0.16729563587116747,-0.12791858410505863,0.42898486297068117,0.8588189502161749,0.16590241802633976,0.14430565133588824,0.09957359756156658,47556625.368486784,4.996892704953621,1.0812591085669911,-0.12791858410505863,-0.12791858410505863,-0.20921430691320064,0.10527128635272054,0.20993516390618702,0.4158939493168352,-0.3412746399454448,87.40072202166066,97.11191335740072,90.34897713598075,29.843561973525873,2.167615625640993,80.24995356810149,True,True,True,False,True,True,False,True,5,8182,加高,TPEx,46400.001525878906
2466.TW,141.0,485,0.24229074889867852,0.35576923076923084,0.35576923076923084,0.4551083362196169,1.2065727172619285,1.0056898133587544,0.29032258514956766,0.36253825427455033,0.7696523468708873,203572245.28871536,2.2122810870175695,0.9551917469537677,0.09727626459143979,0.09727626459143979,0.09727626459143979,0.1533484412063708,0.20406645202935855,0.7439737173136706,-0.264754123375064,96.62454873646209,86.28158844765343,93.41756919374248,99.51865222623346,13.48518298881736,79.66884829878794,True,False,False,True,True,True,True,False,5,2466,冠西電,TWSE,141000.0
4960.TW,24.549999237060547,485,0.07912084558507892,0.22749996185302734,0.15258216508971612,0.0271966371926764,-0.029644269668647527,0.7535713740757533,0.12138856757664751,0.14292360829903727,-0.09762002818342308,107300664.86273184,1.4621868803676914,1.6564913670701036,0.006147525445711732,0.006147525445711732,-0.4538376235734878,0.040975304312649896,0.14351661935882398,0.5124276679330005,-0.24101475465245892,82.17809867629363,76.2936221419976,71.47412755716005,92.53910950661853,0.0,79.29091456077016,False,True,True,True,True,True,True,False,6,4960,誠美材,TWSE,24549.999237060547
8109.TWO,146.5,485,0.10984848484848486,0.12692307692307692,0.07720588235294112,-0.05787781350482313,0.34403669724770647,0.5032510599921087,0.10984848484848486,0.11654493489996809,0.15863705265932904,39137569.375,2.2309284404102554,0.6821627127456684,-0.05787781350482313,-0.05787781350482313,-0.09287925696594423,0.09054701426024958,0.09649848685454883,0.3455497020905114,-0.23178807947019864,78.94103489771359,86.40192539109506,81.73285198555956,60.89049338146811,0.0,79.16967509025271,True,True,True,False,True,True,False,True,5,8109,博大,TPEx,146500.0
4721.TWO,81.19999694824219,485,0.07835316942057746,0.13725483491497226,0.10777617418250474,-0.03635365695099013,0.03264815133202603,0.1747824321831819,0.08993283936195695,0.10077712170770381,0.002580410361949559,31487595.391509246,2.493800459991754,1.0561569683572416,-0.03635365695099013,-0.03635365695099013,-0.17183658974006222,0.05140912587495128,0.11989405983283478,0.27344164488471806,-0.22092918048333976,76.72683513838749,88.92900120336944,74.35018050541517,72.56317689530685,0.0,79.16877256317689,True,True,True,True,True,True,False,True,6,4721,美琪瑪,TPEx,81199.99694824219
3030.TW,300.0,485,0.13421550094517953,0.1428571428571428,0.03986135181975747,-0.014778325123152691,-0.012413646220375552,0.6530758698159032,0.0997067448680351,0.05340160936356986,-0.05467491641281441,303846730.825,1.85984826313973,1.1961589726210349,-0.032258064516129004,-0.032258064516129004,-0.2690212741846145,0.12425016299024016,0.044787460194141704,0.32971475218239443,-0.1967741935483871,79.18170878459686,82.67148014440433,81.05294825511433,74.84957882069796,1.137240075614363,78.90939048996928,True,True,True,True,True,True,False,True,6,3030,德律,TWSE,300000.0
4968.TW,101.5,485,0.1032608695652173,0.13154964830786486,0.08324443229241907,-0.09270742154080336,-0.019259980283184652,-0.2970805384871924,0.1035007573737583,0.06866478090700956,-0.026994994259843974,40221665.868593596,3.208727993584709,1.113187302668986,-0.09270742154080336,-0.09270742154080336,-0.20786383921261575,0.08244976149211253,0.11414690613935352,0.29274990826200503,-0.20291176289480473,78.6401925391095,93.26113116726835,82.80385078219012,43.4416365824308,0.0,78.7876052948255,True,True,True,False,True,True,False,True,5,4968,立積,TWSE,101500.0
8046.TW,1460.0,485,0.20661157024793386,0.3212669683257918,0.21666666666666656,0.3212669683257918,1.2336856367677975,6.561054593494348,0.2670861358212193,0.2599784250269688,0.41640175870331086,13741900444.0,1.2351820987816018,1.0178254692043252,0.028169014084507005,0.028169014084507005,0.028169014084507005,0.15244490358126722,0.10957767722473595,0.7490554820337001,-0.40848056537102473,93.41155234657039,69.91576413959085,88.74849578820698,96.028880866426,6.928925619834709,78.6607254030293,False,False,True,True,True,True,True,False,5,8046,南電,TWSE,1460000.0
6944.TW,799.0,485,0.09302325581395343,0.16642335766423355,0.12693935119887167,0.1280290949599976,0.16773967433244286,0.9620615800130996,0.10443016103393465,0.0844511983474292,0.1015173050382312,249455413.15,1.8331113089097395,1.4267573307741168,-0.03618817852834744,-0.03618817852834744,-0.03618817852834744,0.06128841801423551,0.08426298621220582,0.29603542450720227,-0.20506634499396859,80.97472924187726,82.31046931407943,74.21179302045728,72.80385078219012,0.0,78.45908543922984,True,True,True,True,True,True,False,True,6,6944,兆聯實業,TWSE,799000.0
6432.TWO,66.5999984741211,485,0.09900990348312089,0.26615970353854523,0.07766989152618087,-0.12280804885925989,0.7121363872928708,1.5878842898385224,0.13073002502752273,0.01076368882804446,0.07094487063399746,60632059.1619627,3.7226137050557178,1.0138659176472258,-0.1340541385607419,-0.1340541385607419,-0.22274135063971123,0.07959243060157567,0.11860590781260083,0.7170369468417156,-0.32128565069925763,83.92900120336942,94.82551143200962,82.55716004813478,27.075812274368232,0.0,78.32701564380264,True,True,True,False,True,True,False,True,5,6432,今展科,TPEx,66599.9984741211
3167.TW,981.0,485,0.10224719101123592,0.19053398058252435,0.2674418604651163,0.21699293551098298,0.6054791668934969,4.357414420786604,0.1366006256517205,0.305143186580485,0.2769308486184099,4883263148.0,1.300087386511636,1.523126987582041,0.006153846153846176,0.006153846153846176,0.006153846153846176,0.03538672589495684,0.19511088196145532,0.864061294034227,-0.5044843049327354,85.96871239470516,71.3598074608905,71.29963898916967,92.65944645006017,0.6104651162790709,78.31191755520106,False,True,True,True,True,True,True,False,6,3167,大量,TWSE,981000.0
6643.TWO,516.0,485,0.08289611752360959,0.22857142857142865,0.24038461538461542,0.12245311441577544,0.1248932207909299,0.08027326077881347,0.13102087785632088,0.19004978931809968,0.05366814946319143,464892813.7,3.552137696070882,2.1965560637091985,-0.07027027027027022,-0.07027027027027022,-0.2576027246411632,0.022799963677455737,0.19956691057935694,0.6836130297658154,-0.16734859597616702,85.07220216606498,94.34416365824309,65.75210589651022,53.18892900120337,0.0,78.24127557160048,True,True,True,False,True,True,False,True,5,6643,M31,TPEx,516000.0
2340.TW,45.75,485,0.33187778842166593,0.3821752903030853,0.33967783179542765,0.24320654751335113,0.5940766126765178,0.5721649278442156,0.31192201808093234,0.38492975298598964,0.3048283464761039,364173952.66696465,8.815624459689168,2.6268216660982553,0.04332956880261296,0.04332956880261296,0.04332956880261296,0.24695833047280902,0.2586089826243106,0.6038167180596775,-0.327516799005086,97.40673886883273,99.15764139590854,97.16606498194946,97.83393501805054,20.088947186573243,77.84697339104406,True,False,True,True,True,True,True,False,6,2340,台亞,TWSE,45750.0
3533.TW,1855.0,485,0.0976331360946745,0.22847682119205293,0.08797653958944274,-0.05130958914508821,-0.1609360312670064,0.10403157630742377,0.12033821531028233,0.04926053855579493,-0.10637766724599473,1876704855.5,2.016675728639174,0.6770830874492981,-0.07711442786069655,-0.07711442786069655,-0.337581092716398,0.07563900119731382,0.1050797359711388,0.5211890336042263,-0.24875621890547261,82.9783393501805,84.59687123947052,80.27677496991575,49.939831528279186,0.0,77.83273164861612,True,True,True,False,True,True,False,True,5,3533,嘉澤,TWSE,1855000.0
3701.TW,55.400001525878906,485,0.34303034002130683,0.3850000381469727,0.2809248907717665,0.3096927310897202,-0.028070148668791095,0.31946014965921377,0.30629571978419423,0.35297951899322744,0.14419472495990338,91324602.04795933,4.617039945094325,1.59656736551529,0.09920634620283986,0.09920634620283986,-0.2951653613057097,0.2727991173283652,0.17769398040852646,0.7228218738627677,-0.21453695658901495,97.04572803850783,96.38989169675091,94.58483754512635,99.63898916967509,18.924798378716375,77.6979453035941,True,False,True,True,True,True,True,False,6,3701,大眾控,TWSE,55400.001525878906
2399.TW,51.20000076293945,485,0.08704888368671804,0.08245246487917846,0.11062912055585694,0.052415193362411294,0.5515151746345288,1.645994819306074,0.0796562965207197,0.1661984825230738,0.1382836952997042,323832497.46831477,1.5719718930553424,0.9549112936612331,-0.0019492880235533194,-0.0019492880235533194,-0.06909089521928269,0.0593916035477538,0.09315738943505318,0.4435757894203233,-0.37768678468567285,73.59205776173285,78.58002406738869,74.15162454873646,90.01203369434417,0.0,77.69133574007219,True,True,True,True,True,True,False,True,6,2399,映泰,TWSE,51200.00076293945
6155.TW,72.5,485,0.2900355696758179,0.28546095813018146,0.2946428571428572,-0.049803445606418806,0.45472871181454244,2.2886675537759538,0.23561994034938216,0.24025261425967281,0.16926476099178167,183677075.8762682,7.291737829542413,1.0916632657276348,-0.049803445606418806,-0.049803445606418806,-0.2571283926029916,0.2163748553901036,0.31124400567833016,0.5859537442798005,-0.3633879724466281,95.5655836341757,98.55595667870037,98.02045728038507,66.30565583634176,15.165345574065434,77.52207921534492,True,False,True,True,True,True,False,False,5,6155,鈞寶,TWSE,72500.0
8289.TWO,56.099998474121094,485,0.2620921824796665,0.3262411225995927,0.18354423350582105,-0.06500002543131511,0.35473533968429893,1.868444440543465,0.2545423731164551,0.22656460348956475,0.07309111417033809,27164252.455280684,3.445385664518329,1.1917314167206134,-0.06500002543131511,-0.06500002543131511,-0.2573115002731119,0.21620612410321122,0.20521090864959277,0.6365893554126063,-0.3891666412353516,94.19975932611311,94.1034897713598,95.41516245487364,56.19735258724429,11.367374598373319,77.4069936326736,True,False,True,False,True,True,False,False,4,8289,泰藝,TPEx,56099.998474121094
2436.TW,76.0,485,0.09195404692801223,0.11764705882352944,0.13602389038213913,0.10304787107231528,0.26848027448098044,0.3903627207834235,0.08999642044891543,0.1706415483329511,0.12060229840182224,474237489.6783493,1.3152062788278351,1.2358832997970897,0.0013175029263603477,0.0013175029263603477,-0.029336786149084748,0.05794807433247745,0.10167460002470072,0.5527671946276554,-0.2485118706345273,77.85198555956678,72.08182912154031,74.8676293622142,91.21540312876053,0.0,77.37936221419974,False,True,True,True,True,True,True,False,6,2436,偉詮電,TWSE,76000.0
4927.TW,48.150001525878906,485,0.10057146344866075,0.13028176644488298,0.1382979289440025,0.16024100062358815,-0.0010373285533014087,0.8662791840983304,0.12009308580119593,0.27014139583767993,0.07459692500536286,186390112.6256407,1.1162009298495612,1.023553849984956,0.08202250619952589,0.08202250619952589,-0.22213246625287164,0.06599698121266012,0.08488426206947311,0.5575414176873261,-0.34149325279481446,80.07821901323707,64.25992779783394,75.81829121540312,99.15764139590854,0.0,77.12966305655837,False,True,True,True,True,True,True,False,6,4927,泰鼎-KY,TWSE,48150.001525878906
6207.TWO,148.0,485,0.29824561403508776,0.35159817351598166,0.339366515837104,0.13463864811891368,1.6878422343446764,1.4897431838076933,0.24056999161777037,0.2920229912505101,0.35406684333788463,1408578451.3,3.934953640838231,3.109673635460846,-0.019867549668874163,-0.019867549668874163,-0.10188721384908084,0.21340398507581176,0.29448696646413275,0.7683713870725275,-0.4129697562852258,96.90734055354993,95.30685920577618,97.45487364620938,83.03249097472924,17.38747717710566,77.0953748084539,True,False,True,True,True,True,False,False,5,6207,雷科,TPEx,148000.0
6695.TW,54.400001525878906,485,0.08582840684074977,0.13569936937242577,0.07297831769746388,-0.009107467870730579,0.4148244589454748,0.026415123129790663,0.09319270420294057,0.07982932579698798,0.05655006001995777,23527753.32013855,2.083906307695792,1.1121862926974317,-0.055555504045367354,-0.055555504045367354,-0.21044992277037589,0.0675838274163838,0.07601414032104074,0.4540483976913897,-0.2083333388522821,76.43200962695548,85.1985559566787,75.56558363417568,62.8158844765343,0.0,76.80294825511432,True,True,True,False,True,True,False,True,5,6695,芯鼎,TWSE,54400.001525878906
1727.TW,123.0,485,0.05579399141630903,0.28661089919678284,0.3057325263777011,0.3413304699391029,1.1097606155394772,2.694453457995325,0.2148148239686929,0.38142747525484255,0.4179139091981616,1439559749.0707653,4.820810143076776,2.2593967901590615,0.03797468354430378,0.03797468354430378,0.03797468354430378,-0.020639140178116244,0.1919557030646668,0.7921419858729932,-0.33652824041871154,81.87725631768953,96.87123947051745,42.15403128760529,96.87123947051745,1.9506384232195384,76.74310405572149,True,True,True,True,True,False,True,True,6,1727,中華化,TWSE,123000.0
5347.TWO,187.0,485,0.08092485549132955,0.18354430379746844,0.25083612040133785,0.059490084985835745,0.5253053384427295,1.0807154605437685,0.13042164122714217,0.16595656240257717,0.15653793422215467,2830390381.475,1.4425384814131514,1.0496005869857805,-0.002666666666666706,-0.002666666666666706,-0.12988266453781283,0.01821582539099509,0.23100609207272593,0.4100518945174472,-0.29066666666666663,82.47292418772562,75.21058965102286,63.79061371841155,89.65102286401925,0.029264214046824666,76.6710967967835,False,True,True,True,True,True,False,False,5,5347,世界,TPEx,187000.0
4760.TWO,317.0,485,0.19622641509433958,0.21923076923076934,0.16330275229357794,-0.024680225210388262,0.19747594633855559,1.1211298405485577,0.1859334081556303,0.2410005005340108,0.10288541209330027,105640426.125,1.217092544441266,0.9058303170498273,-0.024680225210388262,-0.024680225210388262,-0.3091485415074625,0.1554007270209451,0.171529494030374,0.603011443403034,-0.3828125053193605,90.05415162454875,69.0734055354994,91.97954271961493,79.5427196149218,6.098113207547167,76.56644756260927,False,True,True,True,True,True,False,False,5,4760,勤凱,TPEx,317000.0
3149.TW,77.30000305175781,485,0.22310129934502498,0.2610114847281113,0.21924292099906562,-0.0373375818231122,0.8559423822284389,0.987146530067168,0.20470665687141887,0.1368466075206194,0.12691667104468296,585324865.7893273,3.670468222413813,1.09666506605804,-0.11970440721838027,-0.11970440721838027,-0.2602870521362889,0.16829056909525858,0.23168878160676967,0.5583768979696309,-0.32355035588496506,92.9783393501805,94.58483754512635,95.04211793020457,31.889290012033694,8.248103947601999,76.56477210534624,True,False,True,False,True,True,False,False,4,3149,正達,TWSE,77300.00305175781
2371.TW,31.100000381469727,485,0.07241380625757676,0.10088496925556556,0.10283686312311957,0.15185186598036027,-0.01582278461911668,-0.218592940260402,0.07864389825052398,0.1363498043876985,0.09503830443902572,358172048.7182638,1.6480037425377925,1.1779235571541786,0.019672143654745122,0.019672143654745122,-0.06042290588668897,0.04670459047679687,0.052219574462999484,0.3160207314677535,-0.16370107896878006,72.72563176895308,79.9037304452467,66.24548736462094,94.58483754512635,0.0,76.53790613718412,True,True,True,True,True,True,True,True,7,2371,大同,TWSE,31100.000381469727
3551.TWO,199.5,485,0.08719346049046317,0.15988372093023262,0.10833333333333339,0.009152387086764913,0.16818784883537563,0.33234499441460796,0.10220994475138112,0.09939646398135582,0.04880136489519149,132112421.075,2.670027353653742,2.4401943323035966,-0.09400543703507724,-0.09400543703507724,-0.09400543703507724,0.06011012715712982,0.10528253763774509,0.3942720880715808,-0.2960944498267518,79.36823104693141,90.61371841155234,75.93862815884476,42.83995186522262,0.0,76.40523465703971,True,True,True,False,True,True,False,True,5,3551,世禾,TPEx,199500.0
3581.TWO,118.5,485,0.12857142857142856,0.23566212841010659,0.06278026905829592,-0.08436164598565443,0.4533941202412599,2.0957863050804217,0.13185920926162642,0.07391934003574852,-0.1783219585011978,42769406.84182129,1.9097675477046303,0.802403405004431,-0.11169411228044324,-0.11169411228044324,-0.5748822142602363,0.11287636130685458,0.09090081772018073,0.6227410833648258,-0.3185906620324479,84.60890493381469,83.75451263537906,84.42839951865221,35.37906137184115,0.685714285714285,76.23727007048306,True,True,True,False,True,True,False,True,5,3581,博磊,TPEx,118500.0
4956.TW,46.400001525878906,485,0.06544207436846605,0.3163121000249336,0.28176797093833006,0.23404264385315288,0.2210526717336554,1.1333334034886855,0.17946115393584483,0.3554371299709873,0.18828366448039224,520552182.1267141,2.554673233419336,4.309235421085523,-0.017989385695684534,-0.017989385695684534,-0.15173672982257058,-0.0049999183661164626,0.20375375632061243,0.9535240211347791,-0.3374316663661463,83.98315282791816,89.53068592057761,49.651022864019254,84.23586040914562,1.111878982841552,75.99040741908384,True,True,True,True,True,False,False,True,5,4956,光鋐,TWSE,46400.001525878906
3665.TW,2540.0,485,0.08547008547008539,0.27318295739348364,0.17050691244239635,0.34855645919416545,0.15157629133158768,1.3293249029461016,0.16674322462103808,0.19215263543067884,0.1562047295401825,7069886742.75,1.3385348923309517,0.9779243117092238,-0.021194605009633882,-0.021194605009633882,-0.12848391900773637,0.0428433573594863,0.0543214260443412,0.6235504270742841,-0.2088607594936709,85.40312876052948,72.56317689530685,64.68712394705175,81.82912154031288,0.0,75.83604091456077,False,True,True,True,True,True,False,False,5,3665,貿聯-KY,TWSE,2540000.0
3552.TWO,45.79999923706055,485,0.06387921135275199,0.10361443944724202,0.05408511928325477,-0.02559701908625278,-0.13969990445564584,-0.32921533212520304,0.08203884657343452,0.03581205505009222,-0.05182730181941386,27660896.816034697,2.5545940864301073,5.664733907965355,-0.031712474084454545,-0.031712474084454545,-0.2653310545871088,0.050357931531938294,0.06261745897867237,0.5230771520636093,-0.17230439413614085,68.91095066185319,89.41034897713598,68.06859205776175,75.3309265944645,0.0,75.81317689530687,True,True,True,True,True,True,False,True,6,3552,同致,TPEx,45799.99923706055
4551.TW,186.0,485,0.13761467889908263,0.1961414790996785,0.12048192771084332,-0.22358505516186777,0.38907693364844165,0.3403374215927035,0.1327649208282582,0.0954311834751036,0.11258162072713573,220174878.125,2.9157294041290633,0.9874271877650237,-0.22358505516186777,-0.22358505516186777,-0.3227018768237915,0.1074941969713718,0.19501027943146593,0.6184904919331093,-0.33555377619115767,85.60770156438026,91.81708784596871,90.03008423586041,9.8676293622142,1.409174311926611,75.80592797447534,True,True,True,False,True,True,False,True,5,4551,智伸科,TWSE,186000.0
4526.TW,34.29999923706055,485,0.09935892302295679,0.1190864490687813,0.09759997558593758,-0.039354920251793324,0.015460822287616693,-0.052146426007180335,0.07726128386164577,0.1045108818822107,0.010237216593101062,107220961.4772869,1.4832426488912225,2.9699279994613765,-0.05716819075539148,-0.05716819075539148,-0.2037605998384593,0.0749589291264724,0.11071828233653536,0.3587244610345236,-0.30730720580844373,77.82190132370638,76.89530685920577,80.62575210589651,61.4921780986763,0.0,75.79542719614922,False,True,True,False,True,True,False,False,4,4526,東台,TWSE,34299.99923706055
7730.TW,187.0,485,0.09677419354838701,0.10650887573964507,0.0935672514619883,0.06167086417939194,0.04206211984159247,0.6387617106396077,0.06114342459923394,0.13502995545592644,0.0968969527045358,22022534.35,1.491992578523185,1.2041375869905901,-0.03856041131105403,-0.03856041131105403,-0.14143141655599945,0.07338238068288994,0.07301029673552432,0.5788101500731072,-0.24863394569875819,76.20336943441636,77.25631768953069,76.11913357400722,71.23947051744885,0.0,75.75361010830323,False,True,True,True,True,True,False,False,5,7730,暉盛-創,TWSE,187000.0
8438.TW,84.19999694824219,485,0.07948714036207938,0.23099407996921473,0.19602265800080176,-0.10175588068970753,-0.010162100494503612,1.8007545565267407,0.16628571035752682,0.1902181745954976,0.05247705528208746,29180094.53593445,2.6809001751024595,1.4561938714126303,-0.10175588068970753,-0.10175588068970753,-0.19790597087993933,0.030481475861878937,0.22994128489737095,0.41807380032721253,-0.42676088380679145,83.48375451263537,90.85439229843561,70.04211793020457,39.35018050541516,0.0,75.71450060168472,True,True,True,False,True,True,False,True,5,8438,昶昕,TWSE,84199.99694824219
3550.TW,25.799999237060547,485,0.08403361613918325,0.15178569984071077,0.09787230796002322,-0.10416666942614106,0.2740740363980516,0.7199999491373699,0.09647254598433719,0.10852515245745087,0.07416077725806902,40899151.762050726,2.604081524696847,0.850793476206779,-0.10416666942614106,-0.10416666942614106,-0.3073825708171666,0.05956553914917745,0.13259453110207023,0.49917135916525496,-0.34397164895425214,78.28519855595668,89.89169675090253,77.55716004813479,38.628158844765345,0.0,75.63658243080626,True,True,True,False,True,True,False,True,5,3550,聯穎,TWSE,25799.999237060547
3402.TWO,139.5,485,0.08139534883720922,0.1160000000000001,0.15289256198347112,0.014391796342106744,0.18345705196182394,0.09447536240697918,0.09669811320754707,0.08696299931845686,0.06234847242773012,33805565.8,2.596215838476333,1.116268303135998,-0.0787010938562216,-0.0787010938562216,-0.0787010938562216,0.043172208341341445,0.1480952965361022,0.26341091300383906,-0.2669234510253806,76.57641395908544,89.7713598074609,72.46690734055355,49.458483754512635,0.0,75.4398315282792,True,True,True,False,True,True,False,True,5,3402,漢科,TPEx,139500.0
6664.TWO,378.0,485,0.09248554913294793,0.125,0.04275862068965508,0.07354783597361325,-0.055590976166799866,0.5638805735157024,0.07516177202588348,0.07747161007524483,0.0031300592159060336,132821563.775,1.3738472196082077,0.8600145894400211,-0.014894013834569675,-0.014894013834569675,-0.19036599709542923,0.08179589396053416,0.01824267536511733,0.28110893901447725,-0.19341189757089772,74.46750902527077,73.40553549939831,72.50300842358604,85.43922984356198,0.0,75.30354993983153,False,True,True,True,True,True,False,False,5,6664,群翊,TPEx,378000.0
6505.TW,100.0,485,0.14547533223696107,0.2422360248447204,0.27064807976760097,0.6835016402555616,0.8561294351197639,1.6325028298923394,0.15868142668909413,0.29226793658790995,0.5381587329294215,2349413345.6384544,1.1959211887610275,1.2005782606010653,0.02774919695332323,0.02774919695332323,0.02774919695332323,0.07781331229506083,0.04281419968241376,0.615169336174964,-0.2800429112526206,90.80024067388689,68.23104693140795,74.38628158844766,95.90854392298436,5.513233974656345,75.17900429249168,False,True,True,True,True,True,True,False,6,6505,台塑化,TWSE,100000.0
6925.TWO,68.5,485,0.10483870967741926,0.18512112290961347,0.3537549815349046,0.18307423479744345,0.01606201550387598,-0.48529409572794013,0.16879238853095968,0.24641768322177637,0.15800394188636457,29767021.90261402,8.983223525124014,19.736487173404726,-0.08666666666666667,-0.08666666666666667,-0.11302253997850131,0.016399964293693114,0.2927302366024234,0.8591977838015138,-0.17087544217413597,86.78700361010831,99.39831528279181,64.12755716004813,45.48736462093863,3.631424353721661,75.0791652973012,True,True,False,False,True,True,False,False,4,6925,意藍,TPEx,68500.0
6274.TWO,1620.0,485,0.1095890410958904,0.14487632508833914,0.14893617021276606,-0.015197568389057725,1.038648643168282,4.544847753734462,0.14064425277239923,0.1493437389145087,0.14595837629821773,11131852985.5,1.05151835236913,1.4313297832080647,-0.032835820895522394,-0.032835820895522394,-0.1473684210526316,0.07235499854269889,0.15400202634245197,0.5037801624316727,-0.356687898089172,82.5511432009627,61.4921780986763,81.91335740072202,74.36823104693141,0.0,74.84657039711192,False,True,True,True,True,True,False,False,5,6274,台燿,TPEx,1620000.0
3293.TWO,791.0,485,0.08504801097393688,0.11723163841807915,0.11723163841807915,0.05748663101604268,0.08328412763478954,0.0359496000564028,0.08319068812050667,0.07636132719479294,0.0830922288884628,1419848010.75,1.3454420334903574,0.5332131575105306,-0.02825552825552824,-0.02825552825552824,-0.02825552825552824,0.055740101369417094,0.09806942807939827,0.2660642144728159,-0.13805970149253732,76.2274368231047,72.6835138387485,73.81468110709987,77.6173285198556,0.0,74.76955475330927,False,True,True,True,True,True,False,False,5,3293,鈊象,TPEx,791000.0
3013.TW,92.69999694824219,485,0.09964405210432803,0.11956513927053769,0.0357541558462815,-0.08249165546183079,-0.06022198343056062,-0.20981934750125908,0.08541650023939851,0.09998622207817309,-0.02774344310756205,118162332.25299111,2.0628198360757395,1.024608992535004,-0.08249165546183079,-0.08249165546183079,-0.2749278545584658,0.09070551314275765,0.06325137433355843,0.44753950150120597,-0.29225282011681375,74.55475330926593,84.95788206979543,78.39951865222623,47.773766546329725,0.0,74.61973525872442,True,True,True,False,True,True,False,True,5,3013,晟銘電,TWSE,92699.99694824219
3591.TW,28.299999237060547,485,0.15040645521200458,0.07315866172019003,0.16874381553991658,0.012015671856287824,0.1584916087662258,0.43163190222407644,0.08890050859304943,0.17703969658038665,0.1186113656734229,49679830.256564334,0.9835995025082872,3.080860242682724,0.012015671856287824,0.012015671856287824,-0.06500497702803498,0.10822050132702543,0.16473859158782064,0.5888857961773524,-0.2935421064065705,78.35138387484957,57.52105896510229,88.74849578820698,93.86281588447653,2.4325164169603664,74.59576276474841,False,True,True,True,True,True,True,False,6,3591,艾笛森,TWSE,28299.999237060547
8121.TWO,34.099998474121094,485,0.2222221842423604,0.2723880389879152,0.23999994451349438,-0.24137935716708625,0.36399993896484384,0.1423784937466761,0.19429116209730157,0.12235656907264358,-0.009704551179274823,27524253.61243553,5.689916511774374,1.3505328308895668,-0.24137935716708625,-0.24137935716708625,-0.37316181033746465,0.1622221981139868,0.32045973023585644,0.5830808222437841,-0.39699076905090247,93.65824308062575,98.07460890493381,96.38989169675091,7.460890493381468,8.177774739388832,74.55868735447397,True,False,True,False,True,True,False,False,4,8121,越峰,TPEx,34099.998474121094
7768.TW,313.0,369,0.07191780821917804,0.2038461538461538,0.09440559440559437,-0.07922721543005151,-0.26679205654411486,0.6938279491295922,0.10727867692579807,0.10140720873023268,-0.06512878534037059,26146074.45,2.3685779840606003,0.9266571270573346,-0.09630287522820669,-0.09630287522820669,-0.3482595954633042,0.04831640961777944,0.12081466621561154,0.4998638906165211,-0.3243925648670938,78.45367027677497,87.72563176895306,73.65222623345367,41.63658243080626,0.0,74.51233453670277,True,True,True,False,True,True,False,True,5,7768,頌勝科技,TWSE,313000.0
8040.TWO,95.69999694824219,485,0.05049394677462948,0.2237851749736337,0.1544028369935253,0.012698380404679188,0.8474903157869775,0.7089285169328963,0.13502933136438866,0.2310000790115445,0.12924792138910002,306082864.61012346,2.6042094626302696,9.786270816532541,-0.04300003051757817,-0.04300003051757817,-0.2344000244140625,0.011893237526248157,0.15017004352529892,0.6952976421128514,-0.34122712854971127,76.6245487364621,90.01203369434417,56.486161251504214,69.19374247894103,0.0,74.4915764139591,True,True,True,True,True,True,False,True,6,8040,九暘,TPEx,95699.99694824219
3035.TW,215.5,485,0.056372549019607865,0.24207492795389052,0.1680216802168022,-0.0023148148148147696,0.4593125539246836,0.45443191093687285,0.14096624751819986,0.16997692620911198,0.1420114211589456,843087186.225,1.4213630533469068,1.4912385039338467,-0.0023148148148147696,-0.0023148148148147696,-0.07510729613733902,0.014367128965407316,0.16879328515507377,0.42560310565177245,-0.30787037037037035,79.11552346570397,74.9699157641396,58.36943441636582,89.89169675090253,0.0,74.30174488567991,False,True,True,True,True,True,False,False,5,3035,智原,TWSE,215500.0
3236.TWO,53.400001525878906,485,0.22196797697005333,0.224770720062631,0.21917813826570787,-0.12878695703180554,0.5611332685839228,2.0690457406203406,0.20310919184372955,0.18858161511920146,0.13774992761605964,133513368.52727146,2.4539256641584437,0.8905854716214855,-0.12878695703180554,-0.12878695703180554,-0.26006562023021207,0.16717344240362636,0.26210712394297636,0.6474946386438637,-0.42023021769931446,91.62454873646209,88.8086642599278,95.64380264741277,29.24187725631769,8.157438157604266,74.26975799161355,True,False,True,False,True,True,False,False,4,3236,千如,TPEx,53400.001525878906
6199.TWO,132.0,485,0.08196721311475419,0.2878048780487805,0.3865546662965236,0.26315789473684204,0.24528301886792447,0.2878048780487805,0.20503925758454988,0.2955359651603304,0.3179900656526531,490469186.4014618,2.387886492515048,6.87677305150695,0.03125,0.03125,0.03125,-0.014671453459376704,0.29883536805090954,0.29054731159027025,-0.12924525422869992,87.65944645006017,88.20697954271961,47.28038507821901,96.38989169675091,4.779413320378325,74.25909450152298,True,True,False,True,True,False,True,False,5,6199,天品,TPEx,132000.0
3518.TW,44.349998474121094,485,0.36671794857929285,0.46369635613309534,0.3902821004536561,0.37306500067141046,1.0580046424247809,0.8673683568050987,0.35471549761945265,0.5150738239867252,0.4486362458773443,120466870.44230385,9.554307034726872,4.814913279486343,0.07907542872650919,0.07907542872650919,0.07907542872650919,0.26914742346587883,0.2659271002298526,0.6605499420208363,-0.21608042480774914,98.5078219013237,99.63898916967509,97.49699157641396,99.03730445246691,24.64730940222139,74.02657748105176,True,False,False,True,True,True,True,False,5,3518,柏騰,TWSE,44349.998474121094
5285.TW,99.0,485,0.07375274703723789,0.1785714285714286,0.10491073310223187,-0.01980198019801982,0.9117840300572624,0.991441612401083,0.11517882286679804,0.18914157482313865,0.22516239838027086,154112559.2882843,1.152377979599515,1.7728641191685928,-0.01980198019801982,-0.01980198019801982,-0.0875576036866359,0.04752506376167992,0.11151139316823848,0.5154419506969035,-0.3284973777019916,77.9783393501805,66.4259927797834,72.53910950661853,83.15282791817089,0.0,73.92900120336944,False,True,True,True,True,True,False,False,5,5285,界霖,TWSE,99000.0
6292.TWO,70.9000015258789,485,0.07914771414271504,0.09413577448829491,0.1491086004729112,0.22030986898320126,0.5332168201367538,0.8071413840890942,0.07628085807785823,0.17392206858389558,0.22622190812541798,26102826.773007203,1.177080766578317,1.152129784941336,0.04264708126292516,0.04264708126292516,0.04188550118387857,0.041870564024487245,0.07567197747851077,0.38842321031439975,-0.18588639450431454,74.41636582430807,67.02767749699157,66.68471720818292,97.71359807460891,0.0,73.76143200962696,False,True,True,True,True,True,True,False,6,6292,迅德,TPEx,70900.0015258789
2483.TW,37.0,485,0.1384615384615384,0.16719240093068977,0.06169301635624036,-0.42006268898970134,0.7249416635885291,0.9149171025296918,0.12865096428888578,-0.02447598001477136,0.04508703436847172,34655151.23705578,3.052838578782985,0.6846603796791876,-0.4558823529411765,-0.4558823529411765,-0.4706724006822578,0.12303828437247832,0.2017139126861408,0.5137958709971625,-0.5573529355666217,81.79903730445247,92.17809867629362,91.64861612515041,0.7220216606498195,1.4769230769230735,73.73667499768582,True,True,True,False,True,True,False,True,5,2483,百容,TWSE,37000.0
6205.TW,73.69999694824219,485,0.023611068725585938,0.1964285515234947,0.07906286464427037,0.023611068725585938,0.20345878324412658,0.7566275826364564,0.10960550283811132,0.15659242134825724,0.029360292544439615,108485448.61480275,4.530199209615718,2.5865939050256284,0.0013586749482916716,0.0013586749482916716,-0.23527665037448064,0.003845352564518345,0.07119250840240839,0.6355930776324022,-0.27338129496402874,65.5354993983153,95.90854392298436,46.38387484957883,91.33574007220217,0.0,73.72954271961493,True,True,True,True,True,True,True,True,7,6205,詮欣,TWSE,73699.99694824219
6462.TWO,106.0,485,0.06854841996926408,0.07942976877961527,0.04950495049504955,-0.0535714285714286,0.004739336492890933,-0.15873015873015872,0.06000000404357908,0.061397509690293006,-0.04933445819114912,53749031.966027066,2.3719957308597053,1.3229649786293551,-0.0535714285714286,-0.0535714285714286,-0.31612903225806455,0.0561721823455017,0.06736209335219241,0.29585946475953406,-0.2036199095022625,66.88327316486162,87.84596871239471,70.80625752105897,64.01925391095065,0.0,73.72322503008424,True,True,True,False,True,True,False,True,5,6462,神盾,TPEx,106000.0
6116.TW,16.049999237060547,485,0.06999994913736973,0.13427559503550168,0.13427559503550168,-0.06956526161967846,0.883802626141331,1.1090668798251957,0.09706079105068888,0.11451878495090684,0.13975282173066872,855653275.7408683,2.0833076850796304,1.673157153770934,-0.06956526161967846,-0.06956526161967846,-0.2929515992235495,0.03643105037849431,0.1574640155753945,0.5407779245706854,-0.3139535077137833,75.48736462093862,85.07821901323706,69.8014440433213,53.79061371841155,0.0,73.68862815884476,True,True,True,False,True,True,False,True,5,6116,彩晶,TWSE,16049.999237060547
6182.TWO,135.0,485,0.16883116883116878,0.2053571428571428,0.22171945701357476,-0.15625,2.790529396133085,3.078550036959924,0.1759581881533101,0.14224472314368053,0.3571400596715242,8205580268.525,2.5330471414134346,1.0785776473314104,-0.28759894459102897,-0.28759894459102897,-0.28759894459102897,0.11340130457777509,0.2738027903469081,0.6273066605733622,-0.5530343168958196,89.6028880866426,89.29001203369434,92.93020457280386,4.57280385078219,3.9064935064935025,73.67984825042586,True,True,True,False,True,True,False,True,5,6182,合晶,TPEx,135000.0
8028.TW,283.5,485,0.09883720930232553,0.21673819742489275,0.15478615071283097,-0.07201309328968908,0.4556864475541087,0.6678855394847556,0.13004484304932729,0.06783012649486797,0.043911102135951285,1700657051.425,2.126311277191772,2.1991076629023185,-0.18999999999999995,-0.18999999999999995,-0.1976370973028675,0.06014067162411779,0.17879051514272734,0.537058917922979,-0.3671428571428571,84.62695547533093,85.80024067388689,79.92779783393502,15.523465703971121,0.0,73.43862815884476,True,True,True,False,True,True,False,True,5,8028,昇陽半導體,TWSE,283500.0
6127.TWO,58.400001525878906,485,0.21793536176575534,0.20288367546048036,0.20164615965937105,-0.23258866364184394,0.3272727619517932,2.0180878746547672,0.17676694063409437,0.11877397695418845,0.0022166868938817696,251865332.93845406,4.1215123285687065,1.5097332268510215,-0.23258866364184394,-0.23258866364184394,-0.3973168152089025,0.16752382185091258,0.2791757142066524,0.6254402596967588,-0.4358288898231837,90.4572803850782,95.78820697954272,96.14320096269554,8.904933814681106,7.834828941260428,73.4103575810019,True,False,True,False,True,True,False,False,4,6127,九豪,TPEx,58400.001525878906
7810.TWO,245.0,423,0.04477611940298498,0.13163972286374137,0.10360360360360366,0.2299651095513513,-0.030219804611546275,1.0091063658973254,0.09607426462364388,0.1875934666037895,0.16139795839576299,28635241.325,1.9032652273048685,1.5619045069954378,0.042553191489361764,0.042553191489361764,-0.030219804611546275,0.018875218502084068,0.02694856708648656,0.3933503923579541,-0.13267817856169994,69.81347773766547,83.63417569193743,50.57160048134777,97.59326113116727,0.0,73.31618531889289,True,True,True,True,True,True,True,True,7,7810,捷創科技,TPEx,245000.0
6174.TWO,55.0,485,0.23456792237711732,0.22494427908426196,0.24858117940049596,-0.1013072007458855,1.2240194507915612,1.7079745578950631,0.23463717339751122,0.20686817438654925,0.23878316879562966,32030010.736163713,1.8109146928914732,0.5379477082575902,-0.1013072007458855,-0.1013072007458855,-0.12698412698412698,0.17242262752699333,0.28235024631579114,0.6541673968200704,-0.36622070218371006,92.647412755716,82.06979542719614,96.41997593261131,39.59085439229844,9.165433790169386,73.29335080670185,True,False,True,False,True,True,False,False,4,6174,安碁,TPEx,55000.0
6834.TW,131.0,485,0.1867138391403902,0.31000000000000005,0.4208243420391733,0.035573122529644285,2.574820282357894,3.5899691514785372,0.24288082726382831,0.31312835592516475,0.5289379250369153,728980706.1762394,1.136564353968618,1.754741383656533,0.007692307692307665,0.007692307692307665,-0.007575757575757569,0.08150775363059687,0.4089666345292919,0.8657217714375164,-0.4415384732759916,94.7954271961492,64.98194945848375,89.86161251504211,93.14079422382672,11.315959102602282,73.05377615612214,False,True,False,True,True,True,True,False,5,6834,天二科技,TWSE,131000.0
5483.TWO,221.5,485,0.20054200542005418,0.20708446866485009,0.23743016759776547,0.07640392316332711,0.8657667355864642,0.9627154714919841,0.18180605575563558,0.1555229245624834,0.2782878322554019,3800774202.85,2.415590161047064,0.8796338403845719,-0.1946330410622069,-0.1946330410622069,-0.1946330410622069,0.1411844635206128,0.21196219320998977,0.5259939332074258,-0.44551484768391225,91.04693140794224,88.56799037304452,93.48375451263539,14.560770156438027,6.443360433604335,72.99617025231625,True,False,True,False,True,True,False,False,4,5483,中美晶,TPEx,221500.0
8027.TWO,213.5,485,0.2096317280453257,0.2270114942528736,0.17307692307692313,-0.02954545454545454,0.4724137931034482,1.4970760233918128,0.16491610967125903,0.13790806129247168,0.040131538883137585,615825920.85,1.8691996047894863,1.5153177183081612,-0.125,-0.125,-0.27133105802047786,0.16636249727609492,0.18292540792540798,0.684884733410711,-0.4098360655737705,90.72202166064982,82.79181708784597,93.12876052948255,30.56558363417569,7.170538243626057,72.75064105841967,True,False,True,False,True,True,False,False,4,8027,鈦昇,TPEx,213500.0
3105.TWO,591.0,485,0.18913480885311862,0.2507936507936508,0.2587859424920127,0.42926239419588885,0.2958148404645047,5.40910610638347,0.2252513734839845,0.4416685300754173,0.3067935600137788,13363896723.025,0.8180693875676497,0.9316588615206061,0.09040590405904059,0.09040590405904059,-0.03811473769128915,0.12443832323011544,0.11569847776004974,0.6541035718349605,-0.33990147783251234,92.50300842358605,45.48736462093863,88.2430806257521,99.39831528279181,5.838292695469934,72.52933666674427,False,True,True,True,True,True,True,False,6,3105,穩懋,TPEx,591000.0
6231.TWO,243.0,485,0.08000000000000007,0.14893617021276606,0.125,-0.077916546522656,-0.06929895019725296,-0.10605909045440909,0.09324035541558873,0.0881567354959023,-0.04949144192183774,83684454.175,1.4504771680240858,1.7839515749803425,-0.077916546522656,-0.077916546522656,-0.28561677608559444,0.04875000000000007,0.15097218217421868,0.5487907495028558,-0.251001176042835,78.23104693140795,75.69193742478942,74.90974729241877,49.69915764139591,0.0,72.3592057761733,False,True,True,False,True,True,False,False,4,6231,系微,TPEx,243000.0
6175.TWO,76.69999694824219,485,0.10359707839197396,0.10678201400593834,0.07422962617784123,-0.2697707226582461,0.34714710412983996,1.0242108636291287,0.0842521456431784,-0.00914179810496163,-0.060160505126443775,74338438.06458855,2.860740209200855,0.8828823267259671,-0.2896860351599415,-0.2896860351599415,-0.3293172870272494,0.08503967184751365,0.16415320039725662,0.3924136465007474,-0.3841475809478967,76.31768953068593,91.4560770156438,85.37906137184115,4.452466907340553,0.0,72.34476534296029,True,True,True,False,True,True,False,True,5,6175,立敦,TPEx,76699.99694824219
5292.TW,240.0,485,0.09839816933638446,0.14832535885167464,0.023454157782516027,0.2140721664285654,0.25622746951308395,0.7562792691995899,0.08967082860385922,0.21539500337609718,0.2048001296333024,29879436.35,1.1852121900614037,0.42426214489138986,-0.004149377593360981,-0.004149377593360981,-0.004149377593360981,0.09253462989075545,-0.04790323102700578,0.40213357292267776,-0.21558441558441555,75.31287605294825,67.50902527075813,64.05535499398316,89.16967509025271,0.0,72.23586040914562,False,True,True,True,True,True,False,False,5,5292,華懋,TWSE,240000.0
4722.TW,230.0,485,0.21693121693121697,0.22994652406417115,0.14143920595533488,-0.11368015414258192,0.36622472071225465,0.7829497434684252,0.1917098445595855,0.11111111111111116,0.0243267993339209,210085876.125,2.3451039179415507,1.175252084121664,-0.16211293260473592,-0.16211293260473592,-0.246681923660655,0.18157141544238325,0.17933259066952886,0.6110146223587868,-0.41530054644808745,90.40312876052948,87.48495788206979,93.58604091456077,19.855595667870034,7.754497354497358,71.98677821710312,True,False,True,False,True,True,False,False,4,4722,國精化,TWSE,230000.0
6901.TW,17.0,485,0.0793650793650793,0.11842106666591379,0.11475409836065564,-0.19239902061042047,0.25461252846506643,-0.13705587098345795,0.09236947791164662,0.019337430087173813,0.06996748170158407,23794011.321680784,3.140669853588064,0.6472120326716814,-0.19239902061042047,-0.19239902061042047,-0.19239902061042047,0.050676554774915394,0.17888710523079582,0.41879446853922053,-0.28915662650602414,75.42719614921782,92.53910950661853,76.60649819494586,15.282791817087846,0.0,71.83393501805055,True,True,True,False,True,True,False,True,5,6901,鑽石投資,TWSE,17000.0
6435.TWO,277.0,485,0.11244979919678721,0.13991769547325106,0.1306122448979592,-0.26732808972420563,0.7440289720516848,1.7870266079430421,0.12089023773394025,0.06093532922121492,0.06856051501700167,95859546.0,1.7339247913282785,0.5682279559328727,-0.26732808972420563,-0.26732808972420563,-0.32315069428846954,0.07979673797229742,0.2197216081393611,0.4051723061944317,-0.43213077655658627,82.06377858002406,81.34777376654633,86.84717208182911,5.535499398315283,0.0,71.56558363417568,True,True,True,False,True,True,False,True,5,6435,大中,TPEx,277000.0
2409.TW,40.45000076293945,485,0.16570604822986512,0.37585038393825587,0.5321970207358422,0.39241676519041135,1.285884126985838,2.047845502647784,0.2617952325250601,0.45059190582103814,0.5970236254049703,18177524370.555443,1.5022962851879988,3.7228778451072144,0.049286681283571054,0.049286681283571054,0.049286681283571054,0.032656793045904575,0.4013914323390384,0.7417836935771592,-0.281973441418208,95.46931407942239,77.37665463297232,73.70637785800241,98.07460890493381,13.533379584143686,71.45819682981539,True,True,False,True,True,True,True,False,6,2409,友達,TWSE,40450.00076293945
2444.TW,16.5,485,0.10367894384682619,0.4163090592514189,0.5207372737220983,0.3043478654204921,0.3524590375377943,0.3253012251229839,0.26874278937336804,0.3975155305842526,0.32583367355848836,26710028.42737341,2.9090370903712732,11.242168828423015,0.03773587395376232,0.03773587395376232,0.03773587395376232,-0.026505374583698393,0.41928798524860095,0.7610909237009159,-0.1532257804017153,92.38868832731649,91.69675090252709,43.910950661853185,96.75090252707581,9.475804580273442,71.24020023320429,True,True,False,True,True,False,True,False,5,2444,兆勁,TWSE,16500.0
5434.TW,583.0,485,0.07564575645756455,0.08566108007448792,0.08971962616822426,0.1737085515557959,0.49541334674297044,1.0565150924545317,0.07863089731729889,0.09657749105360014,0.19761730893652718,310234440.7,1.2248718293195575,0.7261661195052047,-0.021812080536912748,-0.021812080536912748,-0.021812080536912748,0.053215849915508484,0.03181677564962563,0.23678309516995216,-0.20218120805369133,71.48014440433214,69.55475330926595,66.46811070998797,81.2274368231047,0.0,71.11161251504213,False,True,True,True,True,True,False,False,5,5434,崇越,TWSE,583000.0
3060.TW,28.899999618530273,485,0.09885933296172666,0.10727966268722611,0.08037381751515049,-0.1882022231113658,-0.011484376095832749,0.24731156152231715,0.08077784044938907,0.022074198691757196,-0.026734749624713783,25653111.11350746,2.1907932987120162,1.1541409460263252,-0.22207272055161653,-0.22207272055161653,-0.3022243002911773,0.07876587858293904,0.14310789188560574,0.3387883987446069,-0.31628536809516716,76.31167268351385,86.16125150421179,83.2430806257521,9.987966305655837,0.0,71.05084235860409,True,True,True,False,True,True,False,True,5,3060,銘異,TWSE,28899.999618530273
3219.TWO,128.5,485,0.22966507177033502,0.5575757575757576,0.4214601529980524,0.7285699785575346,1.0858261425988984,0.40169304176445975,0.28977215303013915,0.5979727834400184,0.6710370619735,169650760.0383877,1.8787352713647005,2.2217513341083075,-0.02281368821292773,-0.02281368821292773,-0.02281368821292773,0.12430003352082192,0.1786034934788742,0.8076594567020605,-0.29413940783517534,97.71961492178099,83.27316486161251,91.07099879663056,80.50541516245488,18.202860774921653,70.93853513362225,True,False,False,True,True,True,False,False,4,3219,倚強科,TPEx,128500.0
6263.TWO,169.5,485,0.07961783439490455,0.08653846153846145,-0.020231213872832332,0.002958579881656709,0.34685472162317765,0.22145787615790447,0.061365059486537366,0.06816510870706849,0.07518177150373395,22170619.2,1.4533305163067254,1.0854965896336375,-0.020231213872832332,-0.020231213872832332,-0.060416962708836564,0.08467563786311263,-0.0212174071667179,0.34388536264062175,-0.1586826347305389,63.50782190132371,75.81227436823104,66.90734055354994,82.5511432009627,0.0,70.90553549939833,False,True,True,True,True,True,False,False,5,6263,普萊德,TPEx,169500.0
1711.TW,43.0,485,0.10539841422354446,0.09554140127388533,-0.009216624696208542,-0.004629647208502563,0.01057581130453955,1.2513088555598864,0.07972379158819831,0.10021321603669042,-0.026102713452847426,143104630.2117079,1.1899489181424607,0.5898536002708613,-0.027149338059415218,-0.027149338059415218,-0.30645161290322576,0.10770257039759659,-0.007673408960041021,0.4165136598284987,-0.3348519419589052,68.86883273164861,67.62936221419976,72.75571600481348,78.33935018050542,0.0,70.8892900120337,False,True,True,True,True,True,False,False,5,1711,永光,TWSE,43000.0
2061.TWO,67.80000305175781,485,0.21505383474498774,0.3063584018962058,0.21071434020996094,-0.18313249335231552,3.1215805414736417,2.930434959522192,0.27144871198759724,0.23240989129686218,0.48772578591989824,125017794.69241123,1.6778355428913732,0.977752255855243,-0.18313249335231552,-0.18313249335231552,-0.18313249335231552,0.1623752496924975,0.27175850466073276,0.8124180112993906,-0.3701472401711027,93.32731648616124,80.50541516245488,95.62575210589651,15.764139590854393,7.604306779599019,70.81657168008812,True,False,True,False,True,True,False,False,4,2061,風青,TPEx,67800.00305175781
3169.TWO,115.0,485,0.03603603603603611,0.13861386138613851,0.045454545454545414,0.05990783410138256,0.30007016436228273,0.1962221889261071,0.08031939877876937,0.11443107211421011,0.09361790885954524,36846525.9,1.9481675339791324,1.5982230137793432,-0.017094017094017144,-0.017094017094017144,-0.03815952854931082,0.02467239967239976,0.025485267420751228,0.34821653570622935,-0.12803735465646904,64.87364620938628,83.99518652226233,53.53188929001204,84.83754512635379,0.0,70.76925391095065,True,True,True,True,True,True,False,True,6,3169,亞信,TPEx,115000.0
6509.TWO,49.900001525878906,485,0.054968336802449835,0.09190373507270166,0.06737971178350599,-0.04812126544921724,0.10950168215088008,0.5681405197346638,0.06532881226554177,0.07294083849750521,0.08105703408805165,35544496.284627914,1.729707701352821,0.8627885608758296,-0.04812126544921724,-0.04812126544921724,-0.10275081488846727,0.03812340885657334,0.08342013359991174,0.18428897121447377,-0.18582374393350087,66.60048134777378,81.2274368231047,65.40312876052948,66.90734055354994,0.0,70.7352587244284,True,True,True,True,True,True,False,True,6,6509,聚和,TPEx,49900.001525878906
6202.TW,63.20000076293945,485,0.07118645360914333,0.15963304152182478,0.08034189338358044,-0.0605754840240289,0.2649676182052709,0.5066240528752941,0.10248583973727787,0.082528226993962,0.08065853954383573,77837060.66672173,2.0466316397483912,0.7519158829914403,-0.12850118414417744,-0.12850118414417744,-0.1332311643962827,0.05110098026324822,0.10053372139159007,0.3581093830992125,-0.3854024496334997,75.39109506618533,84.83754512635379,72.46690734055355,29.602888086642597,0.0,70.62575210589651,True,True,True,False,True,True,False,True,5,6202,盛群,TWSE,63200.00076293945
3021.TW,28.200000762939453,485,0.15102043930365117,0.040590419409066714,0.4029850859573689,0.044444472701461235,0.750780602409068,0.6606978202566216,0.098451674604356,0.23724912753496974,0.21891277010366994,31259560.597711276,1.999162814164837,10.687558290688596,-0.04729728380026321,-0.04729728380026321,-0.2949999809265137,0.050274167814308934,0.3881702617235485,0.9212174961502709,-0.27924526862378385,76.32972322503008,84.23586040914562,80.49939831528279,67.62936221419976,7.8361131528000065,70.60281584840337,True,True,False,True,True,True,False,False,5,3021,鴻名,TWSE,28200.000762939453
3490.TWO,50.70000076293945,485,0.1483578484866237,0.1316964648740031,0.10097723350528609,0.577959806770076,0.7951354664874057,1.1511643311417377,0.1335308484128126,0.3044948103217484,0.41254277127708194,219676685.01486206,2.0021016940859555,0.8071368237557539,-0.07142853150499873,-0.07142853150499873,-0.07142853150499873,0.12311354011030218,-0.09167603541807257,0.6197802074871683,-0.25183150886931116,82.05174488567991,84.35619735258724,64.56077015643802,52.34657039711191,3.438024980481036,70.47653578967541,True,True,True,False,True,True,False,True,5,3490,單井,TPEx,50700.00076293945
3537.TWO,56.79999923706055,485,0.07372396216801147,0.07984792556611642,0.04220182086349622,-0.1164582826233781,0.275273879622294,0.5453318247183698,0.05940500377643643,0.041750338656967534,-0.01883715650965745,20874497.681515694,2.863643945536826,0.44727975896865596,-0.13709573291273514,-0.13709573291273514,-0.34030197161812015,0.06317350695213741,0.08102124840462224,0.483138435876066,-0.31332263988413156,67.56317689530687,91.57641395908543,74.42839951865223,25.75210589651023,0.0,70.21179302045728,True,True,True,False,True,True,False,True,5,3537,堡達,TPEx,56799.99923706055
4739.TW,88.69999694824219,485,0.10736577575466,0.1371794480543871,0.03864163188993941,-0.19363639137961652,0.01044146996331552,0.40603884743158236,0.09256633037797068,0.05643444828364408,-0.05436407449791758,106078037.1575779,1.597982999158855,0.7930011095272594,-0.19363639137961652,-0.19363639137961652,-0.31212257546597344,0.09770536778217515,0.10318709568314492,0.4382853577668431,-0.30202021743312024,77.01564380264742,79.18170878459688,84.06738868832731,14.921780986762936,0.0,70.11432009626955,True,True,True,False,True,True,False,True,5,4739,康普,TWSE,88699.99694824219
8215.TW,29.700000762939453,485,0.06642730183589673,0.14893618277195664,0.12927762830836165,0.053202956747153474,0.1745681122001972,0.2100178277553797,0.10573346337341882,0.16702085434444514,0.10731343845209351,72562844.68773298,0.9908782759031344,4.713222674322973,-0.011647204093417796,-0.011647204093417796,-0.07763974971321652,0.03410789475880632,0.11154330939264383,0.5678995922900156,-0.223690246605033,75.661853188929,58.24308062575211,66.71480144404332,86.76293622141998,0.0,69.86462093862815,False,True,True,True,True,True,False,False,5,8215,明基材,TWSE,29700.000762939453
4912.TW,106.0,485,0.07723575565313712,0.16611659208632878,0.03764524916319245,0.20087038182276284,0.23655383414823095,0.43279686075731094,0.09404319240857228,0.1643678756920537,0.15914672869214241,61255121.36653557,1.076904703484707,0.9431807806241012,-0.009345794392523366,-0.009345794392523366,-0.062369658574469855,0.067824443362339,-0.0293115447777285,0.5008581273470635,-0.14149542278330207,74.31407942238268,62.8158844765343,62.32250300842359,87.60529482551144,0.0,69.8604091456077,False,True,True,True,True,True,False,False,5,4912,聯德控股-KY,TWSE,106000.0
1569.TWO,66.5,485,0.0505529352528955,0.3116370611301842,0.38830893281020207,0.3941299567371752,0.19819819819819817,0.057233678645300934,0.1985221305123892,0.3983563243684234,0.3323427066585285,217616144.8932312,2.263700212083354,9.142268471685991,0.023076923076922995,0.023076923076922995,0.023076923076922995,-0.046524297949655014,0.25693228056447703,0.6190721271378657,-0.23219813875844952,81.99759326113116,86.76293622141998,37.90613718411552,95.18652226233453,4.840812648357073,69.54185883178732,True,True,False,True,True,False,True,False,5,1569,濱川,TPEx,66500.0
6278.TW,217.0,485,0.038277511961722466,0.18579234972677594,0.08771929824561409,0.11605395960524212,0.9579893084646656,1.135988323139511,0.09264853977844911,0.19906064373532262,0.1688324338180578,1073306385.475,1.410524188696041,0.7070281001264472,-0.004587155963302725,-0.004587155963302725,-0.09447954091419197,0.016347687400318944,0.04903464504386671,0.5442149031965277,-0.3458646616541353,69.91576413959085,74.72924187725631,51.08303249097473,88.92900120336944,0.0,69.50361010830325,False,True,True,True,True,True,False,False,5,6278,台表科,TWSE,217000.0
6742.TW,57.70000076293945,485,0.045289854446496136,0.23819748180855949,0.2529859222343507,-0.008591065179476609,0.3608490256237884,0.0017361508935331837,0.15846008038141313,0.23154638168746322,0.1492402411682141,66491275.458102606,1.32444953475138,3.6159384269446178,-0.008591065179476609,-0.008591065179476609,-0.18617772184562476,-0.017956626112091534,0.25584961062750955,0.5768883143594195,-0.3070175438596491,78.32129963898917,72.20216606498195,44.93983152827918,87.96630565583634,0.10450727820227379,69.4824361634343,False,True,True,True,True,False,False,False,4,6742,澤米,TWSE,57700.00076293945
6239.TW,308.0,485,0.07504363001745196,0.12204007285974505,0.1079136690647482,-0.012372180184411885,0.4373714667234825,1.1659699860213188,0.09103790294013447,0.11140559014624296,0.10665887613647751,3590702112.475,0.9047376443518244,0.8486276824598534,-0.018544827046326318,-0.018544827046326318,-0.17133070448365406,0.04806521275126491,0.11203772912621883,0.3520404666151088,-0.31648657597869156,74.92779783393502,53.549939831528285,72.7797833935018,83.63417569193743,0.0,69.28339350180505,False,True,True,True,True,True,False,False,5,6239,力成,TWSE,308000.0
6799.TW,91.69999694824219,485,0.044419063336311515,0.16964279545291983,0.12377449341894575,-0.07342393131899516,0.2147911943748464,0.06671282849030602,0.1009724771307774,0.11450747918283732,0.05137257870948986,20713484.529779814,2.0961548051373016,0.8299349483398104,-0.07342393131899516,-0.07342393131899516,-0.15236993006504773,0.013475439981575077,0.14824913719194413,0.3170850039856185,-0.27484788482207245,72.27436823104694,85.43922984356198,56.985559566787,51.26353790613718,0.0,69.25,True,True,True,False,True,True,False,True,5,6799,來頡,TWSE,91699.99694824219
3592.TW,239.0,485,0.0717488789237668,0.07415730337078652,0.05518763796909498,-0.12773722627737227,0.09597302733337032,-0.11862310068844062,0.06198622528327036,0.0303944815693038,-0.006065730800146829,83567970.4,2.2325629966095115,0.8450724153877012,-0.12773722627737227,-0.12773722627737227,-0.13248638838475502,0.057951969431493056,0.09776671339488574,0.2745546246024442,-0.1981651376146789,67.1179302045728,86.64259927797833,74.31407942238266,29.96389891696751,0.0,69.20126353790613,True,True,True,False,True,True,False,True,5,3592,瑞鼎,TWSE,239000.0
3311.TW,49.650001525878906,485,0.3528610488754178,0.3031496985387807,0.5324073823336668,0.32400004069010424,0.5148787021587236,0.4412989691109801,0.35111235718037803,0.4459059769850666,0.43986272758109046,59521443.42573671,4.040872286920458,9.636180917359562,0.09966777071803001,0.09966777071803001,0.09966777071803001,0.2197592032920011,0.4244073687702987,0.6927121143500947,-0.14789685430837207,97.31046931407943,95.66787003610109,98.94103489771359,99.87966305655837,28.51314229171176,69.09756769625454,True,False,False,True,True,True,True,False,5,3311,閎暉,TWSE,49650.001525878906
8050.TWO,62.20000076293945,485,0.048903904944175736,0.08173914370329483,0.10283686312311957,0.07684318098785003,0.5763823932818286,0.26513204065869234,0.060890350478876254,0.061432558411550264,0.15318493198032268,99271633.71191216,3.714842937858331,0.43142343631413,-0.09855071358058765,-0.09855071358058765,-0.09855071358058765,0.023194689163395843,0.07722246946050289,0.40595681711759174,-0.21449274256609485,66.25150421179302,94.70517448856799,58.24909747292418,40.794223826714806,0.0,68.96841155234657,True,True,True,False,True,True,False,True,5,8050,廣積,TPEx,62200.00076293945
4923.TWO,66.5999984741211,485,-0.00149922756666232,0.23562145804661183,0.26375706850001834,0.0015037364529488784,0.8499999576144748,1.065116231755693,0.15175095017380302,0.26744478836396923,0.3687743798841512,91048556.2204483,3.220164577766182,3.7366257782199215,-0.00149922756666232,-0.00149922756666232,-0.00149922756666232,-0.0674384946916669,0.26325582301570205,0.7444578675108088,-0.41785151787890773,62.75571600481348,93.38146811070999,35.93261131167268,90.37304452466908,0.481497397500642,68.89876734377492,True,True,True,True,True,False,False,True,5,4923,力士,TPEx,66599.9984741211
3543.TW,51.0,485,0.10869565217391308,0.1971831414731573,0.04830418089238986,0.6776315999988707,0.1425736036821903,0.614506101127867,0.12427666023698003,0.28582234254603356,0.3604875620174772,97104891.5151289,1.6521994662091153,0.5181538815354165,-0.06422018348623848,-0.06422018348623848,-0.06422018348623848,0.09661960695081562,-0.1775730191072337,0.5333988679459193,-0.22935779816513757,80.93261131167269,80.02406738868832,59.097472924187734,56.678700361010826,2.66447399998306,68.8987028953238,True,True,True,False,True,True,False,True,5,3543,州巧,TWSE,51000.0
6499.TWO,79.80000305175781,485,0.08867666752224124,0.09315072673640845,0.06400004069010423,0.12871296317279235,-0.06447830953373757,-0.2004007954752035,0.08482876061879918,0.18082277510872213,0.07715328109814257,20376835.574839782,0.8684950549154679,0.6066958522136857,0.008849615564350932,0.008849615564350932,-0.15911483910780944,0.07267665734971518,0.021095719632506782,0.3120841579261321,-0.21408451778787962,73.05054151624549,50.90252707581227,70.65583634175691,93.38146811070999,0.0,68.85709987966305,False,True,True,True,True,True,True,False,6,6499,益安,TPEx,79800.00305175781
3535.TW,92.9000015258789,485,0.0802325758823128,0.0878220124823681,0.04971753136586332,-0.11523808070591512,-0.288122593671426,0.23046359636925695,0.06092618008660078,0.05035051035413418,-0.12989859896738842,81028095.76102981,1.5369667651338197,1.8522385533698722,-0.11523808070591512,-0.11523808070591512,-0.3615120170042687,0.06780319304084698,0.0881302249345017,0.4246571049455827,-0.3291866174725254,70.38507821901324,77.9783393501805,76.82310469314079,33.99518652226233,0.0,68.81407942238266,True,True,True,False,True,True,False,True,5,3535,晶彩科,TWSE,92900.0015258789
2404.TW,1285.0,485,0.028000000000000025,0.24154589371980673,0.25365853658536586,0.10523765551512732,0.4230527015975669,0.3505958971687668,0.1414612480568509,0.14648233420079326,0.1576131932136966,2057015593.0,1.7369290190632145,1.389966705801078,-0.01532567049808431,-0.01532567049808431,-0.04239343421203445,-0.03541463414634144,0.2185793180803234,0.6006597703790938,-0.19599999999999995,73.13477737665463,81.46811070998797,38.97111913357401,85.31889290012033,0.128048780487805,68.79343136391653,True,True,True,True,True,False,False,True,5,2404,漢唐,TWSE,1285000.0
5328.TWO,59.099998474121094,485,0.13218386226692247,0.12144208004798274,-0.03327009608762521,-0.17195147853762605,1.2019958617109912,3.2467063801769696,0.06782529269604343,-0.02785635032097178,0.16170967142891723,269016631.34807074,2.2321559819653185,0.42207106190329147,-0.17195147853762605,-0.17195147853762605,-0.27847226064418873,0.14050138628882877,0.024047063424916804,0.5138705934911422,-0.26512935012328576,70.35499398315284,86.5222623345367,79.80144404332131,17.56919374247894,0.9747089813537979,68.67420798615522,True,True,True,False,True,True,False,True,5,5328,華容,TPEx,59099.998474121094
6213.TW,683.0,485,0.26247689463955637,0.2418181818181817,0.27425373134328357,0.735705209656925,2.376163761986844,5.204841571760728,0.24453352769679304,0.5004393673110721,0.8509443508250998,9626113124.85,1.2163500681766655,0.9641915965536267,0.06386292834890961,0.06386292834890961,0.06386292834890961,0.19391346180373548,0.029018661457641898,0.6925687380741626,-0.3779220779220779,94.04332129963899,68.95306859205776,82.3164861612515,98.55595667870037,15.78261031303331,68.47882169659366,False,False,False,True,True,True,True,False,4,6213,聯茂,TWSE,683000.0
1303.TW,260.0,485,0.1428571428571428,0.1607142857142858,0.09473684210526323,0.4285714285714286,2.0484865323934436,5.9298481069904625,0.09855286785676554,0.25417051895324994,0.6363285051383838,15950227054.725,0.8350175835554464,0.6373766657721388,0.017612524461839474,0.017612524461839474,0.017612524461839474,0.11917293233082699,-0.04812030075187965,0.5262652080258865,-0.378021978021978,83.16486161251504,47.65342960288809,67.33453670276774,94.46450060168472,1.8285714285714239,68.42022520199416,False,True,True,True,True,True,True,False,6,1303,南亞,TWSE,260000.0
8147.TWO,143.5,485,0.043636363636363695,0.09961685823754785,0.13888888888888884,-0.049684623235416,-0.03400284876434567,0.2562109496836569,0.049168342167793755,0.10505037540909967,-0.0010715018761933148,48075891.75,3.1858846471516777,2.163681320751861,-0.09463722397476337,-0.09463722397476337,-0.23176603327472445,0.008914141414141485,0.15545042996736083,0.6368195894170389,-0.2861952861952862,67.86401925391095,93.02045728038509,55.09025270758123,41.87725631768953,0.0,68.31949458483756,True,True,True,False,True,True,False,True,5,8147,正淩,TPEx,143500.0
2030.TW,38.400001525878906,485,0.388788501108849,0.691629966311351,0.6991150830848647,1.1633803676551495,1.4356697046411768,1.8489422382170835,0.4297682586888676,0.7494970122008993,0.9536484468999764,318104706.6156594,5.887610504061753,2.6138698721948734,0.01992031791776916,0.01992031791776916,0.01992031791776916,0.21400973033763282,0.3113216271998149,0.6945129561864507,-0.0672268287987855,99.56077015643802,98.31528279181708,97.82791817087845,94.70517448856799,30.0,68.02557160048134,True,False,False,True,True,True,True,False,5,2030,彰源,TWSE,38400.001525878906
5234.TW,312.0,485,0.055837563451776706,0.10442477876106193,0.05050505050505061,-0.17894736842105263,-0.21999999999999997,-0.1651034088971438,0.05512343591477853,-0.011693899638360206,-0.14083117240746257,89796418.75,3.0808531076137635,1.434419001351922,-0.1800262812089356,-0.1800262812089356,-0.3246753246753247,0.043211300825514054,0.11015417331206814,0.48618711298008543,-0.2575558475689882,67.22623345367029,92.29843561973526,70.68592057761732,16.48616125150421,0.0,68.00180505415162,True,True,True,False,True,True,False,True,5,5234,達興材料,TWSE,312000.0
2402.TW,59.099998474121094,485,0.10261194321965306,0.08440364172699244,-0.003372694190769243,-0.06508856600560253,-0.0900565452371882,0.13574424786416261,0.06794360177535363,0.06026198316419196,-0.02851759975368462,73457807.1307312,1.1717450480367682,0.6587982094193057,-0.06508856600560253,-0.06508856600560253,-0.2106796688307957,0.10345511676734537,0.018323494477764934,0.3160796084480041,-0.22008669685238302,68.12876052948256,66.78700361010831,75.87244283995187,55.95667870036101,0.0,67.83634175691938,False,True,True,False,True,True,False,False,4,2402,毅嘉,TWSE,59099.998474121094
4749.TWO,785.0,485,0.08126721763085398,0.09636871508379885,-0.0025412960609910717,-0.10490307867730897,-0.13835861893949042,-0.06290128253029714,0.050167224080267525,0.01412453707690986,-0.1088925492042262,515262081.75,1.5056166721197464,1.3104226301372501,-0.10490307867730897,-0.10490307867730897,-0.3260864826617169,0.08190254164610175,0.03242639683144525,0.3743436281995327,-0.233256351039261,66.9193742478941,77.6173285198556,74.68712394705175,38.1468110709988,0.0,67.75481347773766,True,True,True,False,True,True,False,True,5,4749,新應材,TPEx,785000.0
1301.TW,68.30000305175781,485,0.08240894934045628,0.09455130419238889,0.022455088794498534,0.17758625951306573,0.3414010226884845,0.8435296967959669,0.04915520510291427,0.11228733216578246,0.2278324262139817,1687132894.582807,0.9899533923311451,0.8033682447517897,0.0029369248475492604,0.0029369248475492604,0.0029369248475492604,0.07679517714183165,-0.03674033104319004,0.3440445951526779,-0.18731115230830686,69.11552346570397,58.12274368231047,62.86401925391095,91.69675090252709,0.0,67.64199759326112,False,True,True,True,True,True,True,False,6,1301,台塑,TWSE,68300.00305175781
5465.TWO,33.099998474121094,485,0.03276128742762641,0.3706003725450784,0.33467739888706194,0.39396748847666974,0.37197195929415816,0.006642334064332234,0.19118303918384982,0.34539606496158015,0.3521718440535442,31411561.72255821,3.3403292962812907,11.642088064543797,-0.04610957503283997,-0.04610957503283997,-0.04610957503283997,-0.05090806229413908,0.20335490272817203,0.6356402874479693,-0.11383379103631897,77.61732851985559,93.86281588447653,35.76413959085439,67.99037304452466,2.9637089610471676,67.61992521464475,True,True,True,True,True,False,False,True,5,5465,富驊,TPEx,33099.998474121094
3717.TW,26.450000762939453,276,0.015355145397080605,0.20501138239584193,0.18344520409355414,-0.03242070896368521,0.19269836366063342,0.30033212934102993,0.11415335716879049,0.1455936068501642,0.15650892670777217,220479107.2353552,3.2993363495810843,4.206717443707726,-0.050269285434616284,-0.050269285434616284,-0.09176118551752821,-0.03050615562630793,0.19425210708144922,0.5923281454050494,-0.19612094343255249,66.47412755716005,93.50180505415162,38.910950661853185,65.94464500601684,0.0,67.61221419975932,True,True,True,False,True,False,False,False,4,3717,聯嘉投控,TWSE,26450.000762939453
3290.TWO,50.29999923706055,485,0.09945353523629619,0.06907545276727722,0.032854177598672374,-0.2537092270280238,0.09701310374709404,0.28167251603980836,0.06981442498607371,-0.04926916239078749,-0.05326164034766767,33673075.578773305,1.8813557204649531,1.2395040117964078,-0.2646199106000061,-0.2646199106000061,-0.27917167278224575,0.0912399908366281,0.11742391994134697,0.4705455574909384,-0.3377193241739702,68.89290012033695,83.39350180505414,83.91095066185318,5.896510228640193,0.0,67.54813477737665,True,True,True,False,True,True,False,True,5,3290,東浦,TPEx,50299.99923706055
3066.TWO,29.0,485,0.06422018348623859,0.12621359223300965,0.12403104099099327,0.0,0.47959180793778144,0.8649517456134201,0.0989011004895699,0.1901504741381015,0.2731862542821182,53650821.47672491,0.9743736035592516,1.5710235622964248,-0.03010032207400115,-0.03010032207400115,-0.039735123596819855,0.033212423238490274,0.12403104099099327,0.6313848679342455,-0.3069852995315636,73.45667870036101,56.79903730445247,67.36462093862816,77.01564380264742,0.0,67.47021660649818,False,True,True,True,True,True,False,False,5,3066,李洲,TPEx,29000.0
6257.TW,257.5,485,0.04251012145748989,0.22619047619047628,0.19212962962962954,0.053169734151329306,0.4572245455542421,1.9556134828217595,0.12617537721408256,0.19038446721627245,0.20487124250169253,2911461156.15,1.0800538635916719,1.860031357401312,0.003898635477582957,0.003898635477582957,-0.04186155311869422,-0.005522285949917494,0.17440638491251978,0.5421918038066628,-0.29038854805725967,75.60168471720819,63.05655836341757,48.026474127557165,92.05776173285199,0.0,67.41275571600481,False,True,True,True,True,False,True,False,5,6257,矽格,TWSE,257500.0
4577.TWO,92.0,485,0.08747046878662235,0.09785198865896927,0.03603600043095767,0.0722610341225991,-0.34285714285714286,1.3203025588776613,0.058749059385961644,0.15088713686306954,-0.08999488997910521,51944172.014881134,0.8493151960960247,0.9870233545504845,-0.004329020771356551,-0.004329020771356551,-0.4917127071823204,0.07846146867888293,0.01194898905675797,0.47727459240682246,-0.25445895480921754,71.5523465703971,49.338146811071,70.7942238267148,89.04933814681108,0.0,67.32310469314079,False,True,True,True,True,True,False,False,5,4577,達航科技,TPEx,92000.0
4958.TW,561.0,485,0.18604651162790709,0.13677811550151975,0.10650887573964507,-0.0070796460176991705,1.1935328132634,2.303126981872362,0.14279894072112453,0.14140386571719232,0.16046580006028766,14786954406.425,1.251086112711804,0.8432984535490704,-0.13157894736842102,-0.13157894736842102,-0.13157894736842102,0.15941929269299582,0.10886875774554479,0.6530183483854081,-0.4179566563467493,83.7785800240674,70.03610108303249,88.85679903730446,28.279181708784595,5.283720930232567,67.3167604175412,False,True,True,False,True,True,False,False,4,4958,臻鼎-KY,TWSE,561000.0
2327.TW,626.0,485,0.0924956369982548,0.16791044776119413,0.1592592592592592,-0.29741863075196406,1.0774026309675744,3.041613345651596,0.1166607206564394,0.041351872132193046,-0.007824192565059396,22494275859.8,1.3971804894320083,0.8632292694272135,-0.3044444444444444,-0.3044444444444444,-0.4508771929824561,0.05268082218344,0.25839880284324723,0.6814192215458672,-0.49277777777777776,81.86522262334535,73.88688327316486,79.87364620938628,3.369434416365824,0.0,67.1994584837545,False,True,True,False,True,True,False,False,4,2327,國巨*,TWSE,626000.0
8086.TWO,120.0,485,0.10091743119266061,0.11627906976744184,0.02564102564102555,-0.12422190716974046,-0.12106029969461884,0.1066649930400021,0.0847457627118644,0.0422475803907838,-0.09334351179587697,297621732.95,1.2051410191320513,0.5496207369129897,-0.12422190716974046,-0.12422190716974046,-0.31992652668941957,0.09450717478240422,0.06704832803093905,0.3764744278364326,-0.24264708141963565,73.4115523465704,68.71239470517449,79.71720818291216,30.685920577617328,0.0,67.1693742478941,False,True,True,False,True,True,False,False,4,8086,宏捷科,TPEx,120000.0
5243.TW,93.9000015258789,485,0.07314287458147328,0.06221719349620014,0.04862327767530483,-0.025671893651865396,-0.1876487929737738,0.3830980271318536,0.053309362724977216,0.07458426429161125,-0.04253664576114158,80874367.45965043,1.038348355465464,0.9486186104119693,-0.02764017618937431,-0.02764017618937431,-0.2869361104271375,0.060987055162647075,0.05718057555925996,0.3899801334902678,-0.27373733726764893,65.04813477737665,60.168471720818296,71.35379061371842,78.09867629362213,0.0,67.11823104693141,False,True,True,True,True,True,False,False,5,5243,乙盛-KY,TWSE,93900.0015258789
6187.TWO,1355.0,485,0.12448132780082988,0.11065573770491799,0.011194029850746245,0.4368835971486944,0.3194459880683387,2.7959166784361185,0.06525157232704393,0.15410328503148873,0.1831492782038282,2621199782.25,1.1634491181078133,0.5272138607897244,-0.05244755244755239,-0.05244755244755239,-0.05244755244755239,0.12168282033814332,-0.1344338358654852,0.5537484752016592,-0.2175926106102004,73.69434416365824,66.54632972322503,62.478941034897716,64.62093862815884,0.35850622406639054,67.02657199494685,False,True,True,False,True,True,False,False,4,6187,萬潤,TPEx,1355000.0
6488.TWO,1190.0,485,0.2526315789473683,0.27001067235859133,0.23061013443640133,-0.028779798817477054,1.391593183730779,1.6915112099594265,0.23508043591074212,0.165574468348064,0.2889268270140659,10833430235.1,1.5693702656156645,1.1040210001445911,-0.2114845805831087,-0.2114845805831087,-0.2114845805831087,0.194979045338268,0.24020340070889368,0.6406077356616596,-0.4844831963812257,93.91095066185319,78.45968712394705,95.87244283995187,11.793020457280386,10.610526315789466,66.83772879853062,True,False,True,False,True,True,False,False,4,6488,環球晶,TPEx,1190000.0
2401.TW,27.299999237060547,485,0.06225674811762505,0.11885244524052796,0.07058820537492339,-0.1468750238418579,0.2969121247755808,0.12577316441486786,0.0750147374508694,0.02589794300660242,0.00010681944228441154,66887539.65677776,1.8710257790194573,1.0731131064569124,-0.17272729584665014,-0.17272729584665014,-0.21776509904112284,0.0446096967738942,0.11954654665554268,0.3382163552381449,-0.289393916274562,70.46931407942238,82.91215403128761,72.27436823104694,17.448856799037305,0.0,66.70036101083032,True,True,True,False,True,True,False,True,5,2401,凌陽,TWSE,27299.999237060547
2241.TW,43.75,485,0.002290915707340968,0.3001485294541095,0.2681159420289856,0.005747126436781658,0.5541740885566737,0.6385767322046878,0.1615558222304483,0.22289255328919544,0.20141424185003398,85116068.75783062,4.5462572574045135,3.4070363321161783,-0.052004365038494926,-0.052004365038494926,-0.15213175787317312,-0.06473806979990543,0.26620023321672504,0.5864921280549964,-0.29103608330517095,65.43922984356198,96.028880866426,36.29362214199759,64.98194945848375,0.6340579710144956,66.62707319625385,True,True,True,False,True,False,False,False,4,2241,艾姆勒,TWSE,43750.0
3228.TWO,175.5,485,0.05089820359281427,0.06686930091185417,-0.019553072625698276,-0.02228412256267409,0.30483271375464693,0.11783439490445868,0.022429362073987713,0.09996866186148545,0.0008316502316740859,51940414.25,1.6060579138949742,1.045441402435528,-0.0357142857142857,-0.0357142857142857,-0.31844660194174756,0.05578647174923884,-0.012125031771473577,0.40687852008213926,-0.24783861671469742,55.1022864019254,79.30204572803851,61.215403128760535,73.28519855595668,0.0,66.61793020457282,True,True,True,True,True,True,False,True,6,3228,金麗科,TPEx,175500.0
6672.TW,439.0,485,0.4299674267100977,0.444078947368421,0.6139705882352942,0.434640522875817,2.0213182890004804,3.1161997933909866,0.3878131668379041,0.6062444735799006,0.7682660515150352,2528241528.5,2.6474176764625628,1.6621841224132097,0.08261405672009858,0.08261405672009858,0.08261405672009858,0.27647477965127415,0.46909041394335516,0.7554944769763174,-0.3926174496644296,99.10348977135982,90.25270758122743,99.42238267148014,99.27797833935018,30.0,66.55415162454874,True,False,False,True,True,True,True,False,5,6672,騰輝電子-KY,TWSE,439000.0
4991.TWO,534.0,485,0.19329608938547493,0.24766355140186924,0.007547169811320753,0.10788381742738595,-0.08404802744425388,2.4012738853503186,0.12848689771766697,0.1688951314277376,-0.02488016434603968,1995518541.7,0.9308929213361802,0.8366362881172744,-0.018382352941176516,-0.018382352941176516,-0.38620689655172413,0.19140929693264475,-0.028414102664474562,0.815755831403685,-0.30444203683640303,83.09265944645006,54.993983152827916,73.35740072202167,83.99518652226233,5.863687150837995,66.50093378779016,False,True,True,True,True,True,False,False,5,4991,環宇-KY,TPEx,534000.0
5536.TWO,956.0,485,0.07054871220604708,0.1394517282479142,0.16160388821385174,-0.2412698412698413,0.2741332892545634,0.24832515693621615,0.09388408947880311,-0.006632838612472547,-0.046761146171704904,770825579.05,1.8221415352532704,0.7271718326780696,-0.24426877470355735,-0.24426877470355735,-0.3337979094076655,0.030147740152584146,0.2420271686371322,0.4248783210305143,-0.35415019762845845,76.96149217809868,82.19013237063778,70.14440433212997,7.099879663056559,0.0,66.34657039711192,True,True,True,False,True,True,False,True,5,5536,聖暉*,TPEx,956000.0
3663.TWO,64.80000305175781,485,0.06754534163567305,0.07284770554175712,0.03514384394987169,-0.18181811175945983,-0.13020130131868712,0.2730845011627707,0.05271712664274286,0.011867624990016035,-0.07892394977616846,39330994.291079715,2.2674837859079875,1.5901899094257,-0.18181811175945983,-0.18181811175945983,-0.2933478167034991,0.05875938064820513,0.09574988120302497,0.4418733546632297,-0.3184713375796179,64.32611311672683,86.8832731648616,74.21179302045728,16.125150421179303,0.0,66.33453670276775,True,True,True,False,True,True,False,True,5,3663,鑫科,TPEx,64800.00305175781
1605.TW,38.75,485,0.05729872814980008,0.054421768707483054,0.01439788549936738,0.11190822658930588,0.2441414175188381,0.7357558881398041,0.03422966781625303,0.0731842420679738,0.08818501436292303,646539296.7171504,1.4555009682763655,0.5373151160386906,-0.03125,-0.03125,-0.07927708139478185,0.05369925677495824,-0.02290485669706791,0.26498335523846095,-0.1828571319580078,58.50782190132371,75.93261131167269,58.39951865222624,75.81227436823104,0.0,66.30385078219014,False,True,True,True,True,True,False,False,5,1605,華新,TWSE,38750.0
8064.TWO,141.5,485,0.06390977443609014,0.19409282700421948,0.3540669856459331,0.12749003984063756,0.7173916727279968,2.3778080994997675,0.10181039517227952,0.24195436066052656,0.1825721354636758,1677559035.925,1.4679451373133765,5.865795702895473,-0.027491408934707917,-0.027491408934707917,-0.1736607795262961,-0.024606971975393133,0.3115703056990539,0.9104939153979258,-0.3942029096078181,80.87244283995187,76.53429602888086,43.70637785800241,78.21901323706378,3.6423444976076578,66.23912361310234,False,True,False,True,True,False,False,False,3,8064,東捷,TPEx,141500.0
8255.TWO,153.0,485,0.0851063829787233,0.125,0.04436860068259385,-0.15702479338842978,0.2875403190675683,0.08566116354805953,0.08896797153024916,0.04645198062125955,-0.0010822090579599708,45736483.275,1.2532825562825822,0.8333663950699852,-0.15702479338842978,-0.15702479338842978,-0.27369521299828836,0.07401423280807484,0.0967101984787371,0.23853141227663566,-0.28328611898017,73.61913357400724,70.15643802647413,78.88086642599278,21.299638989169676,0.0,66.04783393501806,False,True,True,False,True,True,False,False,4,8255,朋程,TPEx,153000.0
2498.TW,42.900001525878906,485,0.03001200370240853,0.06716419680838892,0.03001200370240853,-0.04560621139634635,0.0910018173374556,-0.36966105342926137,0.04646911686887778,0.04530044904677588,0.018437128238675937,305949512.3100678,2.2861542978181015,2.0806047904823877,-0.04983388535901501,-0.04983388535901501,-0.14880951930425979,0.022509002776806397,0.04521407416785731,0.254729462152714,-0.16168334008967034,54.458483754512635,87.12394705174489,54.57882069795427,66.18531889290013,0.0,66.04723225030084,True,True,True,True,True,True,False,True,6,2498,宏達電,TWSE,42900.001525878906
4755.TW,122.0,485,0.0608695652173914,0.07488986784140961,0.029535864978903037,-0.08955223880597019,-0.1296944261484232,0.014769277592676655,0.058338755150726396,0.034775233248515613,-0.05972819835067256,23766424.4,1.7676565387036438,1.0925137617429166,-0.11272727272727268,-0.11272727272727268,-0.24730329855156996,0.05348559897266564,0.05938661124755977,0.22069127516866585,-0.2472727272727273,63.09867629362215,81.70878459687124,69.06137184115524,35.018050541516246,0.0,65.96028880866426,True,True,True,False,True,True,False,True,5,4755,三福化,TWSE,122000.0
3430.TWO,113.5,485,0.06572769953051649,0.11274509803921573,0.022522522522522515,-0.11258796993028375,0.4455328096639162,1.1124973294999778,0.06547758742079313,0.0064436034618540194,-0.09752617915134953,31635198.025,2.272036150922792,0.5028507068449845,-0.20629370629370625,-0.20629370629370625,-0.3737337372195,0.060097068899885864,0.0600518458326171,0.42527440115313814,-0.3643356536651825,67.2202166064982,87.00361010830325,71.0589651022864,12.63537906137184,0.0,65.9271961492178,True,True,True,False,True,True,False,True,5,3430,奇鈦科,TPEx,113500.0
2492.TW,361.5,485,0.18137254901960786,0.1756097560975609,0.2337883959044369,-0.23329297306001917,1.672199520202792,3.2957345758446817,0.16144578313253022,0.20369599600432875,0.14189498636472275,9103669280.9,1.1285660520664633,0.8893741236937511,-0.23329297306001917,-0.23329297306001917,-0.4109900557354176,0.12292545004349864,0.31155272025777664,0.8256187555464253,-0.5735767991407089,88.3453670276775,64.74127557160048,94.35018050541515,8.664259927797833,4.9098039215686295,65.90337297373823,False,True,True,False,True,True,False,False,4,2492,華新科,TWSE,361500.0
3037.TW,1305.0,485,0.125,0.3579604578563995,0.341212744090442,0.5121668597914253,1.088933288065713,7.865573862937239,0.2523992322456814,0.33000407664084785,0.39285806767352605,17415737576.95,0.6411525410695363,0.7653300729829317,0.07407407407407418,0.07407407407407418,0.07407407407407418,0.0396968139773895,0.17049045749330025,0.5869105554200289,-0.2649572649572649,92.73164861612516,29.723225030084237,71.985559566787,98.91696750902527,3.7749489400368494,65.79544817187652,False,True,True,True,True,True,True,False,6,3037,欣興,TWSE,1305000.0
2031.TW,46.650001525878906,485,0.028665999900742145,0.07364788738206163,0.03207966235541182,0.22120420403596963,0.20294163011974908,0.16482025132610145,0.03770440674117381,0.0798403196755908,0.15055316552028253,29369545.581130408,1.9327618865365714,0.29297972396261446,0.002148276916377423,0.002148276916377423,0.002148276916377423,0.02064608431188919,-0.041655072323244724,0.1913604531660326,-0.07448105446241793,55.12635379061372,83.8748495788207,41.31167268351384,91.57641395908543,0.0,65.7647412755716,True,True,True,True,True,True,True,True,7,2031,新光鋼,TWSE,46650.001525878906
8091.TWO,237.0,485,0.09722222222222232,0.12322274881516582,0.0748299319727892,-0.14901256732495516,0.33175692690948577,1.0780000294333676,0.10489510489510478,0.0365942557224086,0.029334455578617913,62219426.4,1.1492437682669174,0.9378052616940321,-0.19661016949152543,-0.19661016949152543,-0.19661016949152543,0.07851473922902502,0.12450078774777426,0.41759919967918774,-0.3440677966101695,76.72081829121541,66.30565583634176,82.74368231046931,14.320096269554753,0.0,65.7418772563177,False,True,True,False,True,True,False,False,4,8091,翔名,TPEx,237000.0
7777.TWO,39.20000076293945,476,0.10422537360392825,0.06377211359910118,0.0012771196707999088,-0.04390242041611092,0.6851454895210598,0.5134514849315326,0.06060609110036941,0.01708611073942712,0.07179591521593065,46492638.31384239,1.1374740864412516,0.4998504705187002,-0.07547171339100844,-0.07547171339100844,-0.11711713027551562,0.10390609368622827,0.01591125980950355,0.374247448494989,-0.19736842465502769,65.72202166064982,65.1022864019254,75.57160048134777,50.661853188928994,0.0,65.73947051744885,False,True,True,False,True,True,False,False,4,7777,能率亞洲,TPEx,39200.00076293945
5864.TWO,39.0,485,0.05121298124053131,0.13702626435808152,0.08635092875654693,-0.03345721251977074,0.848816167983844,2.2577653054241806,0.06959204662324314,0.13476552587631407,0.1394667749433578,107565018.4279234,1.0045931285124916,0.9177315867719842,-0.03345721251977074,-0.03345721251977074,-0.1825197217328226,0.029625249051394575,0.09750333292980384,0.3778037798577869,-0.3001261303385315,70.78820697954272,58.844765342960294,63.08664259927798,73.76654632972323,0.0,65.72653429602889,False,True,True,True,True,True,False,False,5,5864,致和證,TPEx,39000.0
6414.TW,401.5,485,0.08075370121130554,0.09251700680272101,0.025542784163473886,-0.006188118811881194,0.44887186273837165,0.39782091966420907,0.05581487081717196,-0.018017283548018903,0.06565697748547206,434254933.65,1.8755245190098695,0.5474875228435242,-0.20178926441351885,-0.20178926441351885,-0.20178926441351885,0.07436800517043707,0.02760549043410095,0.3506568888995731,-0.2693836978131213,68.99518652226234,83.03249097472924,72.20818291215403,13.116726835138387,0.0,65.62785800240674,True,True,True,False,True,True,False,True,5,6414,樺漢,TWSE,401500.0
0053.TW,255.5500030517578,485,0.016305452985786006,0.07667999359690181,0.037345227198315456,0.07532089044811974,0.39835842983178016,1.1029420074209404,0.03784026307117161,0.07387111047260486,0.10156402834508649,28100473.64170151,2.0251531493795487,2.580459659430133,0.008882747622945164,0.008882747622945164,0.008882747622945164,0.0069691461862071424,0.012238263715608877,0.190737384208382,-0.14925996306336164,52.38868832731649,84.71720818291215,41.46811070998797,93.50180505415162,0.0,65.52406738868832,True,True,True,True,True,True,True,True,7,0053,元大電子,TWSE,255550.0030517578
3675.TWO,360.0,485,0.0843373493975903,0.218274111675127,0.3326047759669153,-0.1701506703349448,0.8869958468105172,1.4342245976062986,0.20864532304593575,0.2838337258756063,0.23307267012270239,529606916.97671354,2.170882554407637,1.882830425710714,-0.1701506703349448,-0.1701506703349448,-0.18859177289197893,0.0011861554058614776,0.38932166607856356,0.7315991723291818,-0.5025252300236226,85.60168471720819,86.04091456077015,56.52827918170878,18.050541516245488,2.891167158842035,65.44126364741548,True,True,True,False,True,True,False,True,5,3675,德微,TPEx,360000.0
2527.TW,49.54999923706055,485,0.023760282539800226,0.1509872268337773,0.15366701645826453,0.2417074817998841,0.4127415914084591,1.0150301558723052,0.08674194876957375,0.11765908513458956,0.2425268059598662,30753557.01932926,1.5151146207101052,0.8102690179786941,-0.009000015258789018,-0.009000015258789018,-0.009000015258789018,-0.014656471574765906,0.07309785585830315,0.28818426746125625,-0.19702974732376966,65.78820697954274,77.73766546329723,36.66064981949458,87.84596871239471,0.0,65.39981949458483,True,True,True,True,True,False,False,True,5,2527,宏璟,TWSE,49549.99923706055
1597.TW,148.0,485,0.10861423220973787,0.06859205776173294,-0.0033670033670033517,0.05887120439333171,0.3648753008562442,0.8231790419131848,0.03388054488298975,0.07783321755639494,0.013619453388070246,371863453.8,1.0039782296907684,1.006314895768418,-0.04516129032258065,-0.04516129032258065,-0.3268262300829997,0.10945598305148871,-0.02299073816478059,0.6820438245518289,-0.2571428915758218,66.46811070998797,58.724428399518644,70.20457280385078,68.59205776173285,0.0,65.39771359807462,False,True,True,True,True,True,False,False,5,1597,直得,TWSE,148000.0
3094.TW,70.30000305175781,485,0.2946593745765107,0.5780023401947936,0.7063107220860689,0.6541177188648897,2.0900657233572577,1.7164109408040837,0.39865711650893787,0.6918357046217729,0.885696088312979,834139264.8452454,2.7898173493852894,5.700560434955954,0.038404818622124415,0.038404818622124415,0.038404818622124415,0.11808169405499347,0.4882714824644391,0.9277532606679085,-0.24908426307456022,99.16365824308063,91.0950661853189,94.84957882069796,96.9915764139591,30.0,65.33874849578822,True,False,False,True,True,True,True,False,5,3094,聯傑,TWSE,70300.00305175781
5230.TWO,22.25,485,0.015981752856907727,0.19302951501901577,0.24649857280103804,0.042154548124102575,0.42095021275442446,0.2530906429252697,0.1079298011927261,0.1852969949621408,0.20926249822160914,21334735.952905655,2.090753189125266,10.041950458420299,-0.04710922327618772,-0.04710922327618772,-0.07291666666666663,-0.04564289034335178,0.2324470567596705,0.5911540774806772,-0.18004861279596163,67.05776173285199,85.31889290012033,37.51504211793021,67.7496991576414,0.0,65.25421179302046,True,True,True,True,True,False,False,True,5,5230,雷笛克光學,TPEx,22250.0
3354.TWO,30.100000381469727,485,0.06927178647831411,-0.013114741591156553,0.15547029800474488,0.17808224188943833,0.09057970889299205,0.7053824947320975,0.04659250144455451,0.2417918795654057,0.11619284348529946,67456969.19267273,1.7728780313211467,6.150459278915751,-0.06376364065672113,-0.06376364065672113,-0.1497175399988233,0.030404211977127893,0.09610955070826543,0.9205884573145217,-0.29678639527560213,54.28399518652227,81.82912154031288,63.22503008423586,57.16004813477738,0.0,65.2141997593261,True,True,True,False,True,True,False,True,5,3354,律勝,TPEx,30100.000381469727
1595.TWO,79.30000305175781,485,0.010191121678443382,0.26066405663934744,0.09315113183732815,0.14000045406939954,0.6677123954602133,1.1308420641431227,0.1342196007717258,0.24078936522535366,0.12343841018907509,137992991.73182565,5.163404939796953,6.264387634460011,-0.07033997403680459,-0.07033997403680459,-0.205969811756051,-0.013096661280888655,0.04648431381419497,0.6497140550940127,-0.3591549189163822,64.10950661853188,97.47292418772562,34.95788206979543,52.9482551143201,0.0,65.15643802647412,True,True,True,False,True,False,False,False,4,1595,川寶,TPEx,79300.00305175781
3048.TW,53.70000076293945,485,0.06547617335618727,0.06547617335618727,-0.005555541427047173,-0.09747897877412681,0.3826194483226677,0.34511321079417123,0.04363036139135268,0.004270185160242024,-0.02846350729600655,61444993.61745167,1.8362619483489828,0.3504420321888647,-0.11532125060983311,-0.11532125060983311,-0.274676307329889,0.06686505871294907,0.026937451497661767,0.27268162633422716,-0.2875,59.04332129963898,82.43080625752106,70.24067388688329,33.69434416365824,0.0,65.05655836341757,True,True,True,False,True,True,False,True,5,3048,益登,TWSE,53700.00076293945
6234.TWO,39.95000076293945,485,0.04581151740964895,0.14634153549835927,0.13172809139885167,-0.11866526507948227,0.28745384872696667,0.574674491833765,0.09018968174926356,0.10205045132200241,-0.03912569156368728,32014898.072440147,1.6794493659145282,2.6372024058127135,-0.11866526507948227,-0.11866526507948227,-0.35108173976579926,0.012879494559936033,0.1712831797586791,0.7088421763303132,-0.3434004561755458,71.97954271961493,80.62575210589651,57.599277978339344,32.49097472924188,0.0,65.05505415162455,True,True,True,False,True,True,False,True,5,6234,高僑,TPEx,39950.00076293945
2347.TW,97.0999984741211,485,0.027513211366360757,0.09470126059621431,0.11098394483860563,0.1440822237484134,0.24314293433552447,0.657523912447366,0.06897118755625997,0.09031700449679936,0.12943925434007575,284748893.748542,1.378086001269446,0.934667219075909,0.0,0.0,0.0,-0.00023277484329065068,0.06295653692246783,0.2231620303443369,-0.11431512511382214,61.57039711191336,73.52587244283995,43.23706377858002,90.91456077015644,0.0,64.97533092659447,False,True,True,True,True,False,True,False,5,2347,聯強,TWSE,97099.9984741211
8054.TWO,89.5,485,0.059171597633136175,0.09146341463414642,0.07572119330337213,-0.1094527363184079,-0.09504551446765375,-0.1094527363184079,0.06382978337507317,0.04737953291459229,-0.0728896311901428,79671777.82456169,1.3356038963299148,1.2878217098576799,-0.1094527363184079,-0.1094527363184079,-0.3443223443223443,0.040241299307293144,0.11220543874284142,0.3127483449681751,-0.2363636517765546,67.9783393501805,72.3225030084236,69.7713598074609,36.101083032490976,0.0,64.9482551143201,False,True,True,False,True,True,False,False,4,8054,安國,TPEx,89500.0
4174.TWO,42.0,485,0.2883436185845507,0.5759850131778825,0.6799999999999999,0.4189189006326146,0.11553780339507025,-0.18604648755824627,0.40963248506304994,0.5095695926103843,0.42374892116628615,45642710.21533461,3.3336465763631518,4.949570416738279,-0.02552200726367948,-0.02552200726367948,-0.02552200726367948,0.11834361858455072,0.5403603664557951,0.7537981547589064,-0.1854304715230961,98.96510228640193,93.7424789410349,95.01203369434415,79.06137184115524,28.517489486764056,64.9069990812263,True,False,False,True,True,True,False,False,4,4174,浩鼎,TPEx,42000.0
6139.TW,775.0,485,0.052989130434782705,0.09618104667609617,0.07489597780859913,-0.07753109380448686,0.30960337302078433,1.2630540072092784,0.05896016943362703,0.02429103219646378,0.03032161652167864,1662588548.75,1.4455912263192099,0.8812170554681253,-0.10742115035654365,-0.10742115035654365,-0.16349938637341188,0.03426513598263292,0.10073967574342808,0.400975093758382,-0.2815642146288848,67.35860409145609,75.45126353790613,65.78219013237064,36.8231046931408,0.0,64.81197352587245,False,True,True,False,True,True,False,False,4,6139,亞翔,TWSE,775000.0
7728.TWO,645.0,485,0.09507640067911716,0.015748031496062964,-0.032983508245877036,0.02429249903048869,-0.1959108913241575,1.037691492496101,0.03990326481257567,0.05375025509134068,-0.029701217831282656,40808780.4,1.449338392118741,3.774668411518307,-0.05312498823986478,-0.05312498823986478,-0.22898154118036662,0.10332227774058642,-0.0410810079227066,0.5558698296342381,-0.27180234980492957,52.773766546329725,75.57160048134777,66.70276774969916,64.13959085439231,0.0,64.80024067388689,False,True,True,False,True,True,False,False,4,7728,光焱科技,TPEx,645000.0
4770.TW,278.0,485,0.01090909090909098,0.26077097505668934,0.287037037037037,0.2960372960372961,0.21132897603485845,-0.051661644849706256,0.11657796967567036,0.22197802197802208,0.2202348293646439,326119462.25,2.014438367112123,3.378336781975699,-0.029668411867364797,-0.029668411867364797,-0.029668411867364797,-0.060850168350168266,0.1883579383579383,0.6764556962562349,-0.11823647294589179,68.61612515042117,84.47653429602889,34.08543922984356,77.25631768953069,1.2962962962962943,64.74130899852922,True,True,True,True,True,False,False,True,5,4770,上品,TWSE,278000.0
6693.TWO,206.0,485,0.045685279187817285,0.11956521739130443,0.19075144508670516,-0.15573770491803274,0.3999836362510756,2.5726226979456466,0.09167991520932706,0.12317688218456091,0.15789411186939573,382553149.575,2.59418288615544,1.8909121223256669,-0.15573770491803274,-0.15573770491803274,-0.2531733071343538,-0.002002582083859006,0.24266401339271607,0.6393448089770835,-0.42283298097251587,71.2214199759326,89.65102286401925,52.62936221419976,21.660649819494584,0.0,64.66817087845969,True,True,True,False,True,False,False,False,4,6693,廣閎科,TPEx,206000.0
3563.TW,760.0,485,0.009296148738379806,0.1838006230529594,0.07042253521126751,0.06591865357643756,-0.14878362405995504,0.41741558516953536,0.08215862167165033,0.11483265286164834,0.024941913330031706,610746540.0,3.5900835865264726,1.9618696620270097,-0.058240396530359395,-0.058240396530359395,-0.19147786460404725,-0.008309485064437072,0.048449650685788326,0.5306357141565058,-0.22191400832177532,59.518652226233456,94.46450060168472,37.42478941034898,60.40914560770156,0.0,64.61251504211793,True,True,True,False,True,False,False,False,4,3563,牧德,TWSE,760000.0
2393.TW,65.4000015258789,485,0.05144695697248447,0.036450128484568856,-0.009090885971531737,-0.0005217695063676198,-0.011720509075061947,0.13811542855701364,0.03122046111467558,0.03733423038449524,0.03142242652392335,85805562.76105575,1.3043962965345977,0.5973235191465911,-0.020958105717362896,-0.020958105717362896,-0.04385964814437848,0.053719678465367404,-0.008916962802742531,0.22254959719605433,-0.13802812394458686,51.75090252707581,71.48014440433214,61.04693140794224,82.06979542719614,0.0,64.54151624548737,False,True,True,True,True,True,False,False,5,2393,億光,TWSE,65400.001525878906
2363.TW,62.400001525878906,485,0.05405406624492359,0.2000000293438251,0.2235294416839002,-0.05752557067175723,0.35071203966874664,0.12962050386788548,0.13433924193719937,0.1507194683635582,0.08526618599317448,543192969.408247,1.0709844572929803,2.4116895041650213,-0.05752557067175723,-0.05752557067175723,-0.17022618150725577,-0.0018282941760514593,0.2427046319078193,0.45373033490697184,-0.3170731779080338,77.91817087845969,62.57521058965102,52.827918170878455,61.13116726835138,0.0,64.52466907340553,False,True,True,False,True,False,False,False,3,2363,矽統,TWSE,62400.001525878906
6922.TWO,212.5,485,0.03911980440097795,0.1517615176151761,0.029055690072639306,0.18715083798882692,0.3343441071706432,0.05139883517475097,0.05774016923842695,0.09719891570930672,0.14591756697853575,36388792.975,1.5815479850403822,0.584706000858856,-0.05555555555555558,-0.05555555555555558,-0.05555555555555558,0.03185588188281813,-0.033327922590303004,0.6048878737283488,-0.1645244215938303,65.0661853188929,78.70036101083032,47.79181708784596,62.69554753309266,0.0,64.48225030084237,True,True,True,False,True,True,False,True,5,6922,宸曜,TPEx,212500.0
1313.TW,12.649999618530273,485,0.041152264666530325,0.05857739083162228,0.049792482846327646,-0.04166668171834487,-0.003125040395103973,0.3277835535847742,0.047185405498690436,0.06976741103879647,0.08812057014824504,33026795.85504341,1.3054044525611077,0.8487843716162764,-0.04166668171834487,-0.04166668171834487,-0.11538465385991004,0.028704143954948413,0.0636813767524426,0.2321182743640356,-0.2023346540299752,58.080625752105895,71.72081829121541,59.199759326113124,69.67509025270758,0.0,64.19163658243082,False,True,True,True,True,True,False,False,5,1313,聯成,TWSE,12649.999618530273
2753.TW,185.0,485,0.02777777777777768,0.0393258426966292,0.016483516483516425,0.08519549372342095,0.1084878382916421,0.029884082656705724,0.030497145244394952,0.05646250209582537,0.08405419922286472,21309515.15,1.5868486825473123,0.6766594039875055,0.008174386920980936,0.008174386920980936,0.008174386920980936,0.023656898656898573,-0.011914981424290556,0.11183869998480384,-0.030219780219780223,48.501805054151625,78.82069795427196,47.96028880866426,93.26113116726835,0.0,64.17599277978339,True,True,True,True,True,True,True,True,7,2753,八方雲集,TWSE,185000.0
7795.TW,548.0,441,0.11722731906218153,0.15126050420168058,0.06407766990291264,-0.06643952299829647,0.4571770346770512,1.1349337829049442,0.08353929807217009,0.10916205640264476,0.19904041651895943,654056437.025,0.7401505623855414,0.8484064103725893,-0.07432432432432434,-0.07432432432432434,-0.17717717717717718,0.10120790158645337,0.08622417756901146,0.6240150985416577,-0.43918918918918914,80.21660649819495,39.229843561973524,82.48495788206979,51.143200962695545,0.0,64.12665463297232,False,True,True,False,True,True,False,False,4,7795,長廣,TWSE,548000.0
6443.TW,28.75,485,0.037906108597129284,0.20798323200075908,0.14541830928516308,-0.08730158730158732,-0.20249651571575944,0.8548387096774193,0.12020260806162053,0.0781249974295497,-0.11935879246860515,204919534.48874122,1.4048993336153452,1.9146457700034327,-0.08730158730158732,-0.08730158730158732,-0.33526011560693647,0.0015515312758385136,0.17451883838569218,0.5791305685970017,-0.28800000000000003,73.04452466907341,74.48856799037304,52.178098676293615,45.12635379061371,0.0,64.0734055354994,False,True,True,False,True,True,False,False,4,6443,元晶,TWSE,28750.0
2014.TW,17.100000381469727,485,0.027027073468436136,0.04587155856277603,0.008849534618207366,-0.005813975408954342,-0.07317074935744583,0.10322583106256311,0.018463407657981046,0.004651188955323127,-0.0183931473953165,36832997.604169175,2.3847137074023586,0.81919354741009,-0.04735377968477217,-0.04735377968477217,-0.09283819440769436,0.024814689813884294,0.010787526421192148,0.18899525381655416,-0.09470755936954423,48.40553549939831,87.96630565583634,51.371841155234655,67.50902527075813,0.0,63.88086642599278,True,True,True,True,True,True,False,True,6,2014,中鴻,TWSE,17100.000381469727
3026.TW,835.0,485,0.08723958333333326,0.08160621761658038,0.21720116618075802,-0.12381951731374607,2.9455584549823612,8.496089597105772,0.08646151844382288,0.1954615412147893,0.3539967388910792,7787443928.6,1.1944576843446408,1.1036604844664488,-0.1691542288557214,-0.1691542288557214,-0.1691542288557214,0.032939291788143754,0.25847433861867336,0.8095019278742884,-0.5746268656716418,75.86642599277978,67.87003610108303,72.01564380264742,18.29121540312876,0.0,63.86853188929001,False,True,True,False,True,True,False,False,4,3026,禾伸堂,TWSE,835000.0
6284.TWO,79.80000305175781,485,0.07114098056050766,0.05277044642423978,0.023076962202023266,-0.18663058135808575,-0.046460276828425684,0.1943751850591111,0.04007823597262239,0.012818922416726775,-0.07359786358851939,71841561.44844475,1.6753292516061637,0.8046341282875091,-0.19798991907781094,-0.19798991907781094,-0.344056900704906,0.06537174001000184,0.08528715598805184,0.40172045985430405,-0.3457286585515468,61.51624548736462,80.38507821901324,75.70998796630566,14.199759326113117,0.0,63.62785800240674,True,True,True,False,True,True,False,True,5,6284,佳邦,TPEx,79800.00305175781
2010.TW,22.549999237060547,485,0.02968034839508804,0.043981427722834976,0.004454274865155927,0.06619383658540046,-0.03228525004282923,0.22529057746538728,0.015194130526792415,0.024417911169831497,0.026459728922055614,20675097.753855895,2.1352642799881703,0.6669858891993179,-0.036324803219082824,-0.036324803219082824,-0.036324803219082824,0.02856677967879906,-0.01761033732997756,0.1911191927925885,-0.07905984665079768,48.604091456077015,85.92057761732852,48.88688327316487,72.6835138387485,0.0,63.48164861612515,True,True,True,True,True,True,False,True,6,2010,春源,TWSE,22549.999237060547
2406.TW,31.200000762939453,485,0.043478299698823886,0.1795841158029563,0.11827961252793084,-0.20102429263739974,-0.009523785303509391,0.4149660699534192,0.09975328811827922,0.029476491453911624,-0.038249095638623776,192709158.97495097,1.8991786633688799,1.5419461015830918,-0.20102429263739974,-0.20102429263739974,-0.253588484870664,0.013908396566841175,0.18528771007373074,0.46114512382802597,-0.328571418663124,72.09386281588448,83.51383874849579,59.03128760529482,13.357400722021662,0.0,63.44374247894103,True,True,True,False,True,True,False,True,5,2406,國碩,TWSE,31200.000762939453
5443.TWO,113.5,485,0.070754716981132,0.08095238095238089,0.013392857142857206,0.06572769953051649,-0.013167214698076357,0.054116846791150586,0.0389016018306636,0.0904025360002847,0.03463714054888212,262313535.9,1.0403367894421256,1.100099966870094,-0.054166666666666696,-0.054166666666666696,-0.1567065106164245,0.0674065026954177,-0.008516376033981626,0.44048330122857215,-0.27834098569808463,64.67509025270758,60.28880866425993,65.51143200962696,63.77858002406739,0.0,63.4338146811071,False,True,True,False,True,True,False,False,4,5443,均豪,TPEx,113500.0
3714.TW,70.80000305175781,485,0.048888934100115744,0.10108864216954805,0.141935533092868,0.1437803118980221,0.25587588561876395,0.793660480886047,0.07517087671173162,0.18497033884806768,0.10430929039645953,1192288251.7068257,0.8659195420150175,2.000953838062094,0.012875558029075362,0.012875558029075362,-0.11749260154914087,0.013405050826898746,0.09400876246019396,0.4895008714456992,-0.2849293768994512,69.41034897713598,50.782190132370644,53.080625752105895,93.98315282791818,0.0,63.42539109506619,False,True,True,True,True,True,True,False,6,3714,富采,TWSE,70800.00305175781
6957.TW,377.0,485,0.27580372250423,0.4584139264990328,0.7293577981651376,0.8795451433370558,1.4399065516637624,1.2447140984660452,0.3700372490233488,0.5849820665760346,0.8598188760592584,128362361.375,3.398499935995328,5.453401491119956,-0.01822916666666663,-0.01822916666666663,-0.01822916666666663,0.09346427296294563,0.4361760837194523,0.5811940372454454,-0.17786557091844746,98.73044524669072,93.98315282791818,91.87123947051745,84.11552346570397,30.0,63.39921780986762,True,False,False,True,True,True,False,False,4,6957,裕慶-KY,TWSE,377000.0
6197.TW,339.5,485,0.0726698262243286,0.1508474576271186,0.08293460925039864,-0.07994579945799463,0.9297562464873266,1.1993096277384896,0.09067544775520053,0.0985573682081704,0.17132306558140398,481794799.55,0.8580492393964221,0.9633750701809586,-0.07994579945799463,-0.07994579945799463,-0.0885906040268456,0.051936173911728944,0.10958320906973018,0.3974290027165909,-0.2594142259414226,75.65583634175692,49.81949458483754,73.45968712394706,49.09747292418773,0.0,63.37214199759325,False,True,True,False,True,True,False,False,4,6197,佳必琪,TWSE,339500.0
6491.TW,424.0,485,0.04049079754601226,0.07888040712468203,0.07614213197969533,0.16132418871491327,0.5227152966469126,0.42086970696930814,0.07689377103308148,0.14846324393539612,0.2613959533517296,129969259.075,1.0177535393639474,0.7164895420955759,0.005931198102016699,0.005931198102016699,0.005931198102016699,0.021455264551088427,0.02236740240805757,0.28674259111644435,-0.14266669631211715,62.49097472924187,59.32611311672683,51.58243080625752,92.4187725631769,0.0,63.30354993983152,False,True,True,True,True,True,True,False,6,6491,晶碩,TWSE,424000.0
8021.TW,553.0,485,0.15690376569037667,0.25681818181818183,0.20479302832244017,0.0719039800638337,0.5909633980253153,4.944820300838213,0.20328564434531904,0.2782552356585364,0.23459628864591453,2622633092.5,0.3467107902631852,1.02083132363217,0.03947368421052633,0.03947368421052633,-0.044326648274712666,0.10570550860976663,0.18082503496782895,0.7127320434376546,-0.4473684210526315,90.46329723225031,6.257521058965103,89.29001203369434,97.11191335740072,2.952301255230134,62.95323424416818,False,True,True,True,True,True,True,False,6,8021,尖點,TWSE,553000.0
3481.TW,52.79999923706055,485,0.06451614639885639,0.0841888790531844,0.07645260057754744,-0.19018402287695124,1.0539695930592545,2.91444900752667,0.06451611774396948,0.056810206974934774,0.11765283438124996,11151458348.113758,1.3364040006053821,1.0523617551686633,-0.19142424549030368,-0.19142424549030368,-0.25528916642141053,0.04540299625446953,0.13984727486986454,0.5127569344240073,-0.3660030690494055,68.309265944645,72.44283995186522,73.42358604091456,15.403128760529484,0.0,62.891997593261124,False,True,True,False,True,True,False,False,4,3481,群創,TWSE,52799.99923706055
6548.TWO,76.69999694824219,485,0.06527773539225268,0.0712290304861447,0.03788897651622847,-0.08143716229650078,0.48225797177092966,1.290813398535648,0.0589534312996538,0.05836893889987049,0.08576651584327633,208472311.29003525,1.1435002449489116,1.1371061394748934,-0.09445100694500119,-0.09445100694500119,-0.21429745417832824,0.05580549126319556,0.06503469728172873,0.4531824898223979,-0.3022432042089038,63.80264741275572,65.82430806257521,70.4332129963899,41.997593261131165,0.0,62.79602888086642,False,True,True,False,True,True,False,False,4,6548,長科*,TPEx,76699.99694824219
2254.TW,94.30000305175781,485,0.0889146040797879,0.2708895812696095,0.520967791157384,0.5875420981373873,0.36865023168887223,0.5638474999150709,0.2363970493959382,0.436842951201039,0.4457831783323696,138882791.1232151,1.4861382989135754,12.565521061129537,0.002125447193197516,0.002125447193197516,0.002125447193197516,-0.041327343709558095,0.32512042511158823,0.3139309150225946,-0.054838734288369495,88.89290012033693,77.13598074608905,40.19253910950662,91.4560770156438,10.79700416256925,62.77820642708177,False,True,False,True,True,False,True,False,4,2254,巨鎧精密-創,TWSE,94300.00305175781
4766.TW,353.0,485,0.033674963396779,0.04903417533432397,0.018759018759018753,0.02170767004341534,0.04936117186289457,-0.08067122874930688,0.033145533035779495,0.04869655633401826,0.030884501808050135,38930615.45,1.1730075926437808,0.5378337265202859,-0.0014144271570014633,-0.0014144271570014633,-0.05370113897624096,0.028985208707024313,0.011523128744546973,0.17812558865647884,-0.09131075110456555,52.406738868832726,66.90734055354994,53.33935018050541,90.49338146811071,0.0,62.70306859205776,False,True,True,True,True,True,False,False,5,4766,南寶,TWSE,353000.0
3532.TW,475.5,485,0.06853932584269673,0.08068181818181808,0.2318652849740932,0.1636719949035339,1.6182619640900229,3.907555746565425,0.10114050830776367,0.21009401739332145,0.4103223341271043,3383464172.1,1.1805086186275073,0.888122775904769,-0.09082217973231355,-0.09082217973231355,-0.09082217973231355,0.01057300459917343,0.1773079533395819,0.4737943313728914,-0.49330783938814526,72.5511432009627,67.14801444043322,56.68471720818291,43.80264741275572,0.0,62.65132370637786,False,True,True,False,True,True,False,False,4,3532,台勝科,TWSE,475500.0
2069.TW,25.950000762939453,485,0.04216872130503102,0.09725163558172234,0.2475962362874924,0.4337016693936835,0.4799506888838634,0.8574892752804422,0.08113741073122682,0.24004463250472519,0.3190380411005236,45722333.62913065,1.202319715165125,2.902494555148429,-0.028089886837794675,-0.028089886837794675,-0.028089886837794675,-0.019730337766842077,0.10302901315626456,0.6027087516665762,-0.07505072657603673,69.25391095066186,68.59205776173285,37.87605294825511,77.85800240673886,0.0,62.50150421179302,False,True,True,True,True,False,False,False,4,2069,運錩,TWSE,25950.000762939453
2367.TW,45.150001525878906,485,0.08273382973185961,0.13442217063754613,0.024971675547564853,-0.1335851610141352,-0.38648458286059306,0.6721966449121584,0.0808546598477684,0.05156445507389584,-0.1371438716083595,138859622.62580815,0.9815742593557913,0.5534414898352534,-0.1335851610141352,-0.1335851610141352,-0.38648458286059306,0.0764909108449684,0.06950006255227659,0.3292976452216475,-0.3527131036686234,72.61732851985559,57.400722021660656,76.72683513838749,27.436823104693143,0.0,62.30264741275571,False,True,True,False,True,True,False,False,4,2367,燿華,TWSE,45150.001525878906
1785.TWO,102.5,485,0.06217616580310881,0.08236539918814212,0.004901960784313708,-0.2737088471431879,-0.17934824703310515,0.7487043234773949,0.04389448459619305,-0.02367880552389945,-0.1851776253411751,421973651.8402523,1.632769208428651,0.7454019659613483,-0.2737088471431879,-0.2737088471431879,-0.4366336566404313,0.06095067560703038,0.09613824316537634,0.26602432538991877,-0.35720694861966873,62.46690734055355,79.5427196149218,75.2346570397112,5.294825511432009,0.0,62.2057761732852,True,True,True,False,True,True,False,True,5,1785,光洋科,TPEx,102500.0
5299.TWO,104.5,485,0.03980099502487566,0.11170212765957444,0.07399791081622298,-0.12615550372737372,0.3389552999691583,0.4312969772486146,0.08004754361429467,0.055295895361756386,0.03809812561190906,21069858.621638488,1.457485132724258,0.6190134525009747,-0.12615550372737372,-0.12615550372737372,-0.23731589566308187,0.021301517320819918,0.11604974539201421,0.32814681448705,-0.235083103143221,65.28279181708784,76.05294825511432,60.83032490974729,30.445246690734056,0.0,62.17509025270757,False,True,True,False,True,True,False,False,4,5299,杰力,TPEx,104500.0
6533.TW,352.0,485,0.40239043824701204,0.537117903930131,0.37060614342582143,0.8285714285714285,0.9287671232876713,0.0948678071539657,0.31156922616974914,0.43209094137505555,0.5117478928047179,1165953173.315384,5.645049431241447,2.014190666359185,-0.0395634379263301,-0.0395634379263301,-0.0395634379263301,0.3097389023905567,0.09441566723534528,0.8758851207468246,-0.16542750929368033,98.65824308062575,97.83393501805054,89.7713598074609,70.63778580024066,30.0,61.9861612515042,True,False,False,True,True,True,False,False,4,6533,晶心科,TWSE,352000.0
6165.TW,49.400001525878906,485,0.01855673249234857,0.02809578169102478,-0.01101099556876528,-0.03326804303336972,0.0941306723448061,-0.04816955542387458,0.014894745135176413,0.00819759228281658,0.00812043679914387,21810665.651488878,2.445005568339813,1.0817724066012728,-0.03326804303336972,-0.03326804303336972,-0.06967979387128276,0.02130948138453989,7.835210902462642e-05,0.24116554795394213,-0.08055014078405887,40.68592057761733,88.68832731648617,48.18892900120338,74.0072202166065,0.0,61.96058965102287,True,True,True,True,True,True,False,True,6,6165,浪凡,TWSE,49400.001525878906
7827.TW,167.0,314,0.024539877300613577,0.12457912457912457,0.09868421052631571,-0.008902077151335286,0.30980392156862746,1.1520618979869313,0.06454183266932279,0.06341204563544722,0.08830237862495927,34365113.775,1.8778004699463309,0.8159347728453133,-0.0972972972972973,-0.0972972972972973,-0.0972972972972973,-0.0001311753309653496,0.1016515695767608,0.31707389540522146,-0.2432432432432432,62.581227436823106,83.15282791817089,47.60529482551143,41.27557160048135,0.0,61.81287605294826,True,True,True,False,True,False,False,False,4,7827,漢康-KY創,TWSE,167000.0
3016.TW,180.5,485,0.2405498281786942,0.5627705627705628,0.8049999999999999,0.5041666666666667,2.1961587457075904,2.0508786341098566,0.42165163456915833,0.6345155880428721,0.6410867387564776,2925023694.4521284,2.8023177947171325,3.8918530774750595,0.04637681159420293,0.04637681159420293,0.04637681159420293,0.03929982817869421,0.6369444444444444,0.7180091671251776,-0.44269661778367864,98.47773766546331,91.21540312876053,77.22623345367028,97.95427196149218,29.13148625429553,61.77615514161301,True,False,False,True,True,True,True,False,5,3016,嘉晶,TWSE,180500.0
6770.TW,76.5,485,0.046511649751710626,0.0944205769677644,0.08664770372027264,0.0779700593974253,0.4082837834924469,2.7623267272539493,0.06316447328952735,0.11566997216749453,0.13007688972725817,9019403924.20366,0.8648729228794457,0.5612788354828152,-0.021027247874199517,-0.021027247874199517,-0.1347072552240487,0.024849723821642467,0.06065768392113087,0.47879792133782045,-0.35228757685991696,66.50421179302046,50.54151624548736,57.17809867629362,81.94945848375451,0.0,61.70066185318892,False,True,True,True,True,True,False,False,5,6770,力積電,TWSE,76500.0
4961.TW,183.5,485,0.028011204481792618,0.013812154696132506,0.08259587020648973,0.04857142857142849,0.2623409051951313,0.11922671359793902,0.03322072072072069,0.0913957176843776,0.11843566209314105,207277183.95,1.4062557482105904,2.0448242870835958,-0.013440860215053752,-0.013440860215053752,-0.013440860215053752,0.007362236930170185,0.06640539401601357,0.38193357911895404,-0.1875,48.056558363417565,74.60890493381469,47.557160048134776,85.92057761732852,0.0,61.57701564380265,False,True,True,True,True,True,False,False,5,4961,天鈺,TWSE,183500.0
3498.TWO,215.0,485,0.08040201005025116,0.1286089238845145,0.06699751861042191,0.7991631799163179,1.4543379422947775,3.4329896907216497,0.0787757150025088,0.3427988503874446,0.5501360871022691,648822745.325,1.587073000163388,1.2279001889855488,-0.08510638297872342,-0.08510638297872342,-0.08510638297872342,0.06365263039764568,-0.19939020802835072,0.7803526489356437,-0.3412213507499403,74.48255114320096,78.9410348977136,51.841155234657045,46.450060168471715,4.487447698744768,61.467425947464626,True,True,False,False,True,True,False,False,4,3498,陽程,TPEx,215000.0
6526.TW,835.0,485,-0.005952380952380931,0.3275039745627981,0.2925696594427245,0.27286585365853666,0.7894161119311127,0.5458477793093661,0.1802954272386741,0.3158240315167431,0.3136957405883669,1023418044.85,1.400827240390903,2.6590592959109296,-0.005952380952380931,-0.005952380952380931,-0.005952380952380931,-0.07909479581306206,0.20161437488987893,0.5811564339800505,-0.27712609970674484,63.0806257521059,74.12755716004813,33.1768953068592,88.56799037304452,1.4899380804953577,61.25193917582233,False,True,True,True,True,False,False,False,4,6526,達發,TWSE,835000.0
2458.TW,138.0,485,0.06976744186046502,0.07392996108949412,0.007299270072992803,-0.2348695640035482,0.05809864242562357,0.12908323460270332,0.0496292070735882,-0.042742867652340255,-0.06513796025472796,184708151.85,1.3700330496389144,0.5299855493729947,-0.2348695640035482,-0.2348695640035482,-0.24701450268187508,0.06794262434221682,0.0855891247408422,0.32179136850644074,-0.2975049419909903,62.68953068592057,73.28519855595668,76.84717208182913,8.303249097472925,0.0,61.2496991576414,False,True,True,False,True,True,False,False,4,2458,義隆,TWSE,138000.0
3163.TWO,713.0,485,0.07541478129713419,0.07541478129713419,-0.06919060052219317,0.08120971769576246,-0.299916674097918,2.8360727793001406,0.044841735052755016,0.060733870381261434,-0.062012675086532076,1412119368.25,1.3472325960179794,0.5412474689468664,-0.08939974457215838,-0.08939974457215838,-0.3512741453653816,0.09271243142768248,-0.09626050642078066,0.613321871327577,-0.23358848946317423,58.44765342960289,72.80385078219012,60.38507821901324,44.04332129963899,0.0,61.07821901323707,False,True,True,False,True,True,False,False,4,3163,波若威,TPEx,713000.0
8111.TWO,85.80000305175781,485,0.15789480186997396,0.17857142108575919,0.12303666672957925,0.6856581626649818,0.2963016370479721,0.6677420158511433,0.1482869834339826,0.34219793989459135,0.3578465953719241,1080461125.289001,0.6843752534917638,1.4812511031983437,0.06451618704814654,0.06451618704814654,0.06451618704814654,0.12713563518757914,-0.10551605415874801,0.7089399812040847,-0.15725189674901596,85.63778580024066,33.935018050541515,64.42238267148015,98.676293622142,5.816456589572644,60.96242427685333,False,True,True,True,True,True,True,False,6,8111,立碁,TPEx,85800.00305175781
3265.TWO,188.0,485,0.04444444444444451,0.16049382716049387,0.053221288515406195,0.11572700296735916,0.11408727081818548,0.995639023066011,0.07367218732153069,0.1161133923712463,0.0924385578707223,261141917.225,0.7988832923177712,0.653069260117944,-0.0079155672823219,-0.0079155672823219,-0.023376623376623384,0.03113912231559296,0.014645620859619811,0.5042713518942589,-0.2334293948126801,68.95908543922984,43.922984356197354,54.98796630565583,88.20697954271961,0.0,60.84265944645005,False,True,True,True,True,True,False,False,5,3265,台星科,TPEx,188000.0
3289.TWO,143.0,485,0.04761904761904767,0.0874524714828897,0.010600706713780994,-0.11538813331484499,-0.15677349916331007,0.18349861620048458,0.04170460753961014,0.012908588242233732,-0.09221782443780646,75933406.45,1.2326374161607605,0.8715209567982963,-0.11538813331484499,-0.11538813331484499,-0.3150036571787601,0.04496887094060242,0.049063417818729325,0.2954664010477961,-0.20307686859790508,61.077015643802646,69.79542719614922,65.51744885679904,33.45367027677497,0.0,60.65914560770156,False,True,True,False,True,True,False,False,4,3289,宜特,TPEx,143000.0
1326.TW,71.69999694824219,485,0.09633020298738626,0.08966555657821895,-0.015109973315984182,0.10819165888987237,0.45184034434364473,1.5224147067149945,0.04328842412866041,0.11168531022325112,0.2400987599614337,2056598041.650664,0.8064920416370112,0.9215468496901684,-0.03499335123451397,-0.03499335123451397,-0.03499335123451397,0.1001076963163823,-0.051173859612608306,0.4348269103260854,-0.21478379869804431,66.57039711191335,44.4043321299639,64.9338146811071,73.40553549939831,0.0,60.536702767749695,False,True,True,True,True,True,False,False,5,1326,台化,TWSE,71699.99694824219
6579.TW,158.5,485,0.05666666666666664,0.06375838926174504,0.06734006734006726,-0.08115942028985512,0.38030670378771725,0.29231908840202925,0.045342126957955475,0.014508214209515868,0.04787679710008419,41976245.725,1.2185664038702877,0.44865517532577204,-0.1362397820163488,-0.1362397820163488,-0.1362397820163488,0.03983164983164983,0.09439320743668562,0.3315350907401801,-0.22343324250681196,63.03249097472924,69.19374247894103,67.5150421179302,26.233453670276774,0.0,60.48164861612514,False,True,True,False,True,True,False,False,4,6579,研揚,TWSE,158500.0
2302.TW,46.5,485,0.016393442622950838,0.05203618093574858,0.08771929824561409,-0.03326400259621487,1.6023682782396023,1.5808613664953706,0.06486517618922005,0.08429520554272552,0.24554639641157605,185136154.7447382,1.4614134662027294,0.8750320123625762,-0.03326400259621487,-0.03326400259621487,-0.16064984261275628,-0.0055363819384526836,0.09880729911101904,0.4775599572809416,-0.27831711188478647,51.63658243080625,76.17328519855594,43.947051744885684,74.12755716004813,0.0,60.4488567990373,False,True,True,True,True,False,False,False,4,2302,麗正,TWSE,46500.0
6244.TWO,24.100000381469727,485,0.021186440335509094,0.08558556546097607,0.02553193112637131,-0.10585853839591741,-0.06623382765809482,0.36899623051345776,0.04047491774386636,-0.0005657836747887668,-0.08259825451802483,68201914.75299254,2.114996913993676,1.2834483755603976,-0.10585853839591741,-0.10585853839591741,-0.24040020420569463,0.014803457553916266,0.06081811059167711,0.4083614719493845,-0.2403301771205708,54.01323706377858,85.67990373044525,50.80625752105897,37.545126353790614,0.0,60.24127557160048,True,True,True,False,True,True,False,True,5,6244,茂迪,TPEx,24100.000381469727
8042.TWO,121.0,485,0.08520179372197312,0.06885419580066121,0.09009009009009006,-0.25308641975308643,0.9821186158311914,2.377551884217293,0.07183240697161253,0.04464705422646165,-0.009313724436727178,664090008.3077065,1.0555402797391102,1.1367601412392478,-0.3202247191011236,-0.3202247191011236,-0.4251781472684085,0.0626792711994506,0.17445223000778554,0.8192493868119237,-0.49550560083282125,70.40914560770156,61.73285198555957,80.37304452466907,2.6474127557160045,0.0,60.132972322503,False,True,True,False,True,True,False,False,4,8042,金山電,TPEx,121000.0
4556.TWO,114.5,485,0.22329061823283491,0.40663388026593417,0.6357142857142857,0.24321391853413576,3.268367672052487,3.9890008572498274,0.31096862605864506,0.25394710493853334,0.6176963695368747,132000212.08555718,2.6577273755515045,4.7424757892013325,-0.13584905660377355,-0.13584905660377355,-0.13584905660377355,0.0643620468042635,0.5546429795362404,0.9675912573259827,-0.4996226184772995,97.5511432009627,90.37304452466908,85.98074608904935,26.47412755716005,21.76324945862679,60.08031251489909,True,False,False,False,True,True,False,False,3,4556,旭然,TPEx,114500.0
6962.TW,33.400001525878906,450,0.0586371579573679,0.08441566081890906,0.03405579921984114,-0.07259600372333908,0.03741138926070242,-0.21575935315357875,0.06040166633630584,0.05304206551326507,-0.011327737209294586,41745675.24449692,0.8970839589952273,0.4742947788942647,-0.07259600372333908,-0.07259600372333908,-0.13743322346183684,0.05012320815240762,0.058254467127620835,0.19360505660984806,-0.16565080803344867,64.57280385078218,52.9482551143201,67.53309265944645,51.86522262334536,0.0,59.9193742478941,False,True,True,False,True,True,False,False,4,6962,奕力-KY,TWSE,33400.001525878906
3437.TW,22.149999618530273,485,0.025462927192000606,0.197297276677312,0.2237568592101702,0.05225655208258018,-0.030634606181762725,0.4290322334535661,0.10363724635423188,0.18766753986757512,0.04188305455229191,53553101.12368174,0.901026762898236,5.89025283825837,-0.013363079475009365,-0.013363079475009365,-0.2591973277216031,-0.03047628761054194,0.2063380085159768,0.7012615402453225,-0.26024094547133847,70.01805054151625,53.309265944645,39.65703971119133,86.04091456077015,0.0,59.81859205776172,False,True,True,True,True,False,False,False,4,3437,榮創,TWSE,22149.999618530273
6861.TW,296.0,485,0.08424908424908417,0.32735426008968616,0.5538057742782152,-0.005042016806722671,1.248756606470005,3.7597487758133052,0.25304265001587467,0.34939026706682386,0.06342936778168795,638036241.3,1.6533155942930635,8.240466581398122,-0.05582137161084533,-0.05582137161084533,-0.3550643820001558,-0.05420235932046963,0.5554864465471228,0.9253621966135243,-0.40410958904109584,89.18772563176896,80.14440433212997,39.09145607701564,62.093862815884485,10.633202099737533,59.253380331068726,True,True,False,False,True,False,False,False,3,6861,睿生光電,TWSE,296000.0
5009.TWO,33.099998474121094,485,0.03115264945592422,0.02476777882219383,-0.013412839736889337,-0.014880953056742086,0.1024477434291533,-0.036711141100445044,0.01838317645760923,0.0003525506223640562,-0.007737373587998642,47662040.03309727,1.6374076172363279,0.7628995330889855,-0.05965915463926241,-0.05965915463926241,-0.14467634098655668,0.034505859390146554,-0.008452522051308642,0.15498557828117582,-0.09871246602654704,43.796630565583634,79.66305655836342,53.35138387484958,59.08543922984356,0.0,59.23856799037304,True,True,True,False,True,True,False,True,5,5009,榮剛,TPEx,33099.998474121094
2316.TW,170.5,485,0.07232704402515733,0.0757097791798107,0.05572755417956654,-0.21029663644764207,0.5234985024598597,0.7045083049086869,0.06997176027612184,0.05851311500853651,0.07293478579145551,259641105.525,1.0220385000003451,0.7186304835478476,-0.21029663644764207,-0.21029663644764207,-0.26586209409056427,0.05839515548026569,0.1258264329954472,0.3184546079575117,-0.3713592233009708,67.83393501805054,59.44645006016847,76.99759326113117,11.913357400722022,0.0,59.220517448856796,False,True,True,False,True,True,False,False,4,2316,楠梓電,TWSE,170500.0
3479.TWO,136.0,485,0.04214559386973171,0.054263565891472965,0.09677419354838701,-0.00366300366300365,0.5534463320556859,0.27087380758834434,0.039755351681957096,0.007531794048648122,0.09286873555316255,77163756.025,1.4441256192864669,0.7870422822098353,-0.1309904153354633,-0.1309904153354633,-0.1309904153354633,0.01795204548263496,0.09799519476938823,0.3843576730246807,-0.2204472843450479,60.03008423586041,75.3309265944645,57.111913357400724,28.51985559566787,0.0,59.164259927797836,False,True,True,False,True,True,False,False,4,3479,安勤,TPEx,136000.0
2727.TW,234.0,485,0.017391304347825987,0.03083700440528636,-0.002132196162046962,0.04078332610087543,0.11216450963966507,0.08809169602872058,0.01617631093258054,0.01978282192287839,0.04021282344554389,46463555.325,1.717964499482616,0.5376952390086246,-0.03105590062111796,-0.03105590062111796,-0.03105590062111796,0.017924353388337727,-0.015726638195672105,0.0984804440906857,-0.06004140786749479,41.79903730445246,81.10709987966305,43.59807460890493,75.93261131167269,0.0,59.16125150421179,True,True,True,True,True,True,False,True,6,2727,王品,TWSE,234000.0
3055.TW,216.0,485,0.06142506142506132,0.3170731707317074,0.5211267605633803,0.28596855831613577,2.4559124631547724,2.911294331213623,0.2496384148105295,0.5055412286650576,0.7805116670770098,1201082264.05,1.1246077405445176,3.009281192327629,0.02857142857142847,0.02857142857142847,0.02857142857142847,-0.06885662871578374,0.425803907791335,0.729209349220829,-0.531606209710472,84.57280385078218,64.50060168471721,37.42478941034897,96.26955475330927,9.489436619718308,59.02921560651515,False,True,False,True,True,False,True,False,4,3055,蔚華科,TWSE,216000.0
3014.TW,142.5,485,-0.0034965034965035446,0.07547169811320753,0.08778625954198471,-0.017229899704386487,0.26769075061179515,0.14284245789546146,0.05127259313906296,0.07621625023601242,0.06615784466597252,219028226.3,1.552544067667393,1.5206540513753168,-0.017229899704386487,-0.017229899704386487,-0.10471687685495146,-0.025443068381999723,0.09352955944344687,0.2088549157230282,-0.14336917562724016,47.29843561973525,78.21901323706378,34.61492178098676,84.71720818291215,0.0,59.01654632972321,True,True,True,True,True,False,False,True,5,3014,聯陽,TWSE,142500.0
0052.TW,65.94999694824219,485,0.018532771401423842,0.07061686009535495,0.045995206126458354,0.06028932699848277,0.40944257610982704,-0.698690406883421,0.0369088885047153,0.07212523510146784,0.10572640930690502,882740838.5946314,1.0504907631059093,0.8428251719921683,0.00763941976033089,0.00763941976033089,0.00763941976033089,0.007033969869809253,0.025898763793630764,0.16826827874101616,-0.12771085562954942,52.46690734055355,61.371841155234655,43.48375451263538,93.02045728038509,0.0,58.975631768953065,False,True,True,True,True,True,True,False,6,0052,富邦科技,TWSE,65949.99694824219
6405.TW,42.5,485,0.02286403803569992,0.13031919480665466,0.00591715976331364,-0.2129629629629629,0.22832375359171397,0.6966068381001316,0.03956461849278203,0.03456669944389468,-0.15441816754755366,36475307.53015499,2.388582906719772,1.8462830161663177,-0.2369838524620309,-0.2369838524620309,-0.47530864197530864,0.02138474809487151,0.07690481408430128,0.8288548509697176,-0.42369841948944553,56.53429602888086,88.32731648616125,57.148014440433215,8.062575210589651,0.0,58.95487364620938,True,True,True,False,True,True,False,True,5,6405,悅城,TWSE,42500.0
6620.TWO,143.5,485,0.10384615384615392,0.07089552238805963,0.5041928480585312,0.3165137614678899,1.062864121965943,0.31357260369679474,0.10939311944337082,0.4431538120649199,0.6227121196109553,588438612.075,1.4003933579459225,5.757955786662675,-0.03691275167785235,-0.03691275167785235,-0.03691275167785235,-0.022202058168478866,0.39868826090256787,0.9401776242040675,-0.25025127161687344,78.26113116726836,74.0072202166065,45.27075812274368,72.08182912154031,8.89674968204859,58.91371963203083,False,True,False,True,True,False,False,False,3,6620,漢達,TPEx,143500.0
6994.TW,32.04999923706055,485,0.17399267885516045,0.18703700878002016,-0.11218834925890253,-0.24231678924049738,-0.5046367735890396,-0.6647489566044661,0.07370182384766899,-0.08726299494592682,-0.31545740407346323,24627307.862257957,1.3567632157805576,1.7783068820536654,-0.24231678924049738,-0.24231678924049738,-0.5645380448162669,0.2020397661698861,-0.031416086178736743,0.7642005852201187,-0.3741007217279023,72.47292418772562,73.16486161251504,73.12274368231047,7.3405535499398304,4.319414308412837,58.75369038472795,False,True,True,False,True,True,False,False,4,6994,富威電力,TWSE,32049.999237060547
5498.TWO,55.599998474121094,485,0.10756967388670313,0.09990107444666707,0.0013436020613029065,-0.08551594429826148,-0.1521248585101087,1.995873153131969,0.07748302296094223,0.09280612235895602,-0.055739156536265044,69134300.11157322,0.710024381228191,0.4613921215882988,-0.08551594429826148,-0.08551594429826148,-0.32761761796857125,0.1072337733713774,0.029848916827390066,0.5114039908484687,-0.3609714621717528,70.96871239470516,36.8231046931408,77.94825511432009,45.96871239470517,0.0,58.719915764139586,False,True,True,False,True,True,False,False,4,5498,凱崴,TPEx,55599.998474121094
5432.TWO,164.5,485,0.006116207951070374,0.1344827586206896,0.10402684563758391,0.1792114695340501,0.24545929571703073,0.2789909177136911,0.05347422350304187,0.18904201960911382,0.17414184522181841,28987828.275,1.2201804569526538,0.903437352509022,-0.017910447761193993,-0.017910447761193993,-0.017910447761193993,-0.019890503458325604,0.04428968912623388,0.6084850127214669,-0.29534047991571466,57.74368231046931,69.31407942238266,31.612515042117934,84.35619735258724,0.0,58.67388688327316,False,True,True,True,True,False,False,False,4,5432,新門,TPEx,164500.0
1710.TW,17.149999618530273,485,0.026946038025905672,0.09235667687138682,0.04892961580399868,-0.008670498563314366,0.16666665585403262,0.42323646033771456,0.05037511306684439,0.09771707032005605,0.15963259203261737,90525401.56261578,0.9285739859693691,1.1321470810261438,-0.02279200204667753,-0.02279200204667753,-0.09018571504171524,0.014713634074906001,0.05181978199177014,0.337135709538327,-0.27635325576274716,58.12274368231047,54.632972322503,50.012033694344154,80.62575210589651,0.0,58.42358604091456,False,True,True,True,True,True,False,False,5,1710,東聯,TWSE,17149.999618530273
2002.TW,19.0,485,0.0187667768701707,0.0187667768701707,-0.0026246319718100652,0.024085270257905966,-0.05196067626709666,-0.002583587615240357,0.006489208761462972,0.003532687102852039,0.0067767930075683935,541331516.4803121,1.6855363277500572,0.7548264770524454,-0.03797468354430378,-0.03797468354430378,-0.06583440685546216,0.019422934863123215,-0.010653055391112054,0.1234938579901042,-0.05569622184656842,39.98796630565584,80.74608904933814,45.70397111913357,71.78098676293622,0.0,58.41335740072202,True,True,True,True,True,True,False,True,6,2002,中鋼,TWSE,19000.0
6789.TW,490.5,485,0.04807692307692313,0.1301843317972351,0.014477766287487093,-0.04385964912280704,0.33312321029080927,0.6635938657145652,0.05950966627065557,0.06814263678432098,-0.002446097632500255,533421219.8,0.8968598366304242,0.766749517981615,-0.08317757009345794,-0.08317757009345794,-0.1927076850841999,0.044457481505051355,0.02909764932842277,0.411284470500988,-0.28037383177570097,64.98194945848375,52.82791817087846,63.35138387484958,47.292418772563174,0.0,58.27466907340553,False,True,True,False,True,True,False,False,4,6789,采鈺,TWSE,490500.0
7712.TWO,170.5,485,0.027108433734939652,0.1071428571428572,0.11803278688524599,-0.0782133956553338,0.556795171127973,0.21624626980692252,0.08858739026336782,0.14481856504915425,0.13664995967131643,40885208.6,1.149054141681183,0.7013308690395064,-0.0782133956553338,-0.0782133956553338,-0.17967463869789702,-0.002399762986371845,0.14410391877035725,0.4037649705745233,-0.3756756974292107,62.66546329723225,66.18531889290013,48.51985559566786,49.57882069795427,0.0,58.22202166064982,False,True,True,False,True,False,False,False,3,7712,博盛半導體,TPEx,170500.0
3152.TWO,235.5,485,0.06802721088435382,0.06561085972850678,-0.018750000000000044,-0.10845304692725133,-0.09791716542973428,0.12669768680522786,0.03813092351774294,0.018797993695669923,-0.12357831457417323,20875155.6,1.0434738404010495,0.36136429486013455,-0.11655801180492542,-0.11655801180492542,-0.3695556943677628,0.07271471088435383,0.017401015642417063,0.31839211725746414,-0.26000000228963993,58.23104693140794,60.64981949458483,70.1022864019254,33.2129963898917,0.0,58.17178098676293,False,True,True,False,True,True,False,False,4,3152,璟德,TPEx,235500.0
7799.TW,543.0,255,0.02259887005649719,0.188183807439825,0.5083333333333333,0.22850678733031682,0.48158253751705327,-0.3296296296296296,0.17934517022316343,0.3406028186400576,0.40964207292669474,565427838.1,1.8399661073047078,4.730538661558144,-0.021621621621621623,-0.021621621621621623,-0.021621621621621623,-0.10448446327683614,0.4321644042232277,0.8040231425051846,-0.22196796338672764,70.54753309265945,82.5511432009627,35.90252707581227,81.46811070998797,9.041666666666666,58.08378459687125,True,True,False,True,True,False,False,False,4,7799,禾榮科,TWSE,543000.0
1773.TW,170.5,485,0.03333333333333344,0.07232704402515733,0.042813455657492394,-0.02571428571428569,0.1438087226372191,0.2778815179014995,0.04649378548411831,0.04901558654634952,0.02222965365400209,93876982.075,1.1250659141296713,0.999147848131129,-0.07588075880758804,-0.07588075880758804,-0.10548290677900096,0.02262996941896034,0.05138488422892096,0.21909047217617192,-0.20596205962059622,57.316486161251504,64.62093862815884,55.20457280385078,50.30084235860409,0.0,57.92749699157641,False,True,True,False,True,True,False,False,4,1773,勝一,TWSE,170500.0
3624.TWO,148.5,485,0.10820895522388052,0.20731707317073167,0.6685393258426966,0.06071428571428572,1.873968552768674,2.9094975509641685,0.22071516646115907,0.48107514953543196,0.5001260449130678,3346226314.4621415,1.5285057291942323,4.228869537159069,-0.01655629139072845,-0.01655629139072845,-0.15165011229716008,-0.05892587623679363,0.6483012306046013,0.8891325029626657,-0.6048611005147297,89.25992779783394,77.85800240673886,38.706377858002405,85.07821901323706,14.64887640449438,57.92482997336362,True,True,False,True,True,False,False,False,4,3624,光頡,TPEx,148500.0
6153.TW,17.950000762939453,485,0.05278601561005525,0.04360464922862173,-0.002777735392252567,-0.10473808249525729,0.0286532938761761,0.21283787375736396,0.03160923924939385,0.054538373197688284,-0.02008503141802731,40001814.42983141,1.1056183853194512,0.7637658491134484,-0.10473808249525729,-0.10473808249525729,-0.2658486624610866,0.05348044945811839,0.0321349587728332,0.3310299417363053,-0.31472083872215784,53.88086642599278,63.898916967509024,66.66666666666666,38.387484957882066,0.0,57.75872442839951,False,True,True,False,True,True,False,False,4,6153,嘉聯益,TWSE,17950.000762939453
3483.TWO,80.9000015258789,485,0.05613581119339761,0.08299872598298164,0.016331696943191032,-0.06954097978015539,-0.018571816509264427,-0.25149739697304585,0.04792748608330988,0.07175477326437574,-0.018870156521633374,25928511.299097825,0.831527351190267,1.1398071012783286,-0.06954097978015539,-0.06954097978015539,-0.23794985947988656,0.05205288695759985,0.039512023536576166,0.3774047366183622,-0.17633403106160617,62.60529482551143,47.172081829121545,66.70878459687123,53.910950661853185,0.0,57.69705174488568,False,True,True,False,True,True,False,False,4,3483,力致,TPEx,80900.0015258789
2472.TW,229.0,485,0.05773672055427248,0.0878859857482186,0.055299539170506895,-0.33767172812725954,0.43062908239803366,1.7414764439623558,0.06030790600763991,-0.04548803269323698,-0.13453552322430273,549952762.875,1.0813408772705135,0.8776883288906605,-0.3817095117259258,-0.3817095117259258,-0.4873710711811482,0.04391183576164576,0.1678567818795934,0.5003039302618946,-0.46010635865431526,66.63658243080624,63.1768953068592,73.73646209386283,1.444043321299639,0.0,57.59476534296029,False,True,True,False,True,True,False,False,4,2472,立隆電,TWSE,229000.0
4931.TWO,252.0,485,0.05660377358490565,0.06779661016949157,0.008000000000000007,-0.07352941176470584,0.8127976037587479,0.6646932351153487,0.04315429990686126,0.07260667541588339,0.13955226413928457,893717791.9,0.9588082947552659,0.49163199264937324,-0.09999999999999998,-0.09999999999999998,-0.09999999999999998,0.054603773584905646,0.03250980392156862,0.4490511642309064,-0.3666666666666667,59.42238267148015,56.55836341756919,67.14199759326112,39.95186522262335,0.0,57.57250300842358,False,True,True,False,True,True,False,False,4,4931,新盛力,TPEx,252000.0
3088.TWO,132.0,485,0.03937007874015741,0.06451612903225801,0.07317073170731714,-0.08694465465760237,0.46386587754514963,0.6504369366584934,0.03977944072469475,0.014720772111686653,0.030502720603387656,87108267.175,1.2656938165953495,0.6753289720837997,-0.1428571428571429,-0.1428571428571429,-0.1428571428571429,0.021077395813328126,0.10215228325985126,0.39192854572405533,-0.23376623376623373,59.50060168471721,70.3971119133574,59.657039711191324,24.30806257521059,0.0,57.52978339350181,False,True,True,False,True,True,False,False,4,3088,艾訊,TPEx,132000.0
3287.TWO,42.04999923706055,485,0.016928676874741644,0.20142854963030143,0.11835108892364055,0.4314894286777855,0.5211130643187329,0.2639306463498854,0.09234964464006246,0.2393513642329781,0.29846506117018357,25942974.79350338,1.054507469743824,1.0786489040815121,-0.012910780675136957,-0.012910780675136957,-0.012910780675136957,-0.012659095356168493,-0.025478720635621288,0.5608725230151523,-0.11908644746887198,65.32490974729242,61.612515042117934,25.397111913357403,86.5222623345367,0.0,57.40884476534296,False,True,True,True,True,False,False,False,4,3287,廣寰科,TPEx,42049.99923706055
8043.TWO,142.0,485,0.07984790874524705,0.07575757575757569,0.0,-0.2015151980563401,0.7472955828651435,4.00626219054688,0.050295857988165826,0.01809729117904535,0.015883495987122576,318063469.825,0.9393732939294926,0.412089923676351,-0.2015151980563401,-0.2015151980563401,-0.36896784493856394,0.07984790874524705,0.0671717326854467,0.46306630344648125,-0.33526009687631975,64.5156438026474,55.35499398315282,77.49097472924188,13.237063778580024,0.0,57.31949458483754,False,True,True,False,True,True,False,False,4,8043,蜜望實,TPEx,142000.0
7792.TWO,425.0,434,0.022864019253910906,0.3621794871794872,0.3798701298701299,0.7857142857142858,0.23875393437176573,1.002369388007308,0.20730061785384568,0.5278609946075494,0.5019281922838472,305893589.55,1.7149712545746654,1.3024907814310385,-0.024110218140068862,-0.024110218140068862,-0.024110218140068862,-0.07210351321362157,0.117965367965368,0.6302065247601806,-0.2494802494802495,74.69314079422382,80.98676293622142,29.831528279181708,79.78339350180505,8.831168831168835,57.298193383030906,True,True,False,True,True,False,False,False,4,7792,安葆,TPEx,425000.0
4743.TWO,47.150001525878906,485,0.04429678698579109,0.06674209755699723,0.010718113261424689,-0.1535008818662238,-0.1137217885394306,-0.3136826256134888,0.04562845721080944,0.013143315808185507,-0.038401045607289075,48812295.98997326,1.202030139934113,0.786162642971064,-0.1535008818662238,-0.1535008818662238,-0.21021773997784154,0.04161725867043492,0.061885073883499286,0.3509902209930591,-0.24077489028346644,56.919374247894105,68.47172081829122,64.96991576413959,22.503008423586042,0.0,57.2352587244284,False,True,True,False,True,True,False,False,4,4743,合一,TPEx,47150.001525878906
1609.TW,38.54999923706055,485,0.018494076384654612,0.03351206502862403,0.027999979654947937,-0.024050652226315306,0.16674783152438466,-0.025780027106731884,0.0190998523479442,0.03392784208211097,0.0563613104983085,110855179.83763981,1.2705416094228879,0.7781575058991961,-0.038653349028450745,-0.038653349028450745,-0.11885716029575888,0.011494081470917628,0.03601686373038637,0.1382591476776782,-0.1895261536986298,45.40312876052948,70.51744885679904,46.907340553549936,71.11913357400722,0.0,57.170878459687124,False,True,True,True,True,True,False,False,5,1609,大亞,TWSE,38549.99923706055
6209.TW,83.9000015258789,485,0.07564104520357562,0.04875001907348642,-0.004744976410419821,0.08056379851115847,0.3966955405838948,1.1948074174390628,0.05289580332792787,0.12551196574196255,0.11665249533115452,700318549.9487579,0.6825916365510742,0.9129916328032722,-0.004744976410419821,-0.004744976410419821,-0.13065756459647382,0.07682728930618057,-0.03159957591413931,0.42010060132275623,-0.3007246588641044,59.24187725631769,33.81468110709988,63.61612515042118,88.8086642599278,0.0,57.14229843561973,False,True,True,True,True,True,False,False,5,6209,今國光,TWSE,83900.0015258789
5469.TW,75.9000015258789,485,0.04545458844512407,0.016064318964673863,0.02985080961647446,-0.0627178714715656,-0.11064707170194077,-0.030197496913425326,0.04200990890137368,0.04610298309196348,-0.02627962639362147,75869460.37533227,0.9865425959945843,0.6918834573097858,-0.0627178714715656,-0.0627178714715656,-0.1872995128469035,0.03799188604100545,0.05075676677366299,0.2666310782018978,-0.22084366717172754,50.46931407942238,57.761732851985556,62.12394705174488,58.00240673886883,0.0,56.70066185318892,False,True,True,False,True,True,False,False,4,5469,瀚宇博,TWSE,75900.0015258789
3010.TW,128.0,485,0.02400000000000002,0.044897959183673564,-0.01158301158301156,0.044897959183673564,-0.019297099291543773,0.37784698268782235,0.019311168624328134,0.040932502033071305,0.018998847797137453,55628374.075,1.1944862712721884,0.5825942647673024,-0.03396226415094339,-0.03396226415094339,-0.06073527631785647,0.02689575289575291,-0.026548997977569412,0.17530146448344797,-0.10373443983402486,45.04813477737665,67.99037304452466,46.77496991576414,73.6462093862816,0.0,56.65222623345366,False,True,True,True,True,True,False,False,5,3010,華立,TWSE,128000.0
7734.TWO,2825.0,485,0.09496124031007747,0.13453815261044166,0.01073345259391778,0.01073345259391778,0.07474079559537583,1.632119791112797,0.046005739146533386,-0.0469764695960192,-0.0953260220092601,693143636.25,0.8735317619660646,1.1857795283736947,-0.23441734417344173,-0.23441734417344173,-0.35024242372513603,0.09227787716159802,0.007155635062611854,0.6299200943702504,-0.32655826558265577,72.9843561973526,51.50421179302046,71.97954271961493,8.42358604091456,0.0,56.60499398315283,False,True,True,False,True,True,False,False,4,7734,印能科技,TPEx,2825000.0
3653.TW,6800.0,485,0.060842433697347875,0.2977099236641221,0.17850953206239173,1.138194056341315,0.6915255437495365,1.9302873191913053,0.13731393209566822,0.3998762977197885,0.5470834458684437,6889721595.75,1.2720662785829713,0.7629495914614874,-0.017341040462427793,-0.017341040462427793,-0.017341040462427793,0.016215050681749943,-0.20088848671804665,0.6605798532284072,-0.1549865229110512,81.12515042117931,70.7581227436823,31.263537906137184,84.59687123947052,9.572910845119726,56.49748626679363,False,True,False,True,True,True,False,False,4,3653,健策,TWSE,6800000.0
3702.TW,119.0,485,0.04385964912280693,0.12264150943396235,0.16666666666666674,0.16734073642545244,0.2748908531444936,0.9034691802560675,0.07887579329102445,0.08447270135117879,0.10788632118522301,904828542.95,0.8056419949683868,0.6583954464217041,-0.05265807285466484,-0.05265807285466484,-0.05265807285466484,0.0021929824561402467,0.11088642119151593,0.3085202615165156,-0.20709870169624944,70.32490974729242,44.28399518652226,49.77135980746088,64.38026474127557,0.0,56.48255114320095,False,True,True,False,True,True,False,False,4,3702,大聯大,TWSE,119000.0
6937.TW,303.5,485,0.011666666666666714,0.04655172413793096,0.03407155025553665,0.16955684007707128,-0.023622242051771214,0.20125216596411044,0.03240071434645797,0.09264370574822989,0.06204253463805087,158522943.275,1.2801849502802265,1.1924212380058994,-0.01461038961038963,-0.01461038961038963,-0.13195434146423213,0.0031487791027825507,-0.022447396436820442,0.3672947587151152,-0.1924398625429553,45.938628158844764,70.87845968712395,34.27196149217809,85.5595667870036,0.0,56.44705174488568,False,True,True,True,True,True,False,False,5,6937,天虹,TWSE,303500.0
6907.TWO,200.5,162,0.08672086720867211,0.10468319559228645,0.04973821989528804,0.16569767441860472,0.6618431782815539,,0.07391537225495459,0.05739650171398436,0.24286206264968824,334815441.4,0.8484734218442757,0.7224689776643856,-0.16108786610878656,-0.16108786610878656,-0.16108786610878656,0.0742863122348501,-0.005494338244246867,0.6339073964773133,-0.37238493723849375,72.96630565583634,48.856799037304455,67.45487364620939,20.09626955475331,0.0,56.425090252707584,False,True,True,False,True,True,False,False,4,6907,雅特力-KY,TPEx,200500.0
2033.TW,51.20000076293945,485,0.3726542040265819,0.8253120198054191,1.0770791705996867,2.2201259114037737,2.0658681690938723,1.9173790876765278,0.5634781586840916,1.1926412687200925,1.615915235876979,75205708.59560737,1.0468374906418738,1.382349834545805,0.09989262303095447,0.09989262303095447,0.09989262303095447,0.10338441137666021,0.3370372001317622,0.8598146152422929,-0.10211266399588603,99.7352587244284,60.89049338146811,92.6835138387485,100.0,30.0,56.35860409145607,False,False,False,True,True,True,True,False,4,2033,佳大,TWSE,51200.00076293945
0056.TW,57.04999923706055,485,0.003518043417898964,0.03727271340110083,0.040109404268761084,0.12434742423106737,0.5235694437596194,0.7317195120440263,0.018522641041344823,0.07878729203939572,0.15430844712069525,1416505833.011899,1.3865286193756667,0.8051517457115926,-0.001749821279936059,-0.001749821279936059,-0.001749821279936059,-0.006509307649291307,-0.0013397371415947087,0.11625488318537336,-0.10234278723039258,41.74488567990373,73.76654632972323,32.13598074608905,90.25270758122743,0.0,56.22533092659446,False,True,True,True,True,False,False,False,4,0056,元大高股息,TWSE,57049.99923706055
6933.TW,379.0,485,0.08285714285714296,0.20508744038155813,0.14501510574018117,1.6822209671619355,0.9687913737665896,1.0527931229928194,0.12621647723051788,0.6010675819097506,0.9029993900274145,675544991.95,2.6396215066547586,2.094658273894616,-0.0392902408111534,-0.0392902408111534,-0.0392902408111534,0.04660336642209767,-0.4157252166471307,0.9808569333891994,-0.2142857142857143,82.08182912154031,90.1323706377858,45.57160048134777,70.87845968712395,17.733314507429032,55.955614493774334,True,True,False,True,True,True,False,False,5,6933,AMAX-KY,TWSE,379000.0
6245.TWO,88.19999694824219,485,0.04255317422047389,0.05755390089380086,0.12787724284207647,0.14760449950742704,0.22027592546031038,0.14193734282439618,0.050625335893295764,0.1031135648459649,0.10972489114524309,82768368.4485031,0.7307876218970322,1.362920818553462,-0.00563697877342384,-0.00563697877342384,-0.00563697877342384,0.010583863509954772,0.07867574300626745,0.36226887964175997,-0.13192004119473788,61.49819494584837,38.628158844765345,50.44524669073405,88.68832731648617,0.0,55.95246690734055,False,True,True,True,True,True,False,False,5,6245,立端,TPEx,88199.99694824219
4540.TW,61.0,485,0.023489959089290968,0.009933749320585994,0.025210084033613356,0.03214892681783876,0.29237286046605426,0.36924805936371197,0.024091332735598048,0.0726217711051842,0.009947709842055286,144130814.75207788,1.1382157620608886,0.6336365223940872,-0.025559081679251694,-0.025559081679251694,-0.21086678406524528,0.01718743808088763,0.014493775094333769,0.35211485173549206,-0.28836422755692315,42.17208182912154,65.22262334536703,47.47292418772564,78.9410348977136,0.0,55.92779783393502,False,True,True,True,True,True,False,False,5,4540,全球傳動,TWSE,61000.0
6727.TWO,516.0,485,0.10967741935483866,0.08176100628930816,-0.1103448275862069,-0.04113553750447019,0.3836134772851656,2.032687466324972,0.03432723628163359,0.1571334499477568,0.1374479694291959,637943365.825,0.8738335888224344,0.7965529321276668,-0.1103448275862069,-0.1103448275862069,-0.2096632216771831,0.13726362625139038,-0.0966329817513835,0.5570676736737284,-0.4554458411388447,62.59326113116727,51.624548736462096,65.07220216606498,35.74007220216607,0.0,55.89440433212996,False,True,True,False,True,True,False,False,4,6727,亞泰金屬,TPEx,516000.0
2355.TW,43.29999923706055,485,0.040865404454209386,0.06388202519368491,-0.015909108248623904,-0.13393519519245023,-0.15698627607775084,0.21820098794735143,0.03974065444505248,0.02829376179539622,-0.1016272931268315,59078794.15859051,1.1835742257939859,0.6359763539635175,-0.13393519519245023,-0.13393519519245023,-0.33817136264165293,0.04484268151636536,0.028735956815526174,0.30501091548910025,-0.30314307931714557,52.3826714801444,67.38868832731649,63.45968712394704,27.3164861612515,0.0,55.893802647412755,False,True,True,False,True,True,False,False,4,2355,敬鵬,TWSE,43299.99923706055
3062.TW,22.649999618530273,485,0.020270218023688003,0.08894232929458368,0.07345967815345511,-0.06404963204723924,-0.28885402363423507,-0.05031449659312348,0.06213363281703299,0.07168203207892687,-0.0646293756316686,40056340.19905396,1.023230471956717,1.8354332872608488,-0.06404963204723924,-0.06404963204723924,-0.28885402363423507,0.001905298485324225,0.09480955550253485,0.47496333943693086,-0.23541665077209473,57.49699157641396,59.687123947051745,47.809867629362216,56.79903730445247,0.0,55.627557160048134,False,True,True,False,True,True,False,False,4,3062,建漢,TWSE,22649.999618530273
6108.TW,25.700000762939453,485,0.07083336512247729,0.11739133751910669,0.0753138566167002,0.4005449715898608,0.5575758038145122,0.8226950402579061,0.08921385410426308,0.21825008370747745,0.27672790364781097,44368822.564202115,0.5944383302738466,0.45302112849631954,-0.011538432194636461,-0.011538432194636461,-0.011538432194636461,0.05200490096830224,-0.058201133913253406,0.4180984718380801,-0.14807693774883568,72.15403128760529,25.63176895306859,52.94223826714802,86.8832731648616,0.0,55.60379061371841,False,True,True,True,True,True,False,False,5,6108,競國,TWSE,25700.000762939453
2855.TW,57.599998474121094,485,-0.0017331418976789248,0.11627907320596487,0.16129032754253037,0.14285707798134095,0.9366476941512691,1.692200878435747,0.06785314265584841,0.18289319618787814,0.25747578487449463,302472035.3749031,0.9934383551288776,1.5736524359971535,-0.003460220857774976,-0.003460220857774976,-0.003460220857774976,-0.042055723783311516,0.11367130154875005,0.3622582178509782,-0.20436513372859855,54.34416365824308,58.36341756919374,33.12876052948255,89.53068592057761,0.0,55.52406738868832,False,True,True,True,True,False,False,False,4,2855,統一證,TWSE,57599.998474121094
1709.TW,58.5,485,0.21118014335521984,0.49807941467205863,0.6714285714285715,1.5162714662705064,2.1387866136447786,2.7200433657492935,0.4267422731400743,0.8035756577682851,1.2564776061025138,1282352073.0640762,1.4657008763164958,2.1358565930670723,0.09962404438070371,0.09962404438070371,0.09962404438070371,0.04332300049807697,0.1660047493384027,1.0025171710330258,-0.19750895875894192,97.47292418772564,76.41395908543923,73.45968712394705,99.75932611311673,30.0,55.49488567990373,False,False,False,True,True,True,True,False,4,1709,和益,TWSE,58500.0
6739.TWO,1175.0,485,0.10849056603773577,0.11904761904761907,0.049107142857142794,0.05855855855855863,-0.2125480520266727,0.6986462853583171,0.038215153523304624,0.09662767546042805,-0.004790323675794017,397893472.0,0.6035823078549791,2.1220805805111875,-0.10984848484848486,-0.10984848484848486,-0.3046476907398644,0.09621378032345007,0.029587623337623253,0.80808668819954,-0.36790123456790125,76.37785800240673,26.714801444043324,76.41997593261132,35.860409145607704,0.0,55.411853188928994,False,True,True,False,True,True,False,False,4,6739,竹陞科技,TPEx,1175000.0
6166.TW,130.0,485,0.027667984189723382,0.18721461187214605,0.11111111111111116,-0.03202515102167791,0.9933218868997686,1.088544369629365,0.0828821324448148,0.024832479306267308,0.08162173669750628,263758125.925,1.2708242410998558,0.9175081735109174,-0.21921921921921927,-0.21921921921921927,-0.21921921921921927,-0.00010979358805440764,0.12178616145167047,0.5320585931900087,-0.34534534534534533,67.69554753309266,70.63778580024066,49.41034897713598,10.22864019253911,0.0,55.38688327316486,False,True,True,False,True,False,False,False,3,6166,凌華,TWSE,130000.0
6706.TW,154.5,485,0.07291666666666674,0.05102040816326525,0.22619047619047628,0.0880281690140845,0.09187279151943462,1.0794077207826547,0.09322483637006918,0.23932138104907086,0.0686864493768482,1055571028.325,0.6823533735989994,4.354571848125777,-0.057926829268292734,-0.057926829268292734,-0.28637413394919164,0.016369047619047672,0.19684775318578143,0.8139999861908847,-0.3633093525179856,69.29001203369434,33.57400722021661,61.564380264741274,60.770156438026476,0.0,55.36582430806257,False,True,True,False,True,True,False,False,4,6706,惠特,TWSE,154500.0
8105.TW,15.600000381469727,485,0.046979918178581936,0.08333338852282068,-0.02194353805522309,-0.23341522903976197,0.0985915909161581,0.19083968909926985,0.04086741494376822,-0.01592806062077956,-0.07466446788399717,39471523.808351085,1.1439876088703695,0.5359709969131203,-0.23341522903976197,-0.23341522903976197,-0.3797216454040898,0.05246580269238771,0.05586153829136424,0.5236596789827513,-0.31851850909951296,56.931407942238266,65.94464500601684,68.25511432009627,8.543922984356197,0.0,55.20818291215402,False,True,True,False,True,True,False,False,4,8105,凌巨,TWSE,15600.000381469727
6903.TWO,317.0,485,0.027552674230145957,0.06913996627318708,0.022580645161290214,-0.1362397820163488,-0.19689304727167467,1.3915398416108973,0.0358630830814477,-0.0196634280854574,-0.10921401199359615,68893901.575,1.5637584780204743,0.7597714449709344,-0.21921182266009853,-0.21921182266009853,-0.2533325589283941,0.021907512939823404,0.06799390583340648,0.32895654764538673,-0.3214285714285714,53.25511432009627,78.33935018050542,56.57641395908544,10.348977135980746,0.0,55.17478941034898,True,True,True,False,True,True,False,True,5,6903,巨漢,TPEx,317000.0
1560.TW,1015.0,485,0.06282722513089012,0.369770580296896,0.44176136363636354,0.4639049784315181,0.9687971340151018,2.1585957018926396,0.21049493142516407,0.37734644423000274,0.4700490823367198,1840224672.4,0.7572713659131209,1.836489272185177,0.014999999999999902,0.014999999999999902,0.014999999999999902,-0.047613115778200765,0.28712637082585746,0.6248553293573096,-0.21037413432326735,85.3971119133574,40.91456077015644,38.46570397111913,94.22382671480143,6.711647727272724,54.93185407778143,False,True,False,True,True,False,True,False,4,1560,中砂,TWSE,1015000.0
3294.TWO,32.79999923706055,485,-0.026706276127704265,0.12136749528412127,0.08609266253104653,-0.15025905353206392,0.009230745755709036,-0.37284895381378924,0.06805597832822174,0.052518957640688146,-0.026333068951019944,28859842.21284895,8.487617124649022,3.2852244635810477,-0.15025905353206392,-0.15025905353206392,-0.2245862924668024,-0.048229441760465896,0.13617901370840116,0.42203223272360807,-0.2904509427411929,44.03128760529482,99.03730445246691,33.249097472924184,22.984356197352586,0.0,54.68050541516245,True,True,True,False,True,False,False,False,4,3294,英濟,TPEx,32799.99923706055
6449.TW,224.5,485,0.0665083135391924,0.034562211981566726,-0.0022222222222222365,-0.2984375,0.3495402310764333,0.1870300898984063,0.028636884306987298,-0.04434196523589917,-0.14390677695276466,277548140.2,1.0559478348235936,1.0265090399155896,-0.36221590909090906,-0.36221590909090906,-0.5103180196772329,0.06706386909474796,0.09725694444444444,0.6171635228718682,-0.45596590909090906,55.06618531889289,61.8531889290012,77.43682310469315,1.5643802647412757,0.0,54.66967509025271,False,True,True,False,True,True,False,False,4,6449,鈺邦,TWSE,224500.0
2426.TW,104.0,485,0.06339464984434628,0.04208413647105802,-0.004784688995215336,0.41496598639455784,1.002406738868833,4.817047786439928,0.05327120757242665,0.3071484650517671,0.39752482328762007,4248766086.2035203,0.8160365970059238,1.0329609184382285,-0.032558139534883734,-0.032558139534883734,-0.032558139534883734,0.06459082209315012,-0.14310668446006794,0.7631789619571698,-0.3409722116258409,55.27075812274368,45.246690734055356,53.15884476534296,74.60890493381469,0.0,54.63628158844765,False,True,True,True,True,True,False,False,5,2426,鼎元,TWSE,104000.0
3711.TW,713.0,485,0.02886002886002892,0.17851239669421481,0.21052631578947367,0.14080000000000004,0.7233941496350853,3.2574971524610747,0.10149853236520934,0.14654802744425388,0.20689495235803368,9748486021.9,0.6812465362525115,0.8582390380363458,0.004225352112676051,0.004225352112676051,-0.010292899890047558,-0.0237715500873395,0.16359298245614032,0.417563982508594,-0.26939970717423134,69.66305655836342,33.45367027677497,39.42238267148014,92.17809867629362,0.0,54.6173285198556,False,True,True,True,True,False,True,False,5,3711,日月光投控,TWSE,713000.0
0050.TW,112.80000305175781,485,0.008493559147043861,0.061647087545955825,0.04011070747739787,0.06861035037522267,0.4054044240102326,1.0279856639791771,0.030560525733206,0.06943695997707078,0.10909843253258455,7552718651.288449,0.9842342884133244,0.9588568965245073,0.00311254880404066,0.00311254880404066,0.00311254880404066,-0.0015341177223056057,0.017240590685656976,0.15992635177427403,-0.11589320509518664,47.123947051744885,57.64139590854393,37.59927797833935,91.81708784596871,0.0,54.601985559566785,False,True,True,True,True,False,True,False,5,0050,元大台灣50,TWSE,112800.00305175781
2345.TW,1965.0,485,0.039682539682539764,0.06793478260869557,-0.08177570093457942,-0.17989483762027014,0.08821654436245763,0.8596752319759222,0.025841816758026548,-0.06495583778392666,-0.12475681991697452,6917833538.75,1.4343121190079557,1.2012399539484162,-0.19815622476380468,-0.19815622476380468,-0.2797984956251327,0.06012646491618462,-0.02181075506115604,0.5210990973688676,-0.27568819285280066,48.92900120336944,75.09025270758123,60.559566787003604,14.079422382671481,0.0,54.457581227436826,False,True,True,False,True,True,False,False,4,2345,智邦,TWSE,1965000.0
2330.TW,2500.0,485,0.0,0.050420168067226934,0.051303616484440706,0.017184255179742536,0.2633408765722749,1.0005202524836294,0.02247484584569115,0.04259775625394524,0.06951548129991147,46824706091.18178,1.0880722673711254,1.0811916851203245,-0.003984063745019917,-0.003984063745019917,-0.003984063745019917,-0.012825904121110177,0.04557553142452653,0.16633501557755406,-0.10931173125830118,43.477737665463295,63.41756919374247,35.186522262334535,89.29001203369434,0.0,54.25872442839951,False,True,True,True,True,False,False,False,4,2330,台積電,TWSE,2500000.0
6788.TWO,360.0,485,0.0714285714285714,0.10260336906584988,-0.021739130434782594,-0.11764705882352944,0.01125927432154894,0.4956099624160244,0.057191101974891856,0.0262013920231845,-0.07220850486744812,78070545.6,0.7540025592912755,0.9383914860235254,-0.11764705882352944,-0.11764705882352944,-0.28651110870791185,0.07686335403726705,0.017476555839727216,0.3765812407400367,-0.27261462205700127,63.43862815884476,40.794223826714806,71.31768953068593,32.97232250300842,0.0,54.045126353790614,False,True,True,False,True,True,False,False,4,6788,華景電,TPEx,360000.0
8081.TW,257.0,485,0.02594810379241519,0.03838383838383841,-0.001941747572815511,-0.1302876480541455,0.17077372648590816,0.2291797543676919,0.023292852876766856,0.007119064724707691,-0.010137987520990377,73497039.375,1.3553779430254853,0.4470952270453552,-0.1302876480541455,-0.1302876480541455,-0.20679012345679015,0.026433540685619067,0.04148746844523299,0.18369577971478845,-0.18021201413427557,45.87845968712394,73.04452466907341,56.19735258724429,28.640192539109506,0.0,54.022262334536705,False,True,True,False,True,True,False,False,4,8081,致新,TWSE,257000.0
2850.TW,158.5,485,0.0,0.009554140127388644,-0.01552795031055898,0.08561643835616439,0.3388592741773069,0.508488560670723,0.0006313131313131493,0.009232728430436099,0.09566474481172826,46020761.775,3.483404618016748,1.2610625903713637,-0.05934718100890213,-0.05934718100890213,-0.05934718100890213,0.003881987577639745,-0.044066763095947106,0.2093575220948045,-0.0771513353115727,29.554753309265944,94.22382671480143,31.5884476534296,59.56678700361011,0.0,53.965703971119126,True,True,True,False,True,True,False,True,5,2850,新產,TWSE,158500.0
3645.TW,74.0,485,0.019283767979388466,0.08029197080291972,0.020689655172413834,-0.10660999663988402,-0.1688706260071715,0.026422148211235008,0.04012930668165837,0.0517096864992137,-0.12216244347286176,192147044.00094453,1.1806077717625434,1.2155517674401533,-0.10660999663988402,-0.10660999663988402,-0.3605608678462653,0.014111354186285008,0.05622632071904184,0.37703381570376876,-0.26391954816061813,52.418772563176894,67.26835138387484,49.75932611311673,37.42478941034898,0.0,53.959687123947056,False,True,True,False,True,True,False,False,4,3645,達邁,TWSE,74000.0
2375.TW,126.0,485,0.06779661016949157,0.045643153526971014,0.008000000000000007,-0.33731092176659494,0.4864054570598102,0.9278228152370529,0.04586013695787505,-0.026117647636028862,-0.06256133023142296,333563723.95,0.9235948759688429,0.48114820586512325,-0.33731092176659494,-0.33731092176659494,-0.45274707839788897,0.06579661016949157,0.12043697392219832,0.4308680932072753,-0.4376657640633075,58.26714801444044,54.2719614921781,79.32009626955475,2.166064981949458,0.0,53.916666666666664,False,True,True,False,True,True,False,False,4,2375,凱美,TWSE,126000.0
3036.TW,213.5,485,0.03640776699029136,0.11780104712041894,0.14171122994652396,0.014251781472684133,-0.03687925424156746,0.7290672021625797,0.0705779114955496,0.05662556192518653,-0.025999403006556565,1439363777.05,0.8328520989121567,0.6604341575122498,-0.08565310492505351,-0.08565310492505351,-0.2716698471395005,0.0009799595036603659,0.13696063612229592,0.2859513700112272,-0.1991434689507494,67.17809867629362,47.41275571600481,50.186522262334535,45.84837545126354,0.0,53.80114320096269,False,True,True,False,True,True,False,False,4,3036,文曄,TWSE,213500.0
1304.TW,12.699999809265137,485,0.036734678307358104,0.04098360719811489,0.007936462283165913,-0.0692523449336343,-0.23317506131414034,0.25924689992275396,0.024813378230249983,0.02967342730114164,-0.007458205672070117,29818436.34333391,0.9385455024069855,0.8800178854760677,-0.08254874916638655,-0.08254874916638655,-0.23317506131414034,0.034750562736566626,0.031020577261044013,0.3025526074973351,-0.20174514575146463,50.812274368231044,55.23465703971119,59.10348977135982,47.65342960288809,0.0,53.73796630565584,False,True,True,False,True,True,False,False,4,1304,台聚,TWSE,12699.999809265137
6227.TWO,140.5,485,0.044609665427509215,0.0563909774436091,0.2112068965517242,0.1970987950171934,0.5653381216995867,0.61734274425823,0.09980430528375739,0.18967293905524474,0.2317552784410568,206462224.125,0.6391551288483106,2.6151739155969844,0.021818181818181737,0.021818181818181737,0.021818181818181737,-0.008192058710421835,0.14550729821265973,0.50303172171933,-0.13278012067342193,63.986161251504214,29.362214199759322,45.66787003610108,95.0661853188929,0.0,53.681407942238266,False,True,True,True,True,False,True,False,5,6227,茂綸,TPEx,140500.0
6531.TW,1000.0,485,0.01317122593718345,0.05374077976817704,0.04493207941483801,0.079913606911447,0.7757707868364054,2.0838041276183703,0.04871270515442294,0.1253235305150231,0.09624244690833117,3396987931.25,0.9979673205957923,1.1770653254366994,-0.029126213592232997,-0.029126213592232997,-0.15389749393774577,0.0019382060834739478,0.01829421044435568,0.7407752243851218,-0.3563096500530223,48.33333333333333,58.48375451263538,40.00601684717208,77.37665463297232,0.0,53.65312876052948,False,True,True,True,True,True,False,False,5,6531,愛普*,TWSE,1000000.0
3338.TW,69.0,485,0.029850746268656803,0.059907858944562964,0.03759398496240607,0.025259983226669114,0.1901764300673794,0.1801749481143331,0.03308878928664871,0.06473266599339644,0.0022243432553097353,29486687.331288148,0.7130560954146388,1.4830329568775833,-0.007194244604316502,-0.007194244604316502,-0.20833807480163735,0.020452250028055285,0.02917399055351636,0.31573007271797515,-0.21151080234445252,53.86883273164861,37.18411552346571,51.973525872442835,88.32731648616125,0.0,53.5583634175692,False,True,True,True,True,True,False,False,5,3338,泰碩,TWSE,69000.0
3178.TWO,71.4000015258789,485,0.020000021798270096,0.1647634977899337,0.14057513204885685,0.10015408085018485,0.06092122270734435,0.19188879828753902,0.094672305224907,0.14313162446744854,0.09268991605455401,33109061.60357208,0.8635123126937088,8.607961429375445,-0.05928853635748188,-0.05928853635748188,-0.05928853635748188,-0.015143761213944118,0.10719043843212858,0.635313753393016,-0.23762370788590226,65.03610108303249,50.30084235860409,39.88567990373045,59.687123947051745,0.0,53.52557160048135,False,True,True,False,True,False,False,False,3,3178,公準,TPEx,71400.0015258789
2006.TW,86.5999984741211,485,0.009323955639962911,0.0678175105238139,0.04715842406039905,0.2587208522210742,0.21629216553300856,0.5491913270229245,0.03464753254624964,0.08550774265359706,0.17390565871370778,146490383.2212864,1.11004872154332,0.6499988213692467,-0.02146894379524189,-0.02146894379524189,-0.02146894379524189,-0.002465650375136852,-0.03908186001329235,0.31736772278618,-0.096045197740113,48.86281588447654,64.13959085439231,28.267148014440437,81.58844765342961,0.0,53.20577617328521,False,True,True,True,True,False,False,False,4,2006,東和鋼鐵,TWSE,86599.9984741211
8358.TWO,519.0,485,0.04426559356136828,0.01764705882352935,0.031809145129224614,-0.0031065228538931233,0.8166386816913529,1.4886647942576858,0.03458586664008778,0.1699873656288864,0.09284890525891765,5506684378.6,0.7718131464589498,0.399040407120695,-0.04419889502762431,-0.04419889502762431,-0.2551781405065453,0.036313307279062124,0.032844652747188986,0.6896411890612179,-0.48923027652030027,50.63778580024068,42.11793020457281,59.99398315282792,68.71239470517449,0.0,53.13206979542719,False,True,True,True,True,True,False,False,5,8358,金居,TPEx,519000.0
5425.TWO,102.0,485,0.06583075499119473,0.07594933245214364,0.10270270270270276,-0.23172822739110033,0.8171297414785244,0.9242166852021341,0.0971871116289198,0.11910485522534175,0.12513899109669757,1068767027.0164299,0.7905592657409761,0.6457795703395148,-0.23172822739110033,-0.23172822739110033,-0.2744100018018526,0.04015507931551904,0.17994544516640287,0.39998615837494894,-0.47251227700220344,68.5740072202166,43.20096269554753,72.97833935018049,9.025270758122744,0.0,53.13086642599277,False,True,True,False,True,True,False,False,4,5425,台半,TPEx,102000.0
2376.TW,373.5,485,0.023287671232876672,0.06714285714285717,0.03319502074688807,0.156155259438171,0.4670910043452876,0.43448901832802544,0.04409812006429514,0.07822581698200493,0.135098351007644,1944001464.5,1.049120789104781,0.6844349131603765,-0.060377358490566024,-0.060377358490566024,-0.060377358490566024,0.014988916046154654,-0.018856732399168928,0.2812302245911202,-0.14591194968553456,52.304452466907335,61.13116726835138,40.89049338146811,58.724428399518644,0.0,53.06197352587243,False,True,True,False,True,True,False,False,4,2376,技嘉,TWSE,373500.0
3317.TWO,65.30000305175781,485,-0.01804506689085994,0.1765766315632038,0.04480004882812505,-0.33529082980366043,0.27531408084839737,0.30051796584086055,0.08987737784083016,-0.0393718474292879,-0.08320220515365073,142383621.6996952,4.694078082620854,3.2040534314631306,-0.33529082980366043,-0.33529082980366043,-0.37624450451787184,-0.029245079097891202,0.15656365876267853,0.644969496749467,-0.4387468304680664,46.94945848375451,96.63056558363418,37.8459687123947,2.406738868832732,0.0,52.89651022864019,True,True,True,False,True,False,False,False,4,3317,尼克森,TPEx,65300.00305175781
5288.TW,188.5,485,-0.002645502645502673,0.016172506738544534,-0.015665796344647487,0.049064769572004785,0.25080795772162956,0.7344537739616053,0.010452961672473782,0.01000144747239129,0.07831107291545991,24544561.8,2.1049145845339092,1.1628805099636517,-0.04556962025316458,-0.04556962025316458,-0.04556962025316458,0.0012709464406591986,-0.03202071953531575,0.2370605666974825,-0.08607594936708862,29.584837545126355,85.5595667870036,31.50421179302046,68.47172081829122,0.0,52.690132370637784,True,True,True,True,True,True,False,True,6,5288,豐祥-KY,TWSE,188500.0
6152.TW,15.699999809265137,485,0.04318934287658216,0.036303643866904656,0.1254480303890546,0.17602991465508055,-0.1277777883741591,0.6405433970657524,0.056527575300256316,0.14459293870705725,0.10053155875491471,21246136.258410312,0.6962688073366158,0.9450589715418972,-0.024844755448886202,-0.024844755448886202,-0.1277777883741591,0.011827335279318507,0.06677139217069442,0.4746569768209348,-0.1821561222311271,58.285198555956676,35.49939831528279,49.79542719614922,79.30204572803851,0.0,52.47954271961492,False,True,True,True,True,True,False,False,5,6152,百一,TWSE,15699.999809265137
6658.TW,182.0,485,0.025352112676056304,0.08656716417910437,-0.005464480874316946,-0.05208333333333337,1.2148631665265301,2.042677268819078,0.04402696113580973,0.09991941982272357,0.07173846068458922,39088831.6,0.8220691071148202,0.5788668411842876,-0.05208333333333337,-0.05208333333333337,-0.29182879377431903,0.02671823289463554,0.011896630236794176,0.3412857179040592,-0.275766016713092,52.442839951865224,45.96871239470517,52.761732851985556,64.74127557160048,0.0,52.42509025270758,False,True,True,False,True,True,False,False,4,6658,聯策,TWSE,182000.0
6869.TW,70.5,485,-0.007042253521126751,0.08796291172531912,0.058558582811294446,0.013059540726730656,-0.12274925397987368,-0.38703488449611334,0.05247443097869264,0.05773333308265238,-0.029801441892135294,28433735.2161129,1.035141996692895,0.9133439327023083,-0.01947150898703398,-0.01947150898703398,-0.1866028817638139,-0.021681899223950363,0.054205402569050896,0.30431916615981036,-0.09544155611832905,46.335740072202164,59.92779783393502,31.949458483754512,83.27316486161251,0.0,52.35740072202166,False,True,True,True,True,False,False,False,4,6869,雲豹能源,TWSE,70500.0
3138.TW,99.5,485,0.02471680292063594,0.04626710406390022,0.028955565047809495,-0.1289718557558398,-0.4323637102450675,0.09587055722781468,0.03478758747530719,0.02329677673179731,-0.19479067430653207,60871755.24256782,1.1395277559590904,3.516523840699952,-0.1289718557558398,-0.1289718557558398,-0.48970070382580166,0.017477911658683565,0.07194618363308944,0.6434804222087765,-0.2776917589468735,49.536702767749695,65.34296028880865,53.856799037304455,28.880866425992778,0.0,52.26022864019254,False,True,True,False,True,True,False,False,4,3138,耀登,TWSE,99500.0
2478.TW,127.0,485,0.06276150627615062,0.05833333333333335,0.04958677685950419,-0.2905027932960894,0.928213306780763,1.9352912822902835,0.051324503311258374,-0.003517765567813247,-0.02932510692991963,320963042.475,0.825558690086908,0.3411362972812246,-0.2905027932960894,-0.2905027932960894,-0.46934297922543233,0.05036481206127458,0.146421041291534,0.5280158781472778,-0.4258620601960983,62.569193742478944,46.32972322503009,74.92779783393502,4.332129963898916,0.0,52.051444043321304,False,True,True,False,True,True,False,False,4,2478,大毅,TWSE,127000.0
3357.TWO,215.5,485,0.04611650485436902,0.07213930348258701,0.031100478468899517,-0.20772058823529416,0.3657899170082186,0.7821892851024872,0.04446867805646448,0.0036092676679473357,-0.060473217778268085,222140478.05,0.872564070859536,0.5222156163904611,-0.2163636363636363,-0.2163636363636363,-0.37008831514709495,0.03834138523714414,0.10034067454733091,0.36202854196460144,-0.35818181818181816,60.120336943441636,51.143200962695545,67.49699157641396,11.070998796630565,0.0,51.91395908543923,False,True,True,False,True,True,False,False,4,3357,臺慶科,TPEx,215500.0
3380.TW,31.950000762939453,485,0.03064518590127263,0.05794701840364014,0.06322800579427779,-0.05275751522678962,-0.1702542396976756,0.1754730294198037,0.03658043720285575,0.07764838005935726,-0.005214770919223843,121889225.32605152,0.7537614529074835,2.1091141023504165,-0.05275751522678962,-0.05275751522678962,-0.21918035155758375,0.014838184452703185,0.08081384420320765,0.5046249375181181,-0.22074992924286307,55.54151624548736,40.67388688327316,53.03249097472924,64.25992779783394,0.0,51.76173285198556,False,True,True,False,True,True,False,False,4,3380,明泰,TWSE,31950.000762939453
2476.TW,126.0,485,0.032786885245901676,0.07234042553191489,0.003984063745019917,-0.02275552509072387,0.2646692764507508,0.21694591456126355,0.03746397694524495,0.04807489265780407,0.05534572173413621,119876024.1,0.6653169226355368,0.5391835472301046,-0.02275552509072387,-0.02275552509072387,-0.05149800634537316,0.0317908693096467,0.011569238775261208,0.2543525451071639,-0.19771861062658946,53.778580024067395,32.37063778580024,54.711191335740075,80.86642599277978,0.0,51.65252707581228,False,True,True,True,True,True,False,False,5,2476,鉅祥,TWSE,126000.0
2485.TW,41.29999923706055,485,0.052229279925109395,0.0603337208752277,-0.023640662364926568,-0.1772908643549146,-0.4888614148862701,1.9927535265389937,0.03521742469180911,-0.003899202691776238,-0.22784495885179112,82389264.25102386,0.8884513611854213,0.5373593424008142,-0.1772908643549146,-0.1772908643549146,-0.4888614148862701,0.05813944551634104,0.035456292420044964,0.4008021682994819,-0.3486974147055887,54.073405535499404,52.105896510228646,68.32731648616125,16.84717208182912,0.0,51.462695547533094,False,True,True,False,True,True,False,False,4,2485,兆赫,TWSE,41299.99923706055
3680.TWO,552.0,485,0.045454545454545414,0.08023483365949113,0.06153846153846154,0.09960159362549792,0.4593014174830221,0.7772497277569601,0.03959696784217703,0.13103165659256222,0.09467650676482187,962681888.925,0.552662581895715,1.5486609220682903,-0.02473498233215543,-0.02473498233215543,-0.09622815822858488,0.03006993006993003,0.028337930329962235,0.5222539502922794,-0.30414312617702444,63.357400722021666,21.41997593261131,56.37785800240674,79.42238267148014,0.0,51.44103489771359,False,True,True,True,True,True,False,False,5,3680,家登,TPEx,552000.0
3691.TWO,113.0,485,-0.06995884773662553,0.1844863542203068,0.11330049261083741,-0.226027397260274,-0.004405286343612369,0.3532934131736527,0.08889423834854071,0.03169651616435143,-0.1095175242535843,100789405.13282013,3.7662354426677958,1.8576577382572323,-0.226027397260274,-0.226027397260274,-0.33333333333333337,-0.09828397088933488,0.1886429583642621,0.6230658326947595,-0.34755242621148386,44.8977135980746,94.94584837545126,32.09386281588448,9.50661853188929,0.0,51.40252707581227,True,False,True,False,True,False,False,False,3,3691,碩禾,TPEx,113000.0
1714.TW,16.850000381469727,485,0.0664557074721166,0.08012820316881508,-0.028818443170411268,-0.04039199635546231,0.6781322774484495,1.1893369038113977,0.05017141798068914,0.05819398339440052,0.1792809298065705,145588805.75526872,0.6922254184692052,0.44127838442231077,-0.09164414692774958,-0.09164414692774958,-0.25129489898448865,0.07366031826471942,-0.015354444385257163,0.47077856150882613,-0.26956516976668365,59.36221419975932,34.89771359807461,65.661853188929,43.561973525872446,0.0,51.227737665463295,False,True,True,False,True,True,False,False,4,1714,和桐,TWSE,16850.000381469727
4542.TWO,336.5,485,0.015082956259426794,0.3274161735700196,0.1310924369747899,-0.14048531289910604,0.9450867052023122,4.501437079373244,0.14116150911403147,0.14390934844192627,0.1686733040055568,260652404.125,0.9151177716993819,0.9214624013513812,-0.14048531289910604,-0.14048531289910604,-0.3188259109311741,-0.01769015298427068,0.17792087460782524,0.7728590643491177,-0.38844086021505375,68.3393501805054,54.151624548736464,42.61131167268351,24.789410348977135,0.0,51.11853188929001,False,True,True,False,True,False,False,False,3,4542,科嶠,TPEx,336500.0
5209.TWO,176.0,485,0.05074626865671639,0.01734104046242768,0.13548387096774195,0.11746031746031749,0.1430934056709814,0.19326045766526478,0.05168807887660587,0.09589041095890405,0.11137500315066284,26625663.725,0.5524040944592089,3.352352130170695,0.0,0.0,0.0,0.0168753009147809,0.09633043181430279,0.40931161382723885,-0.06134969325153372,56.88327316486161,21.299638989169676,56.03489771359808,90.91456077015644,0.0,51.10078219013237,False,True,True,True,True,True,True,False,6,5209,新鼎,TPEx,176000.0
6279.TWO,117.0,485,0.054054054054053946,0.054054054054053946,-0.03703703703703709,-0.01373954350040818,0.1816067404042856,-0.059259261531270147,0.03654485049833878,0.011940979228969528,0.031152187868864756,46844653.275,0.7298829055322488,0.47825060487000004,-0.06286364208846262,-0.06286364208846262,-0.06286364208846262,0.06331331331331322,-0.032457189203567695,0.2362437427632872,-0.11492677308354804,52.572202166064976,38.50782190132371,59.80746089049339,57.88206979542719,0.0,50.95818291215403,False,True,True,False,True,True,False,False,4,6279,胡連,TPEx,117000.0
1513.TW,167.5,485,0.012084592145015005,0.03076923076923066,0.015151515151515138,0.012084592145015005,0.14569313031658182,0.08822885036516248,0.011931732366711856,0.02336948220559032,0.04135536746633717,277768250.1,0.8744421045406711,0.5062053385865518,-0.020467836257309968,-0.020467836257309968,-0.07180480951302659,0.00829671335713622,0.01112331776984347,0.15468502364877126,-0.14035087719298245,41.83513838748495,51.74488567990373,41.71480144404332,82.31046931407943,0.0,50.84927797833935,False,True,True,True,True,True,False,False,5,1513,中興電,TWSE,167500.0
6885.TW,30.399999618530273,485,0.004958665075381008,0.1176470134497527,0.23577232305368057,0.3881278606419647,0.2746330873080225,-0.06891276576404581,0.07070527413921912,0.2868178568705999,0.3129858685553717,35070773.06858959,0.8861433852178783,3.106946227988605,-0.050000011920928955,-0.050000011920928955,-0.050000011920928955,-0.053984415688039133,0.106396369506359,0.6206348717646076,-0.07093826624020039,58.71239470517449,51.985559566786996,30.53549939831528,66.06498194945848,0.0,50.75300842358604,False,True,True,False,True,False,False,False,3,6885,全福生技,TWSE,30399.999618530273
6902.TW,150.0,485,-0.10979228486646886,0.19521912350597614,0.20967741935483875,0.11524163568773238,0.9379844579182222,0.9083969836130115,0.06496272630457933,0.14547537227949614,0.18225824472771834,75841022.45,1.9959854809403963,5.505033534464043,-0.15014164305949007,-0.15014164305949007,-0.15014164305949007,-0.16221163970517855,0.17126354079226128,0.7294291613748419,-0.17454545454545456,47.16004813477738,84.11552346570397,29.94584837545126,23.104693140794225,0.0,50.33483754512635,True,False,True,False,True,False,False,False,3,6902,GOGOLOOK,TWSE,150000.0
7749.TW,397.5,320,-0.011194029850746245,0.10724233983286902,0.07432432432432434,-0.008228594245077936,0.0857844651215598,-0.25114869308852406,0.07410660001351088,0.0993456042254206,-0.029383260616203444,89958418.15,0.8598443782070406,1.3261261013594314,-0.011194029850746245,-0.011194029850746245,-0.2525252339760924,-0.02977511093182733,0.07706718907268366,0.4050208252041497,-0.22771647721679222,46.805054151624546,50.06016847172082,32.00361010830325,87.12394705174489,0.0,50.12906137184116,False,True,True,True,True,False,False,False,4,7749,意騰-KY,TWSE,397500.0
8110.TW,49.95000076293945,485,0.005030181009301415,0.1921240798067414,0.11744966242489974,0.002894694737000103,0.05752306339334878,2.2256112303880276,0.09419497380587782,0.11439568630882402,0.03635740782315233,442166762.7081175,0.7486081036008594,2.0461642526946955,-0.04126675190306539,-0.04126675190306539,-0.21091257848483513,-0.02433223459692352,0.11648476417923304,0.6172462412969889,-0.33300393245543025,60.69795427196149,39.95186522262335,37.2503008423586,70.03610108303249,0.0,50.01293622141997,False,True,True,True,True,False,False,False,4,8110,華東,TWSE,49950.00076293945
4764.TW,203.5,485,0.07387862796833766,-0.02631578947368418,-0.15208333333333335,-0.3560126582278481,0.1989035935619068,4.103946805822558,-0.010815408919674252,-0.16001782894748162,-0.23156491618859865,179035293.675,1.2630283587935278,0.5308740566666936,-0.43444070059830675,-0.43444070059830675,-0.43444070059830675,0.111899461301671,-0.03341244725738397,0.6791199001106599,-0.49141350471493916,37.966305655836344,70.27677496991576,68.55595667870037,0.842358604091456,0.0,49.738267148014444,False,True,True,False,True,True,False,False,4,4764,雙鍵,TWSE,203500.0
6679.TWO,209.0,485,0.037220843672456594,0.05822784810126591,0.022004889975550057,-0.15895372233400407,-0.17106166014689073,0.012052992854979072,0.039413154295660835,-0.0053145078131197065,-0.15866524406656513,56965096.55,0.8504226460529892,1.1937102485964342,-0.1606425702811245,-0.1606425702811245,-0.38339462161870397,0.03171962117856908,0.07498946408688476,0.23324993267099872,-0.22088353413654616,54.66305655836341,49.458483754512635,61.79302045728038,20.216606498194945,0.0,49.717208182912145,False,True,True,False,True,True,False,False,4,6679,鈺太,TPEx,209000.0
2329.TW,45.0,485,0.014656179216290033,0.057579337411727494,0.038062320275833894,-0.136276366258394,-0.21722787715277625,-0.04536013812419604,0.04094379087248923,0.019002512112731074,-0.10105312702027114,100394796.0061098,1.0818631813802373,1.0857058801259925,-0.136276366258394,-0.136276366258394,-0.2648967326624948,0.005140599147331559,0.08348777569529856,0.2650685614820653,-0.26945528944868125,48.82671480144404,63.29723225030084,48.47172081829121,26.113116726835138,0.0,49.67208182912153,False,True,True,False,True,True,False,False,4,2329,華泰,TWSE,45000.0
8996.TW,1510.0,485,-0.01948051948051943,0.16153846153846163,0.19367588932806323,0.14393939393939403,0.3789954337899544,3.621565327201095,0.08224332556889435,0.2554214530186927,0.24723811097115256,6072865120.0,1.1420358516934879,1.2861516200613492,-0.08761329305135956,-0.08761329305135956,-0.08761329305135956,-0.06789949181253524,0.14569609134826522,0.9295941965278726,-0.3725806451612903,51.13718411552347,65.58363417569194,31.47412755716005,44.765342960288805,0.0,49.59957882069796,False,True,True,False,True,False,False,False,3,8996,高力,TWSE,1510000.0
3131.TWO,2430.0,485,0.02748414376321362,0.04516129032258065,0.01039501039501034,-0.2042687665129772,-0.2898926521688414,0.7676600306246077,0.0013392397239104792,-0.04630630416293979,-0.14559853236962406,970223961.0,1.1089987741329805,0.6936912642304499,-0.25121809989581445,-0.25121809989581445,-0.3662678441074214,0.024885391164461035,0.07848459923266941,0.5054514460994871,-0.3359567922944363,48.4416365824308,64.01925391095065,59.32009626955475,6.4981949458483745,0.0,49.54302045728038,False,True,True,False,True,True,False,False,4,3131,弘塑,TPEx,2430000.0
3211.TWO,397.0,485,0.044736842105263186,0.0729729729729729,0.012755102040816313,-0.07134502923976604,0.13624199868390874,0.12839501375353546,0.05137711864406769,0.05493921477446362,0.03660522919870268,1347169594.8,0.7510857592028563,0.4054595961882407,-0.1322404371584699,-0.1322404371584699,-0.1322404371584699,0.04154806659505911,0.03653677845407166,0.3912227615221998,-0.3759562841530054,58.39350180505416,40.312876052948255,62.82791817087846,28.038507821901327,0.0,49.52466907340554,False,True,True,False,True,True,False,False,4,3211,順達,TPEx,397000.0
2395.TW,716.0,485,0.021398002853067144,0.030215827338129442,0.034682080924855585,0.3395582188757911,1.1354707924598646,1.2574035386427052,0.03311449390375887,0.11838712914554805,0.3191214012992001,1904079951.85,0.8593588020005682,0.6860007550749084,-0.019178082191780854,-0.019178082191780854,-0.019178082191780854,0.012727482621853248,-0.07850399203374143,0.36372261372667547,-0.08833333333333337,46.26353790613719,49.939831528279186,32.545126353790614,83.51383874849579,0.0,49.52436823104693,False,True,True,True,True,True,False,False,5,2395,研華,TWSE,716000.0
8261.TW,186.5,485,0.0332409972299168,0.0749279538904899,0.053672316384180796,-0.456268221574344,0.7046725739376449,1.0302431963605176,0.07076216448973716,-0.05569620253164553,-0.0006822300576133644,488299917.35,0.8894497268395911,0.43198049641272723,-0.456268221574344,-0.456268221574344,-0.4624470021101079,0.019822918133871603,0.2057617235756288,0.47574945669849816,-0.5138461538461538,58.72442839951866,52.226233453670275,64.36823104693141,0.601684717208183,0.0,49.467509025270765,False,True,True,False,True,True,False,False,4,8261,富鼎,TWSE,186500.0
6285.TW,238.0,485,0.034782608695652195,0.08675799086757996,-0.03054989816700615,-0.05367793240556662,-0.02414571125562537,1.0422941262580725,0.02807775377969768,-0.007402773433427212,-0.04576051532659664,682164381.65,0.8215024610328748,0.5541650674788089,-0.10861423220973787,-0.10861423220973787,-0.2413420960958922,0.04242008323740373,-0.012657254031817278,0.37259063088370037,-0.2359550561797753,53.35138387484958,45.84837545126354,56.395908543922985,36.34175691937425,0.0,49.31016847172082,False,True,True,False,True,True,False,False,4,6285,啟碁,TWSE,238000.0
4989.TW,63.900001525878906,485,0.06677796157103377,0.042414393493930946,0.0015674340127620479,-0.3506097506606908,-0.21402215095615174,1.3152174145903461,0.052371565309442314,-0.02058956583689575,-0.20754714642520666,164589046.46004087,0.7473325659633479,0.39702226500003407,-0.3506097506606908,-0.3506097506606908,-0.4515021328250738,0.06638610306784326,0.11843735089965897,0.406631994246667,-0.44444446291308226,56.907340553549936,39.71119133574007,79.30806257521058,1.9253910950661854,0.0,49.10138387484957,False,True,True,False,True,True,False,False,4,4989,榮科,TWSE,63900.001525878906
1309.TW,14.300000190734863,485,0.03249096006287511,0.04379564889219578,0.036231883557196864,-0.0271774090528345,-0.38525890184698197,0.33763107340021214,0.03548154964590755,0.05075584249633036,-0.050860927562710545,27500053.05847602,0.7371282510258413,0.9627275346004526,-0.07142853604176846,-0.07142853604176846,-0.38525890184698197,0.02343298917357589,0.045291019908141696,0.32537708594652687,-0.21103896626655694,52.123947051744885,39.10950661853189,55.168471720818296,52.226233453670275,0.0,48.996089049338146,False,True,True,False,True,True,False,False,4,1309,台達化,TWSE,14300.000190734863
2308.TW,1885.0,485,-0.007894736842105288,0.10233918128654973,0.08959537572254339,0.0,0.08899809329141406,1.26657492876552,0.051603905160390484,0.061672768234300124,-0.030076865874904324,18518529106.5,0.8026229527811898,1.037597196746655,-0.01308900523560208,-0.01308900523560208,-0.24807271985708923,-0.030293580772741135,0.08959537572254339,0.5087494422604275,-0.21522309711286092,48.57701564380265,44.04332129963899,33.03249097472924,86.28158844765343,0.0,48.98646209386281,False,True,True,True,True,False,False,False,4,2308,台達電,TWSE,1885000.0
6138.TWO,284.5,485,0.03642987249544616,0.044036697247706424,-0.01215277777777779,-0.20764516291068924,0.34449348737026475,0.34754224306434645,0.03191875226695684,-0.016056102272842043,-0.0266682346882533,116890462.425,0.935739142472528,0.5027815315422826,-0.20975250175215043,-0.20975250175215043,-0.32469757159041845,0.039468066939890606,0.057062276525785285,0.3080965765944882,-0.3151596109903829,48.97713598074609,55.11432009626955,63.56799037304453,12.154031287605296,0.0,48.94253910950661,False,True,True,False,True,True,False,False,4,6138,茂達,TPEx,284500.0
6225.TW,68.30000305175781,485,0.47835501999702257,0.13079472394539726,0.17758625951306573,1.9695653500764267,2.6042216518182015,2.9941521361467656,0.11283098966158,0.5446942624083011,1.029691491198883,20231774.20898533,7.321631098253075,1.7827210903296278,-0.08811746781928587,-0.08811746781928587,-0.08811746781928587,0.43395845511875614,-0.4789355238457432,1.1259510232254049,-0.38317757247338957,87.94825511432009,98.676293622142,65.04211793020457,44.52466907340554,30.0,48.92659446450058,True,False,False,False,True,True,False,False,3,6225,天瀚,TWSE,68300.00305175781
2233.TW,170.0,485,0.039755351681957096,0.07594936708860756,-0.005847953216374324,-0.3213027143700251,-0.23459691838751695,-0.18044102111491045,0.03959639198899256,-0.0902262848224129,-0.274612073669086,67684360.55,0.841743117737722,0.4031619028675043,-0.3213027143700251,-0.3213027143700251,-0.5445700879504543,0.04121733998605068,0.10125295157363405,0.33799053628325865,-0.36653865742104663,55.565583634175695,48.375451263537904,69.15162454873646,2.527075812274368,0.0,48.849277978339344,False,True,True,False,True,True,False,False,4,2233,宇隆,TWSE,170000.0
4105.TWO,78.9000015258789,485,0.0025413543251882054,0.0038168327936620727,0.015444074964843013,0.022020785554907052,0.05622496317565839,0.08999540353650493,0.010502064773285635,0.018283518179169844,0.03836285954296903,30419728.86278496,0.9291976824420474,0.8114004787402546,-0.0025284064740863643,-0.0025284064740863643,-0.0025284064740863643,-0.001319664416022548,0.00810381311320733,0.07401607332853131,-0.059418420213748435,32.364620938628164,54.87364620938629,36.203369434416366,89.7713598074609,0.0,48.68802647412756,False,True,True,True,True,False,False,False,4,4105,東洋,TPEx,78900.0015258789
6016.TWO,23.899999618530273,485,0.004201696835099522,0.08144792787287902,0.14081139609356796,0.00298651135196093,0.6264645567055458,1.0992740778963168,0.04071412395953988,0.11485565060540504,0.09994733528464739,121182050.75859842,0.7017653134719967,1.2767922581514248,-0.016460890168269016,-0.016460890168269016,-0.2477601315390493,-0.03100115218829247,0.139815892309581,0.361673457984524,-0.21325697488390183,53.36943441636582,36.101083032490976,36.14921780986763,85.1985559566787,0.0,48.65824308062575,False,True,True,True,True,False,False,False,4,6016,康和證,TPEx,23899.999618530273
1434.TW,18.200000762939453,485,0.01675984082695825,0.04000004359654019,-0.0027396842224957085,0.03477521282907414,0.11842461057791542,0.23285095334283046,0.01520015087710136,0.01350089769988383,0.07513845852524548,26368593.6936224,0.9265231281360314,0.7092973331666692,-0.06666662754156649,-0.06666662754156649,-0.06666662754156649,0.017444761882582177,-0.014331421832187089,0.165872613015956,-0.12307690351437295,43.21901323706378,54.51263537906137,43.58604091456077,55.5956678700361,0.0,48.55535499398315,False,True,True,False,True,True,False,False,4,1434,福懋,TWSE,18200.000762939453
3529.TWO,3170.0,485,-0.0408472012102874,0.17407407407407405,0.32359081419624225,0.1828358208955223,0.009694115480685106,0.5266189386615066,0.10626417728145165,0.22009108987106307,0.03703416316256192,4369053400.75,0.9800374454182085,1.1580005626145684,-0.0408472012102874,-0.0408472012102874,-0.32186322991132,-0.12174490475934796,0.2626455405644015,0.7286921760030859,-0.23985890652557318,49.83754512635379,57.16004813477738,33.856799037304455,70.3971119133574,2.5756784968684787,48.54736602780059,False,True,True,True,True,False,False,False,4,3529,力旺,TPEx,3170000.0
6147.TWO,223.0,485,0.03962703962703973,0.07469879518072298,0.22191780821917817,0.1177944862155389,0.9380155790189213,3.204447162791153,0.09019799560009778,0.24049694047839787,0.15710497779598365,9510196403.45,0.5443208717602537,1.7622451138544808,-0.026200873362445365,-0.026200873362445365,-0.2609531145447911,-0.015852412427754814,0.1826529794806652,0.6712456918826918,-0.4539170506912442,65.2045728038508,20.697954271961493,43.65222623345367,78.70036101083032,0.0,48.48886883273165,False,True,True,True,True,False,False,False,4,6147,頎邦,TPEx,223000.0
7751.TWO,1590.0,485,0.10801393728222997,0.13571428571428568,0.022508038585209,0.11971830985915499,-0.18877551020408168,2.2058003926990297,0.05894105894105883,0.11591999064218039,-0.00039292730844797674,312668737.0,0.5439365985592016,0.3578804740108375,-0.19899244332493704,-0.19899244332493704,-0.41436464088397795,0.10238692763592772,-0.017398064701175997,0.680629639415439,-0.3148614609571788,75.64981949458485,20.577617328519857,70.12635379061372,13.598074608904934,0.0,48.43953068592058,False,True,True,False,True,True,False,False,4,7751,竑騰,TPEx,1590000.0
8936.TWO,52.29999923706055,485,0.005769216097318175,0.011605386175374877,0.02750486579985356,-0.06773617362598472,0.04391219221445386,0.04261057764332721,0.015632573129245042,0.008614027111479627,-0.009375901364782724,43003922.73853207,1.0616103524115652,0.8578647726020232,-0.06773617362598472,-0.06773617362598472,-0.19538462712214544,-0.0011070003526452155,0.050083590341848463,0.13276371279257676,-0.09892086602412342,37.021660649819495,62.214199759326114,41.588447653429604,54.993983152827916,0.0,48.41696750902527,False,True,True,False,True,False,False,False,3,8936,國統,TPEx,52299.99923706055
1102.TW,35.599998474121094,485,-0.009735807549110631,0.018597931244421995,0.01714281354631697,0.06478728159901448,0.07227516386324528,0.05156914620007713,0.007072087186346332,0.04594920444959549,0.06687666386776292,254658370.72047958,1.0891544476452744,0.6814888570406311,-0.009735807549110631,-0.009735807549110631,-0.009735807549110631,-0.014021510935689874,-0.004452946986687856,0.11544531244077978,-0.04920493861739628,30.51744885679904,63.537906137184116,27.966305655836344,87.48495788206979,0.0,48.33092659446451,False,True,True,True,True,False,False,False,4,1102,亞泥,TWSE,35599.998474121094
2027.TW,48.04999923706055,485,0.031115897219281985,0.032223416210193756,-0.03027245253473354,0.23173139065060955,0.3040916382859442,0.32837002199463594,0.009506793080460207,0.040489190205650116,0.13103188192549609,595374755.4958706,0.835537875451438,0.6317833866991222,-0.057843152214499094,-0.057843152214499094,-0.057843152214499094,0.03868401035296537,-0.10751624941827005,0.2587498605520743,-0.11764705882352944,43.47172081829122,47.773766546329725,44.86161251504212,61.01083032490975,0.0,47.74067388688327,False,True,True,False,True,True,False,False,4,2027,大成鋼,TWSE,48049.99923706055
3090.TW,173.5,485,0.051515151515151514,0.06116207951070329,0.029673590504450953,-0.42833607907743,0.7021844570990758,1.4200013216844902,0.04754716981132079,0.008623195426799679,-0.06437566669390027,746306085.725,0.7180836775737005,0.3626302118295582,-0.42833607907743,-0.42833607907743,-0.4897058823529412,0.044096753889038776,0.17245228353026096,0.5140542167155487,-0.6020942408376964,59.35018050541516,37.30445246690734,74.1095066185319,0.9626955475330927,0.0,47.66817087845969,False,True,True,False,True,True,False,False,4,3090,日電貿,TWSE,173500.0
6282.TW,44.20000076293945,485,0.0279069944869641,0.036342302030635265,-0.00674155588900105,-0.23809698846581562,-0.02064753863288682,0.49343109638716265,0.024393091586984994,-0.033427587386201885,-0.11930424729093958,180564178.576437,1.0010832001496537,0.5331010746465336,-0.23809698846581562,-0.23809698846581562,-0.365080865471458,0.02959238345921436,0.07262410693293748,0.24807645059847938,-0.33017242180837647,45.4632972322503,58.604091456077015,60.35499398315283,7.701564380264742,0.0,47.464199759326114,False,True,True,False,True,True,False,False,4,6282,康舒,TWSE,44200.00076293945
6719.TW,189.5,485,0.03551912568306004,0.049861495844875314,-0.01813471502590669,-0.3011433069398617,0.2213458427375139,-0.06706837307252966,0.026682920222131923,-0.06696927035767108,-0.10625247737885912,84232770.825,0.8729457391218706,0.5744278217127013,-0.3011433069398617,-0.3011433069398617,-0.38053342950247926,0.04005280443953671,0.08224638728738054,0.2810818600387349,-0.3138571798395292,49.2719614921781,51.383874849578824,66.45607701564381,3.6101083032490973,0.0,47.3522864019254,False,True,True,False,True,True,False,False,4,6719,力智,TWSE,189500.0
6015.TWO,17.799999237060547,485,-0.0028011845008746317,0.04705877865062047,0.09202454418461081,-0.019283767979388466,0.3999951994983475,0.7096715629006902,0.024607805454635034,0.07884232078213027,0.07261090676716009,47239034.64324446,0.7887338079821005,1.7118826541739782,-0.019283767979388466,-0.019283767979388466,-0.2227074439487281,-0.025807320547027335,0.09845246684440696,0.3419867657403107,-0.175637365144235,43.57400722021661,43.080625752105895,35.37906137184115,83.39350180505414,0.0,47.35018050541516,False,True,True,True,True,False,False,False,4,6015,宏遠證,TPEx,17799.999237060547
1440.TW,13.300000190734863,485,0.00377359930074439,0.031007797211870303,-0.06338025567740124,-0.021336469870965158,0.018982912492649495,-0.035218320505491896,-0.01115239516440747,0.0042016141725078615,0.02645368960425465,40794670.96735792,1.0995972740897761,1.2487785686172943,-0.06338025567740124,-0.06338025567740124,-0.12798575720468452,0.0196186632200947,-0.05626809905374619,0.27597231826266455,-0.09328358474513909,32.29843561973526,63.77858002406739,39.15764139590855,57.64139590854393,0.0,47.25872442839952,False,True,True,False,True,True,False,False,4,1440,南紡,TWSE,13300.000190734863
8131.TW,63.5,485,0.03420192869597871,0.07809844405691546,0.01437702153061493,-0.14187640920810307,0.02319980689314516,1.2542652724270775,0.038090562739903744,-0.0053881106362493325,-0.032721795954802735,124060412.15236835,0.8186471969927758,0.8268707241824241,-0.21798026617567945,-0.21798026617567945,-0.21798026617567945,0.03060767331332498,0.061669157933315955,0.30633128537146675,-0.3706896503125139,56.46811070998797,45.607701564380264,59.92178098676293,10.830324909747292,0.0,47.227737665463295,False,True,True,False,True,True,False,False,4,8131,福懋科,TWSE,63500.0
6163.TWO,41.20000076293945,485,0.002433145803675041,0.01728396945529509,0.0022523070115967325,-0.10120599457145163,-0.3366044074767046,0.9215595536995287,0.01039105577773225,-0.0014720467744394616,-0.13553397843152803,26763745.749895286,1.2278895632403588,0.6273507055166789,-0.10696744839609273,-0.10696744839609273,-0.43597942391043465,0.0018700690507758577,0.035987638535413945,0.2876362664137186,-0.2240259734820812,34.061371841155236,69.67509025270758,42.09386281588448,37.063778580024064,0.0,47.20397111913358,False,True,True,False,True,True,False,False,4,6163,華電網,TPEx,41200.00076293945
2412.TW,146.0,485,0.0034364261168384758,0.017421602787456525,0.06181818181818177,0.08711836695739406,0.12753163438219572,0.12753163438219572,0.02420203437390378,0.05225225225225216,0.06987271728005817,1660085327.8,0.7729896742076726,1.3546967969569252,0.0034364261168384758,0.0034364261168384758,0.0034364261168384758,-0.012018119337706967,0.03277872616571709,0.09604455552222436,-0.04255319148936165,39.332129963898915,42.238267148014444,35.07821901323706,91.93742478941034,0.0,47.03128760529482,False,True,True,True,True,False,True,False,5,2412,中華電,TWSE,146000.0
7711.TW,610.0,211,0.12338858195211788,0.1867704280155642,0.0,0.9869706840390879,1.0740589785203913,,0.08108108108108114,0.3621392284932732,0.5102803644729976,794311547.9,0.6288521209774267,0.932370575529367,-0.0757575757575758,-0.0757575757575758,-0.0757575757575758,0.12338858195211788,-0.3289902280130293,1.0298684669036537,-0.2909090909090909,77.09987966305656,28.279181708784595,61.227436823104696,50.54151624548736,7.57564681675575,46.926158237395875,False,True,False,False,True,True,False,False,3,7711,永擎,TWSE,610000.0
4707.TWO,30.149999618530273,485,0.0325342065331915,0.1271027894777672,-0.04133548848561863,-0.1796047911426515,1.332134607803563,2.1385081423142127,0.06190013553847429,-0.022846065465007448,0.21434749307224488,68975415.82923631,0.8487959952116872,0.46126955577434,-0.30813337314548095,-0.30813337314548095,-0.30813337314548095,0.04286807865459616,0.01853277522859853,0.49892892246766224,-0.48444446253556983,54.945848375451256,48.97713598074609,60.974729241877256,3.0084235860409145,0.0,46.871841155234655,False,True,True,False,True,True,False,False,4,4707,磐亞,TPEx,30149.999618530273
6651.TWO,150.5,485,-0.009868421052631526,0.037931034482758585,-0.0066006600660065695,-0.056426332288401215,0.6200215019165056,1.248964292400053,0.026953258273626712,0.09038217714182206,0.1230644855066041,24753415.025,1.1441318866955181,0.6334723620245897,-0.056426332288401215,-0.056426332288401215,-0.10946745562130178,-0.008218256036129884,0.012208117363460502,0.37115980872660753,-0.2875816993464052,31.528279181708786,66.06498194945848,33.29121540312876,61.73285198555957,0.0,46.8607099879663,False,True,True,False,True,False,False,False,3,6651,全宇昕,TPEx,150500.0
3583.TW,721.0,485,0.04341534008683068,0.07451564828613999,-0.047556142668428,-0.07299002571927082,0.03661369079439947,1.0355323642688532,0.021752993693757494,0.00261735114273165,-0.06867140168838337,535775947.35,0.7656499567812137,0.7862374302751574,-0.13574485706300587,-0.13574485706300587,-0.24668444553506652,0.05530437575393768,-0.02322613409533773,0.325551723622084,-0.287978425929855,52.40072202166064,41.63658243080626,58.62214199759326,26.594464500601685,0.0,46.85589651022863,False,True,True,False,True,True,False,False,4,3583,辛耘,TWSE,721000.0
1563.TW,76.30000305175781,485,0.035278238957615615,0.035278238957615615,-0.13295451077547937,-0.11908706613307551,0.4386506988158472,0.23292081023588218,-0.006769021950593479,-0.03412505069978111,0.03827417040832137,38275732.06997566,0.9091497469676555,0.5489361993207239,-0.13295451077547937,-0.13295451077547937,-0.14390147567683342,0.06851686665148546,-0.09325882206445421,0.43189545751581776,-0.1936070164400907,41.42599277978339,53.79061371841155,56.4560770156438,27.67749699157641,0.0,46.830625752105895,False,True,True,False,True,True,False,False,4,1563,巧新,TWSE,76300.00305175781
2633.TW,25.75,485,0.005859360011527537,-0.007707158268183356,-0.017175601138759933,0.012047112564882445,0.0007604062161465919,-0.0333768968588366,-0.004349931172647259,-0.0069278915561011845,0.012238873005267603,112917128.64943227,0.9508025826732514,1.2735869637708108,-0.022770412629354975,-0.022770412629354975,-0.022770412629354975,0.01015326029621752,-0.021191305327054082,0.07145081428030223,-0.03415558275145936,28.170878459687124,55.836341756919374,37.617328519855604,80.74608904933814,0.0,46.718411552346566,False,True,True,True,True,True,False,False,5,2633,台灣高鐵,TWSE,25750.0
2467.TW,552.0,485,0.05747126436781613,0.06358381502890165,-0.09359605911330049,0.0,0.015007324711127534,1.9328369371429757,0.00027181299266110237,0.007544414699440338,-0.02264311692093024,493737771.2,0.722073328454277,0.6712779186740528,-0.11538461538461542,-0.11538461538461542,-0.16580989086957987,0.08087027914614126,-0.09359605911330049,0.35147910000452753,-0.28548387096774197,51.78700361010829,37.785800240673886,58.99518652226234,33.57400722021661,0.0,46.65673886883273,False,True,True,False,True,True,False,False,4,2467,志聖,TWSE,552000.0
9945.TW,29.100000381469727,485,-0.015228388061223619,0.03743319689727076,0.02826859243732871,0.14117648554783235,0.20000945423129557,0.00033727527084459474,0.01579545321045117,0.047233480816160966,0.12717610350241504,154233297.8274482,1.192898133416048,0.6404596699456702,-0.03642385277087856,-0.03642385277087856,-0.03642385277087856,-0.022295536170555796,-0.018790236078615408,0.22569744796070867,-0.08112585102799141,33.12274368231047,67.7496991576414,22.160048134777377,72.3225030084236,0.0,46.650120336943445,False,True,True,True,True,False,False,False,4,9945,潤泰新,TWSE,29100.000381469727
6191.TW,84.69999694824219,485,0.022946785343675558,0.02418379774852597,0.014371220937032136,-0.1768707901628116,-0.08972609046476876,-0.2823129260496058,0.02319397229168496,-0.00922156601681412,-0.07611173352817768,93936753.03237458,0.9622289877154802,0.6393063605995701,-0.1768707901628116,-0.1768707901628116,-0.24157089634192375,0.019353980109417523,0.07332815099130266,0.20068537323371596,-0.23743840861203047,44.0072202166065,56.678700361010826,55.397111913357406,17.087845968712394,0.0,46.618231046931406,False,True,True,False,True,True,False,False,4,6191,精成科,TWSE,84699.99694824219
6525.TW,139.5,485,0.048872180451127845,0.08560311284046684,0.018248175182481674,-0.2989949748743719,0.7088229519010183,0.7477995672690201,0.0546210546210546,-0.02447552447552448,0.06043605724211121,104743177.7,0.6606459368785247,0.40850453416208765,-0.3007518796992481,-0.3007518796992481,-0.36877828054298645,0.044310136655507426,0.1179131668072723,0.347986848321453,-0.4385964912280702,61.6546329723225,31.889290012033694,71.87123947051745,3.730445246690734,0.0,46.590553549939834,False,True,True,False,True,True,False,False,4,6525,捷敏-KY,TWSE,139500.0
6945.TWO,136.0,486,-0.007299270072992692,0.1333333333333333,0.3934426447359092,0.15254237288135597,-0.2898172323759791,0.17241379310344818,0.14560080350573346,0.2765358285164856,0.09231829688918936,62482125.01332398,1.0606460640944533,1.4765436375841985,-0.08417508417508412,-0.08417508417508412,-0.3414043583535109,-0.10565993125696999,0.3425951871087905,0.6087568633845108,-0.2232142857142857,56.38387484957882,61.973525872442835,35.1985559566787,46.931407942238266,5.020492565756821,46.3260778313551,False,True,False,False,True,False,False,False,2,6945,圓祥生技,TPEx,136000.0
4904.TW,106.0,485,0.004739336492890933,0.00952380952380949,0.034146341463414664,0.1373390930352303,0.16724048689348447,0.28737753767838004,0.00952380952380949,0.03221618112472613,0.0658627213605425,464931258.15,0.8364992737723911,0.7990813988267622,-0.013953488372092981,-0.013953488372092981,-0.021593056859033344,-0.003797248872962733,-0.011633356214995429,0.16240430595755545,-0.07906976744186045,36.564380264741274,47.89410348977136,32.400722021660656,85.80024067388689,0.0,46.307761732851986,False,True,True,True,True,False,False,False,4,4904,遠傳,TWSE,106000.0
5351.TWO,116.0,485,0.05936073059360725,0.09952606635071093,-0.008547008547008517,0.29899211686215743,0.6738816001691017,2.235704461291302,0.0488245931283906,0.0964946829460418,0.2379165299010042,1165764665.325,0.6981485576457462,0.4921071145287191,-0.1439114391143912,-0.1439114391143912,-0.1439114391143912,0.061497482730359376,-0.10821104750106099,0.589764497212943,-0.3674641294342479,61.99157641395909,35.74007220216607,53.26714801444044,23.94705174488568,0.0,46.22833935018051,False,True,True,False,True,True,False,False,4,5351,鈺創,TPEx,116000.0
2104.TW,11.0,485,-0.05579396049905405,0.05263159816014773,0.05263159816014773,0.018518500530834592,-0.05579396049905405,0.03773581171086837,0.03359172478273975,0.05777706741009658,0.05148283465190784,50531662.17045589,1.313244820763441,1.5091598231721166,-0.05579396049905405,-0.05579396049905405,-0.06779662523760033,-0.06895186003909098,0.04645876464986953,0.5506404117924342,-0.14054057351393923,31.7208182912154,71.96149217809868,23.02647412755716,62.214199759326114,0.0,46.19344163658243,False,False,True,False,True,False,False,False,2,2104,國際中橡,TWSE,11000.0
2303.TW,161.5,485,0.009374999999999911,0.13732394366197176,0.28174603174603186,-0.009202453987730008,1.733177367909815,2.962942369566105,0.09565807327001363,0.198664027709055,0.27910333271574284,25486503125.5,0.5854417294001854,1.208943969164701,-0.027108433734939763,-0.027108433734939763,-0.07975375736685963,-0.06106150793650805,0.2848135164086085,0.5368266062057553,-0.3825301204819277,62.75571600481348,24.6690734055355,36.70276774969915,78.51985559566786,1.111111111111115,46.06999598876855,False,True,True,True,True,False,False,False,4,2303,聯電,TWSE,161500.0
3709.TWO,65.5,485,0.03475514675285196,0.049679461511478396,-0.007575757575757569,-0.08020949911301645,-0.021385801389061432,0.795430999255077,0.029388654385291924,-0.04689594521712759,-0.1034275600674911,20268891.780535124,0.8209436657638406,0.46739073853852026,-0.17610062893081757,-0.17610062893081757,-0.2752566084213317,0.036649086146791354,0.019160742128581248,0.2972788865416227,-0.23522013538288622,50.018050541516246,45.7280385078219,58.17087845968713,17.208182912154033,0.0,45.84777376654633,False,True,True,False,True,True,False,False,4,3709,鑫聯大投控,TPEx,65500.0
3028.TW,63.400001525878906,485,0.02755268625475571,0.03594772443649541,-0.03939391627456201,-0.13110435742021187,0.10379311934179114,1.1156033148155737,0.017493203130550805,-0.031849549982513436,-0.08742473330025347,38837669.116736986,0.8980925006532532,0.548058273327517,-0.16382902314392156,-0.16382902314392156,-0.23706374620905846,0.03740116532339621,0.004307536198841944,0.1976786828677675,-0.24691860641205976,42.37665463297232,53.18892900120337,56.24548736462094,19.253910950661854,0.0,45.619133574007215,False,True,True,False,True,True,False,False,4,3028,增你強,TWSE,63400.001525878906
6125.TWO,50.900001525878906,485,0.04732516715988244,0.059313263976499275,-0.015473872828915214,-0.10877536789458497,-0.04770995853157345,-0.36040223275590655,0.027452599132905764,0.011373400708436288,-0.0723224187536754,33315037.51937809,0.6137303088379847,0.44354640766626485,-0.11491111818809752,-0.11491111818809752,-0.2984493478844482,0.051193635367111245,0.020784583135946444,0.23691467406474612,-0.2616178640943111,53.947051744885684,27.3164861612515,64.12154031287605,34.29602888086642,0.0,45.55385078219013,False,True,True,False,True,True,False,False,4,6125,廣運,TPEx,50900.001525878906
4763.TW,47.150001525878906,485,0.016163792571896707,0.05011135687162893,-0.02248196033646621,0.029492324882423482,0.2043583423277915,-0.23839367550938984,0.006278202145652889,0.023696384773660206,0.07897060537597622,407375404.4325119,0.8167049057517431,0.928880505584192,-0.06633660344794245,-0.06633660344794245,-0.06633660344794245,0.02178428265601326,-0.03231273529727404,0.49716949490146173,-0.14543726809862512,42.62334536702768,45.36702767749699,43.15282791817088,55.71600481347774,0.0,45.54271961492178,False,True,True,False,True,True,False,False,4,4763,材料*-KY,TWSE,47150.001525878906
4714.TWO,12.350000381469727,485,0.024896280994711528,0.07860267137090471,0.13824884306564522,0.04219409146871156,-0.1363636212067021,-0.382860644337797,0.0706545592221497,0.11860879269781144,-0.004838059292609609,22111787.50861883,0.4236325707630986,1.6184325980708454,-0.008032082676900254,-0.008032082676900254,-0.26047905285868145,-0.009665929771699777,0.12418414590940803,0.4490861957320013,-0.16624474292079927,59.675090252707584,11.070998796630565,44.29602888086643,88.08664259927798,0.0,45.51083032490975,False,True,True,True,True,False,False,False,4,4714,永捷,TPEx,12350.000381469727
6419.TWO,156.0,485,0.0331125827814569,0.04347826086956519,0.003215434083601254,0.09859154929577474,0.41176470588235303,1.5870647093494816,0.02817597627286217,0.05482616780300886,0.06415029986072818,23843724.75,0.8349535030588043,0.3658467260803044,-0.1333333333333333,-0.1333333333333333,-0.19794344473007708,0.03230872426055659,-0.029648415681656992,0.4953102322194036,-0.22789115646258506,49.63297232250301,47.53309265944645,48.86281588447653,27.557160048134776,0.0,45.49909747292419,False,True,True,False,True,True,False,False,4,6419,京晨科,TPEx,156000.0
3017.TW,3440.0,485,-0.008645533141210415,0.08346456692913384,0.0392749244712991,0.4883472528577577,0.5729123432779739,2.443191214513696,0.017525696960733583,0.17987021950102489,0.2620692026318552,9681467020.0,1.0096564072099388,0.6864776743296557,-0.036414565826330514,-0.036414565826330514,-0.036414565826330514,-0.01846426425903519,-0.12350749314795348,0.5890856957285128,-0.1413935018174084,43.5439229843562,59.08543922984356,14.518652226233455,72.44283995186522,0.0,45.28489771359807,False,True,True,True,True,False,False,False,4,3017,奇鋐,TWSE,3440000.0
3234.TWO,181.5,485,0.0676470588235294,0.022535211267605604,-0.1398104265402843,0.40697674418604657,0.45783132530120474,4.091163877461443,-0.0060240963855421326,0.23122317673615567,0.3793398051066177,585241859.15,0.7811664810861177,0.7096965000420974,-0.1398104265402843,-0.1398104265402843,-0.1398104265402843,0.10259966545860047,-0.2754693412689665,0.6886601951040788,-0.30952380952380953,46.23947051744885,42.478941034897716,59.12755716004813,25.03008423586041,0.0,45.15192539109506,False,True,True,False,True,True,False,False,4,3234,光環,TPEx,181500.0
1229.TW,40.0,485,0.0,-0.0012484204247944497,-0.046483926757450056,-0.0024937276290828425,-0.035408564785535446,-0.10430789416138198,-0.01671582442071773,-0.023318277369713147,-0.0010581767963228073,79805420.01238346,1.1671699889607106,1.146313779488002,-0.05882352941176472,-0.05882352941176472,-0.05882352941176472,0.011620981689362514,-0.045652684214422444,0.14658417483811004,-0.06941178265739889,24.41034897713598,66.66666666666666,34.89771359807461,60.168471720818296,0.0,45.072803850782186,False,True,True,False,True,True,False,False,4,1229,聯華,TWSE,40000.0
3706.TW,81.30000305175781,485,0.03435120394468827,0.02911396268047861,-0.020236296539367538,0.0519685278783919,0.12601495477566194,0.09414647284043443,0.016017727536901782,0.020400641460383673,0.048420583390610616,670338584.2687317,0.583861545675842,0.7001247269523868,-0.030474116416758346,-0.030474116416758346,-0.07216373844346402,0.03941027807953015,-0.037559139165498176,0.2643147329713229,-0.08586946584348476,45.02406738868833,24.548736462093864,50.77015643802646,76.41395908543923,0.0,45.02647412755716,False,True,True,True,True,True,False,False,5,3706,神達,TWSE,81300.00305175781
2383.TW,5185.0,485,0.03286852589641431,0.019665683382497523,-0.04775022956841135,-0.02000453687930992,0.5665189847974836,2.9609702565782077,0.010475030450669998,-0.004487603225930337,0.02880760869583643,9465240231.25,0.957750537415561,0.9650254357699007,-0.17973607735147623,-0.17973607735147623,-0.17973607735147623,0.04480608328851715,-0.041082050608641375,0.4540450250470664,-0.2572537865313753,40.74608904933815,56.438026474127554,52.894103489771354,16.60649819494585,0.0,44.869735258724425,False,True,True,False,True,True,False,False,4,2383,台光電,TWSE,5185000.0
2428.TW,263.0,485,0.03339882121807469,0.03543307086614167,0.04990019960079839,-0.10529850517714201,0.5214980410102568,0.789402989645716,0.032182103610675084,0.053330935025719395,0.07219198154363271,273589662.775,0.7503167016574549,0.6105345463505129,-0.17136872679385828,-0.17136872679385828,-0.21599660998415338,0.020923771317875095,0.08499970132651238,0.3300740555071735,-0.38769232204105586,52.352587244283995,40.19253910950662,57.478941034897716,17.809867629362213,0.0,44.80475330926594,False,True,True,False,True,True,False,False,4,2428,興勤,TWSE,263000.0
8016.TW,291.0,485,0.03374777975133214,0.048648648648648596,-0.013559322033898313,-0.17329545454545459,0.5039095309469737,0.43960936421362584,0.028995756718529053,-0.005751380900859915,0.02951797551615032,132519962.0,0.7732804098193498,0.4868451761692259,-0.19834710743801653,-0.19834710743801653,-0.19834710743801653,0.03713761025980672,0.04420582948125321,0.24402971426603062,-0.2988980716253443,48.9410348977136,42.35860409145607,61.13718411552347,13.838748495788206,0.0,44.75,False,True,True,False,True,True,False,False,4,8016,矽創,TWSE,291000.0
3339.TWO,47.0,485,0.0010649464589576052,0.07305937942190255,0.006423966427397287,0.1989795685013056,-0.08023480619471024,0.2500000507273594,0.05063150017466511,0.16881501829883105,0.03728906930637965,110720069.0002821,0.815743867089401,0.8544348291929492,-0.030927835051546393,-0.030927835051546393,-0.3417367087455192,-0.0005410451478917166,-0.05990255640637125,0.6189546545299127,-0.20156046414100315,43.26113116726835,45.12635379061371,27.160048134777377,76.05294825511432,0.0,44.714199759326114,False,True,True,True,True,False,False,False,4,3339,泰谷,TPEx,47000.0
8096.TWO,89.0,485,0.06078663148233687,-0.00890871965000617,-0.18317086949592654,-0.4723139389289772,-0.058496971436370226,1.0467457573619958,-0.025057131931311427,-0.21659741778542385,-0.2370712390248002,324164375.6322117,0.9096440602833015,0.8427997683266681,-0.4723139389289772,-0.4723139389289772,-0.4723139389289772,0.1065793488563185,-0.02573288985293412,0.4856959982420601,-0.4935890805854818,37.262334536702774,53.910950661853185,69.15162454873646,0.48134777376654636,0.0,44.712093862815884,False,True,True,False,True,True,False,False,4,8096,擎亞,TPEx,89000.0
3346.TW,24.0,485,0.014799170702543885,0.21518987341772156,0.2565444775217969,-0.09435441945970513,0.340858590271754,0.047091311777508915,0.12596764052139542,0.14915794527040172,0.15222732385281157,20407234.468415357,0.6318783671068288,3.3902404525363434,-0.09435441945970513,-0.09435441945970513,-0.17626435925678008,-0.049336948677905335,0.2879959506750319,0.6376522915837747,-0.30929787873387915,67.99037304452467,28.51985559566787,38.19494584837545,42.238267148014444,0.22905671326289068,44.608488413090896,False,True,True,False,True,False,False,False,3,3346,麗清,TWSE,24000.0
6667.TWO,260.0,485,-0.005736137667303964,0.09936575052854124,0.1981566820276497,0.019607843137254832,0.051228589358649934,0.043126642228589196,0.03647598166234811,0.09378524257280585,0.04573807654415041,124295972.7,0.5823971024962934,3.5884700756390537,-0.013282732447817858,-0.013282732447817858,-0.07928109037098263,-0.05527530817421639,0.1916207343152314,0.5706760070572574,-0.17794970986460346,51.979542719614926,24.30806257521059,34.75932611311673,86.16125150421179,0.0,44.500300842358605,False,True,True,True,True,False,False,False,4,6667,信紘科,TPEx,260000.0
6148.TWO,38.099998474121094,485,0.020080322105492376,0.039563353011549784,0.36071423121861046,0.17230764535757204,0.1887675313909125,-0.1420046675794966,0.0993291121624329,0.2455728840783773,0.2187774412869543,144323811.75296727,0.7636006550192399,22.288482233296037,-0.04750003814697268,-0.04750003814697268,-0.04750003814697268,-0.07009823569916024,0.3032783494327531,0.7396391415562711,-0.2258064100275795,55.81829121540313,41.395908543922985,36.10108303249097,67.38868832731649,3.8749980926513663,44.42283584236669,False,True,False,True,True,False,False,False,3,6148,驊宏資,TPEx,38099.998474121094
2344.TW,179.0,485,0.037681159420289934,0.059171597633136175,0.0,0.06231454005934722,0.896186410028063,5.1203118394896086,0.02740708853494045,0.055372672333317,0.1394258313214063,17078359857.8,0.510079718944632,0.6151988588680917,-0.0478723404255319,-0.0478723404255319,-0.1936936936936937,0.037681159420289934,-0.02077151335311574,0.5644461435639292,-0.3434903047091413,52.9843561973526,17.56919374247894,52.48495788206979,67.14801444043322,0.0,44.359506618531896,False,True,True,True,True,True,False,False,5,2344,華邦電,TWSE,179000.0
3416.TW,166.0,485,0.03426791277258556,0.03105590062111796,-0.03768115942028982,-0.06812597484439964,0.14864082833245673,-0.05138622259922321,0.018717397974838956,-0.00960858555238897,0.017318758574280224,38586250.825,0.7314449030820975,0.5378287580456347,-0.1109161335202764,-0.1109161335202764,-0.1109161335202764,0.04368820262765802,-0.014972501138823275,0.32763597467383115,-0.1430516949593026,44.03128760529482,38.86883273164862,56.47412755716005,35.619735258724425,0.0,44.331528279181704,False,True,True,False,True,True,False,False,4,3416,融程電,TWSE,166000.0
1101.TW,25.350000381469727,485,-0.011695876862462762,0.054054103353396554,0.022177466182630834,0.09740259579410648,0.03850525952901385,0.1811828215485085,0.025589183992377196,0.04303105422576836,0.058027522411155275,868254950.0025212,0.9024837556972323,0.6311858475815472,-0.03612163053800144,-0.03612163053800144,-0.03612163053800144,-0.01724024340812047,-0.010290065748737996,0.30253726596205316,-0.059288539337295054,36.35379061371841,53.42960288808665,25.800240673886883,72.92418772563177,0.0,44.323706377858,False,True,True,True,True,False,False,False,4,1101,台泥,TWSE,25350.000381469727
6535.TWO,85.0,485,0.03280676607683941,0.13941021097321715,0.03406329873127434,-0.15000000000000002,-0.36802973977695164,-0.7327044025157232,0.07929655887324927,0.004787520617492991,-0.16891412813800089,20714397.377233885,0.5792120385642555,0.71280466282383,-0.154228855721393,-0.154228855721393,-0.4407894736842105,0.024290941394020826,0.08406329873127436,0.5734452113499603,-0.25771145796894435,63.03249097472924,24.067388688327316,59.308062575210585,22.14199759326113,0.0,44.278279181708776,False,True,True,False,True,True,False,False,4,6535,順藥,TPEx,85000.0
2328.TW,47.95000076293945,485,0.01804675830903446,0.048087448370261354,0.0031381072860479087,-0.018423699883192923,0.10275125353267511,-0.0885843087457312,0.030407240145420067,0.04415049243071434,-0.0063309269848859095,66831037.503351405,0.6322922606436122,0.5616868733726611,-0.04291412727871058,-0.04291412727871058,-0.20823532442667192,0.017262231487522484,0.00927934058044555,0.2411178134848626,-0.22554889383674348,45.51143200962696,28.640192539109506,46.54031287605295,69.31407942238266,0.0,44.27767749699158,False,True,True,True,True,True,False,False,5,2328,廣宇,TWSE,47950.00076293945
3413.TW,292.0,485,0.022767075306479923,0.05605786618444841,0.022767075306479923,-0.13864306784660763,-0.050162261260135343,0.03278586425122709,0.02961918194640334,-0.03595895122018322,-0.052883007420252204,167105326.2,0.8489505548612736,0.5397719034537347,-0.23560209424083767,-0.23560209424083767,-0.23560209424083767,0.017075306479859942,0.06898143125534914,0.15864545030082514,-0.2827225130890052,49.759326113116735,49.21780986762936,53.37545126353791,8.182912154031289,0.0,44.264440433213004,False,True,True,False,True,True,False,False,4,3413,京鼎,TWSE,292000.0
3227.TWO,187.5,485,0.010781671159029615,0.01902173913043481,-0.04092071611253201,-0.13872040542942576,0.0445305970621217,-0.12334039840497613,0.012145748987854255,-0.031340316121341694,-0.07207727022803301,111033897.775,1.0422488985822744,0.6955410000711164,-0.13872040542942576,-0.13872040542942576,-0.17490862757653047,0.021011850187162617,0.005319419030609916,0.186538771962411,-0.15836456438321966,33.86883273164862,60.5294825511432,48.5439229843562,25.27075812274368,0.0,44.24608904933814,False,True,True,False,True,True,False,False,4,3227,原相,TPEx,187500.0
4746.TW,48.099998474121094,485,-0.011305303895319363,0.04793021514393203,0.00838569611706208,-0.08881991253654642,-0.024234328763270918,-0.22825804481995504,0.023295359153584272,-0.011836205458853333,-0.025495064128173595,32384381.24703598,1.065288474012572,1.0493173981037431,-0.08881991253654642,-0.08881991253654642,-0.09206828148583068,-0.013401727924584883,0.037992333629244215,0.28952718350691803,-0.12878190183819282,34.51865222623345,62.33453670276775,34.2057761732852,44.163658243080626,0.0,44.231949458483754,False,True,True,False,True,False,False,False,3,4746,台耀,TWSE,48099.998474121094
2338.TW,49.650001525878906,485,0.06889129624067958,-0.020710043811835055,0.2681992232633579,0.034375031789143806,0.11073827021147342,0.21097564697265625,0.08804036285372208,0.17338903380320914,0.06922700141465388,803028706.632979,0.371086604522438,14.847275194965421,-0.020710043811835055,-0.020710043811835055,-0.14248704287706437,0.0018414904248401087,0.25674087933364326,0.7145293971182571,-0.31562820269937175,54.939831528279186,7.581227436823104,55.07220216606498,82.19013237063778,0.6369728142175257,44.21591527242507,False,True,True,True,True,True,False,False,5,2338,光罩,TWSE,49650.001525878906
4916.TW,104.5,485,0.0,0.11288603090384108,0.03980099502487566,-0.05332663836857576,0.8117369582647143,0.7283017720393263,0.05104349609312275,0.02998162831673734,0.09517884167385815,255460166.38280946,0.8384543329862447,0.7206060771493625,-0.10948521092687102,-0.10948521092687102,-0.15597792667699717,-0.009950248756218916,0.05757654114773425,0.4347118454224021,-0.24583197289022096,49.78339350180505,48.13477737665463,37.647412755716005,35.98074608904934,0.0,44.184416365824305,False,True,True,False,True,False,False,False,3,4916,事欣科,TWSE,104500.0
2105.TW,30.450000762939453,485,0.011627919502791517,0.01839468733866867,-0.01615508845475433,-0.0543478247992516,-0.009096386390942457,-0.158250704525965,0.0034602302317190414,-0.020060048192348967,-0.015239710616668067,113216813.30671768,0.8953517679330165,0.6922707795838073,-0.09374993613787774,-0.09374993613787774,-0.09374993613787774,0.0156666916164801,0.0019608531449962045,0.10640339785422141,-0.11011901856009254,35.80625752105897,52.58724428399518,44.8014440433213,42.96028880866426,0.0,44.162454873646205,False,True,True,False,True,True,False,False,4,2105,正新,TWSE,30450.000762939453
2379.TW,754.0,485,-0.009198423127463884,0.047222222222222276,0.04942952859356886,-0.04433836241374822,0.48719148255349554,0.4405453054755255,0.04062414758791433,0.05152812122396133,0.13366853691312164,2002697465.5655396,0.924211311466059,1.1960074758805344,-0.07050528144229529,-0.07050528144229529,-0.1324715916612178,-0.0215558052758561,0.06420898273148494,0.2937142161655794,-0.18690475285790487,38.61010830324909,54.392298435619736,33.080625752105895,52.707581227436826,0.0,44.077015643802646,False,True,True,False,True,False,False,False,3,2379,瑞昱,TWSE,754000.0
3312.TW,52.099998474121094,485,0.03168313810140777,0.0922431371238095,-0.046066601202507496,-0.05617889787512609,0.3455987330721355,0.21825021093278996,0.03366872041349156,0.05405091475158952,0.04101708892599776,65221951.489711,0.5448499616951823,0.9510061450618192,-0.05950227454883117,-0.05950227454883117,-0.2702148173669794,0.043199788402034645,-0.0273403019107988,0.5490703576754469,-0.28687043008566593,51.34777376654633,20.81829121540313,53.88688327316486,59.205776173285194,0.0,44.002406738868835,False,True,True,False,True,True,False,False,4,3312,弘憶股,TWSE,52099.998474121094
3044.TW,542.0,485,-0.0018416206261510082,0.07539682539682535,0.07968127490039834,0.1800566392444769,0.4912629706940823,0.8659521797810605,0.05668470049227481,0.17819683712841705,0.15730080396781032,1325181607.7,0.6413813759395487,0.6447099131230876,-0.0018416206261510082,-0.0018416206261510082,-0.027946358299499874,-0.021761939351250592,0.019662395152239366,0.36250085485039196,-0.24303232998885171,47.84596871239471,29.843561973525873,28.333333333333332,90.1323706377858,0.0,43.91004813477737,False,True,True,True,True,False,False,False,4,3044,健鼎,TWSE,542000.0
8070.TW,50.70000076293945,485,0.02320891107136025,0.029441639856638613,0.0019763298781423355,-0.04878045987500246,0.10240586352769343,0.3096915114885619,0.016592317135903256,0.029790126605062417,0.019122751168384244,71566742.89366302,0.6614744171244746,0.32208151471573676,-0.06801471799921377,-0.06801471799921377,-0.1947203951902683,0.022714828601824666,0.01823648316980982,0.2170720837553331,-0.21157497845275153,43.79061371841155,32.12996389891697,51.73285198555957,54.632972322503,0.0,43.90433212996389,False,True,True,False,True,True,False,False,4,8070,長華*,TWSE,50700.00076293945
3577.TWO,114.5,485,0.004385964912280604,0.01327433628318575,0.01327433628318575,-0.03921661015907485,0.5039429069162913,0.5881802158133298,0.005930155941137771,-0.06988851207708624,-0.031950237884484145,35229395.6,1.4198270608936643,0.5544251918209445,-0.28437500000000004,-0.28437500000000004,-0.28437500000000004,0.0010673808414841668,0.026346539669544033,0.45709751222621187,-0.321875,35.517448856799035,74.84957882069796,40.24067388688327,4.693140794223827,0.0,43.87424789410348,False,True,True,False,True,True,False,False,4,3577,泓格,TPEx,114500.0
6221.TWO,30.25,485,-0.04272153054344163,0.039518886716667145,0.4004629382298974,0.4342071303996482,0.18408565947676192,-0.1006263179664667,0.11100909163094785,0.3219236103179546,0.31807615305391757,38114049.05525074,1.4012647609093483,9.466385926720628,-0.0791475980179831,-0.0791475980179831,-0.0791475980179831,-0.142837265100916,0.25572722809668136,0.7335873539741838,-0.0791475980179831,37.25631768953069,74.24789410348977,33.08664259927797,49.338146811071,5.26620283804641,43.85744337133987,False,True,False,False,True,False,False,False,2,6221,晉泰,TPEx,30250.0
3231.TW,186.5,485,0.036111111111111205,0.0191256830601092,0.005390835579514919,0.2730375426621161,0.4374657906243906,0.6246986289816117,0.0006706908115359234,0.050211168465509104,0.15471727056425544,9413222124.725,0.6577597313603518,1.0572082495856063,-0.058080808080808066,-0.058080808080808066,-0.058080808080808066,0.034763402216232475,-0.08562167864119045,0.3741046058021246,-0.1091370558375635,46.49819494584838,31.528279181708786,44.52466907340553,60.64981949458483,0.0,43.63658243080626,False,True,True,False,True,True,False,False,4,3231,緯創,TWSE,186500.0
6190.TWO,70.80000305175781,485,0.0396476452002088,0.02906976615241441,0.024602092839023593,-0.1263918693301338,0.1272799959232831,0.7925143738343337,0.034709574819838274,0.03044553931781868,-0.02111274723984613,122971952.822155,0.620349596818527,1.0952595272335277,-0.1263918693301338,-0.1263918693301338,-0.21090396451137627,0.033497121990452905,0.06673271594906818,0.3079302836651883,-0.2856068229701809,50.87845968712394,27.67749699157641,61.87725631768953,30.20457280385078,0.0,43.56678700361011,False,True,True,False,True,True,False,False,4,6190,萬泰科,TPEx,70800.00305175781
3587.TWO,245.0,485,0.03813559322033888,0.042553191489361764,-0.07547169811320753,-0.13218631722476382,-0.21555108685243707,0.18884266444422093,0.015228426395939243,-0.010963546665779034,-0.13074523183863107,82588908.55,0.7473068920869733,0.5440259470015286,-0.14116365085040006,-0.14116365085040006,-0.37105423326983156,0.057003517748640764,-0.03140959237161959,0.34923374284584846,-0.2691127396012588,45.02406738868832,39.59085439229844,57.990373044524674,24.548736462093864,0.0,43.56438026474128,False,True,True,False,True,True,False,False,4,3587,閎康,TPEx,245000.0
2903.TW,21.799999237060547,485,-0.020224753390537198,0.0,-0.024608551902539744,-0.013574712182390813,0.011090926703175574,0.04076175219833389,-0.01646742782886146,-0.01779683179809055,-0.0028945498986785445,25050552.53163805,1.2986081369939213,0.49934130828497364,-0.04385965059044994,-0.04385965059044994,-0.04740195980786144,-0.014072615414902262,-0.020083647841742807,0.11789780265595294,-0.044247786863752636,18.50782190132371,71.11913357400722,25.276774969915763,68.95306859205776,0.0,43.55024067388688,False,True,True,True,True,False,False,False,4,2903,遠百,TWSE,21799.999237060547
2504.TW,30.649999618530273,485,-0.014469477730539748,0.0032733349907392295,-0.023885350608647715,-0.0496124149292938,-0.08536834275811289,-0.07770389324997518,-0.012961927370933934,-0.017890530916813474,-0.04380785829786327,39247988.77570047,1.1430665846984247,0.705501656285039,-0.0496124149292938,-0.0496124149292938,-0.11241398752872334,-0.00849814007837782,-0.007347878965549781,0.1483572513290595,-0.05607474525307843,20.7280385078219,65.70397111913357,30.487364620938624,66.4259927797834,0.0,43.515342960288805,False,True,True,True,True,False,False,False,4,2504,國產,TWSE,30649.999618530273
4949.TW,77.69999694824219,485,0.055706502161990024,0.07916662428114152,-0.055893146208302324,0.0806675285017302,-0.16541355293533788,1.0082112646672683,0.029070888276451212,0.07357509019703468,-0.048746186694553884,42700106.09275208,0.4109686906716395,0.6014978227256275,-0.055893146208302324,-0.055893146208302324,-0.2805555838125723,0.0696797887140656,-0.08278232237554572,0.36828600323196825,-0.31846341908445375,55.367027677496985,10.469314079422382,57.24428399518653,61.973525872442835,0.0,43.35800240673886,False,True,True,False,True,True,False,False,4,4949,有成精密,TWSE,77699.99694824219
2618.TW,42.349998474121094,485,-0.01166861185075585,0.025423710810104083,0.0047448859075223115,0.062735259616723,0.26628298803054506,0.148489148587013,0.004625760502959819,0.007154288242278595,0.08867063844080159,721237502.2149067,0.9875531682589404,0.6217220798834214,-0.046171238317704866,-0.046171238317704866,-0.046171238317704866,-0.012854833327636428,-0.01616686729805202,0.22673202174060908,-0.10135134786824584,30.186522262334535,57.88206979542719,26.81107099879663,67.87003610108303,0.0,43.303850782190125,False,True,True,True,True,False,False,False,4,2618,長榮航,TWSE,42349.998474121094
6173.TWO,303.0,485,0.0016528925619834212,-0.03809523809523807,0.16314779270633406,0.11725658687910734,3.248064589278761,6.118111461198316,0.03642893791688029,0.3117356325985785,0.41943801281800996,5916789221.475,0.832110085677585,1.2429983752922669,-0.03809523809523807,-0.03809523809523807,-0.12978302737956526,-0.039134055614600094,0.12406226374663162,0.7767896913625377,-0.5181818181818182,32.430806257521056,47.292418772563174,34.47653429602888,71.60048134777377,0.0,43.27617328519855,False,True,True,True,True,False,False,False,4,6173,信昌電,TPEx,303000.0
2368.TW,1105.0,485,-0.030701754385964897,0.11391129032258074,-0.05957446808510636,-0.03913043478260869,0.05480581871503798,1.483973447583482,0.04053863176232397,0.09719165273801456,-0.04426177469485304,9148963944.35,1.4043021950672165,0.8043705216302006,-0.09795918367346934,-0.09795918367346934,-0.2556387533666086,-0.015808137364688307,-0.04653098982423679,0.7101854121712122,-0.3293023255813954,31.991576413959088,74.36823104693141,20.776173285198556,41.15523465703971,0.0,43.275270758122744,False,True,True,False,True,False,False,False,3,2368,金像電,TWSE,1105000.0
2454.TW,4950.0,485,-0.045323047251687565,0.0927152317880795,0.1578947368421053,0.23904881101376718,2.073812151982328,2.3616588640474006,0.03877026388961746,0.1977013811876196,0.2790839251128081,35140212570.75,0.8913620925205265,0.995635517100956,-0.06338694418164614,-0.06338694418164614,-0.06338694418164614,-0.08479673146221389,0.07821179983751625,0.533327912792457,-0.197452229299363,41.6546329723225,52.34657039711191,25.60168471720818,57.52105896510229,0.0,43.228941034897716,False,True,True,False,True,False,False,False,3,2454,聯發科,TWSE,4950000.0
2441.TW,126.5,485,0.01200000000000001,0.0858369098712446,0.09051724137931028,-0.059346052762510815,0.3649868038277173,1.067042140619161,0.05747126436781613,0.06963313441692809,0.09525442345004076,480308839.325,0.671862816359015,0.7529706324170415,-0.1016591930486358,-0.1016591930486358,-0.1047568818346174,-0.010629310344827558,0.11029925896681388,0.3310758200906195,-0.35224916134454476,55.21660649819495,33.092659446450064,42.8820697954272,39.4705174488568,0.0,43.13387484957882,False,True,True,False,True,False,False,False,3,2441,超豐,TWSE,126500.0
3450.TW,543.0,485,0.044230769230769296,0.003696857670979714,-0.09800664451827246,0.06470588235294117,0.757962145918269,1.4619424039362245,0.022935995855507763,0.07088270580307987,0.13496405083719298,3491579745.375,0.8489118893165708,0.521852874112031,-0.1594427244582043,-0.1594427244582043,-0.1594427244582043,0.06873243036033741,-0.11957527196925284,0.69555984245589,-0.34271844660194173,37.966305655836344,49.09747292418773,55.397111913357406,20.697954271961493,0.0,43.0731046931408,False,True,True,False,True,True,False,False,4,3450,聯鈞,TWSE,543000.0
5474.TWO,161.5,485,-0.012232415902140636,0.0625,0.07308970099667778,0.0031055900621117516,0.13314404888848919,-0.12697078924943284,0.03178406005430445,0.05803352077305224,0.02819854620220341,32713137.6,0.7707749149308183,1.1409969181198014,-0.041543026706231445,-0.041543026706231445,-0.16444933407393536,-0.03050484115131008,0.0720545043093072,0.37200765827891735,-0.17757009345794394,40.62575210589651,41.997593261131165,30.902527075812273,69.79542719614922,0.0,42.98194945848375,False,True,True,True,True,False,False,False,4,5474,聰泰,TPEx,161500.0
3264.TWO,245.0,485,-0.02777777777777779,0.09865470852017943,0.04925053533190571,0.056034482758620774,0.3048034353938107,1.9924534125142297,0.01512326496788896,0.10381077529566363,0.11794775952896575,3345078888.4,1.208430463734289,1.8883733854087557,-0.13732394366197187,-0.13732394366197187,-0.13732394366197187,-0.04009041161075422,0.03057237441236545,0.7058252704947148,-0.3221052631578948,40.33694344163658,68.83273164861613,25.348977135980746,25.63176895306859,0.0,42.932912154031285,False,True,True,False,True,False,False,False,3,3264,欣銓,TPEx,245000.0
6442.TW,1625.0,485,0.0726072607260726,0.031746031746031855,-0.09470752089136492,0.10372585413141877,-0.2650076039027036,0.9419821171923186,0.014832162373145996,0.09217232986160862,-0.04144301652179749,3818418035.25,0.5678056528593471,0.8342808924181017,-0.09722222222222221,-0.09722222222222221,-0.3084249242576711,0.09628414094891383,-0.12928280560183783,0.6423654172463754,-0.2844138726007782,49.91576413959085,22.26233453670277,60.114320096269566,41.395908543922985,0.0,42.89139590854393,False,True,True,False,True,True,False,False,4,6442,光聖,TWSE,1625000.0
2486.TW,245.0,485,0.056034482758620774,0.06753812636165568,-0.14930555555555558,0.01449275362318847,0.2652137223782738,2.004302132542356,0.01924076963078525,0.032194642418284625,0.00297253266685904,1418661373.525,0.652399300972165,0.6716953407841613,-0.14930555555555558,-0.14930555555555558,-0.20048384303464317,0.09336087164750967,-0.15413647342995174,0.46112450742812655,-0.3460803059273423,51.04693140794224,31.046931407942242,58.856799037304455,23.225030084235858,0.0,42.82611311672684,False,True,True,False,True,True,False,False,4,2486,一詮,TWSE,245000.0
6530.TWO,100.5,485,0.018237113550284345,0.040372687241022165,-0.004950495049504955,0.1964285714285714,0.035932469973438685,0.6125365384929662,0.028922450908653863,0.17969284945710662,0.06615695074938133,235641511.7741806,0.6603766455080475,1.2203182233724237,-0.038277511961722466,-0.038277511961722466,-0.2317803551108596,0.019474737312660584,-0.07042668552569542,0.5477351507902557,-0.25903614457831325,43.2791817087846,31.768953068592058,37.90613718411552,71.48014440433214,0.0,42.7129963898917,False,True,True,True,True,True,False,False,5,6530,創威,TPEx,100500.0
2211.TW,79.4000015258789,485,-0.012437810709221453,-0.008739038221933892,-0.03874088386629648,-0.10320884244925754,-0.1445853196479483,-0.09560087378207949,-0.02138409225113891,-0.05925893680930927,-0.08469131911375749,46708086.48818932,1.4824179267510622,0.6046619258424304,-0.1069650281242358,-0.1069650281242358,-0.15559567159004484,-0.0027525897426473322,-0.004337936383210637,0.14115316656440904,-0.11371338593487879,17.888086642599276,76.77496991576413,33.874849578820694,37.18411552346571,0.0,42.44524669073405,False,True,True,False,True,False,False,False,3,2211,長榮鋼,TWSE,79400.0015258789
6640.TWO,1125.0,485,0.0714285714285714,0.008968609865470878,-0.07024793388429751,0.14562118126272905,-0.35207903117254924,0.562110812405255,-0.008592200925313986,0.09627752874683293,-0.026197480743243795,580174790.25,0.6663937074724865,1.2593205305197286,-0.13461538461538458,-0.13461538461538458,-0.35207903117254924,0.08899055489964577,-0.11878832763854053,0.6386464258668266,-0.2660194174757281,46.11010830324909,32.61131167268351,59.12154031287605,26.714801444043324,0.0,42.40403128760529,False,True,True,False,True,True,False,False,4,6640,均華,TPEx,1125000.0
7788.TW,307.0,468,0.05862068965517242,0.051369863013698724,-0.02848101265822789,0.2770845060302327,1.128474041612594,1.0109933418845767,0.03167268755775865,0.16227264037167433,0.3016967975083995,657126602.975,0.5229362608351028,0.970977703864501,-0.08358208955223878,-0.08358208955223878,-0.08358208955223878,0.06574094281972939,-0.12084251466830546,0.7045184844785065,-0.35889405760748117,53.86281588447653,18.772563176895307,54.18170878459687,47.0517448856799,0.0,42.393802647412755,False,True,True,False,True,True,False,False,4,7788,松川精密,TWSE,307000.0
2636.TW,70.80000305175781,485,0.0,0.008547095863237875,0.020172932206015126,0.07861630139567266,0.1263427582434662,0.08938719770493653,0.006325121118605281,0.03770659624944894,0.07434605835618657,26511655.038134,0.8474791824235998,0.36997168020660404,-0.050938277481084815,-0.050938277481084815,-0.050938277481084815,-0.0050432330515037815,-0.0060325015925424275,0.19721298251660493,-0.07908849392169393,33.00842358604091,48.61612515042118,32.09386281588448,65.58363417569194,0.0,42.348375451263536,False,True,True,False,True,False,False,False,3,2636,台驊控股,TWSE,70800.00305175781
3059.TW,38.70000076293945,485,0.01976284545249385,0.02245712874729766,0.0032962994536396284,-0.1546695528244194,0.09450507362980165,-0.28413455906946417,0.020403990129182148,-0.008357034279640851,-0.052902102626877,40382443.42782726,0.7915271316257722,0.6387764751739026,-0.1546695528244194,-0.1546695528244194,-0.22096997750827985,0.018938770589083942,0.054852817061779434,0.20700019638851377,-0.22043010164046561,41.829121540312876,43.32129963898917,53.38748495788207,21.780986762936223,0.0,42.15914560770156,False,True,True,False,True,True,False,False,4,3059,華晶科,TWSE,38700.00076293945
2912.TW,210.5,485,-0.011737089201877882,-0.020930232558139528,-0.02995391705069128,-0.09267241379310343,-0.02815131088316436,-0.12533618595665053,-0.020930232558139528,-0.04897223061837619,-0.04328362054471713,322446041.125,1.5029606096165016,0.7134588272452176,-0.10930369090738523,-0.10930369090738523,-0.11111403211189319,-0.004248609939205061,0.0009368875470098618,0.08643154731411831,-0.10930369090738523,16.80505415162455,77.49699157641395,33.682310469314075,36.22141997593261,0.0,42.14440433212996,True,True,True,False,True,False,False,False,4,2912,統一超,TWSE,210500.0
0055.TW,48.849998474121094,485,-0.030754027873628798,-0.018287778900874962,0.04828326338357103,0.1529383928626895,0.4758308376453244,0.6594450281218018,-0.010943432315769885,0.07504398591943517,0.1882223342297329,45133727.01920967,1.1970578578148776,3.1912452078613387,-0.03933136794522918,-0.03933136794522918,-0.03933136794522918,-0.042824843719521555,-0.002696200903992141,0.19187059337794748,-0.03933136794522918,20.084235860409148,68.35138387484957,19.957882069795428,70.7581227436823,0.0,42.13387484957882,False,True,True,True,True,False,False,False,4,0055,元大MSCI金融,TWSE,48849.998474121094
6146.TWO,183.5,485,0.013812154696132506,0.045584045584045496,-0.018716577540106916,-0.11315937253762531,-0.006855307507738551,0.08465399159432696,0.018171729782216817,-0.006634040701307464,-0.0401922039323398,46561474.325,0.7517607303125403,0.9894948757730713,-0.11315937253762531,-0.11315937253762531,-0.16092805566157076,0.018491299081159235,0.019003213305768187,0.13328250517603563,-0.12300115366813857,41.227436823104696,40.55354993983153,49.404332129963905,34.65703971119133,0.0,42.08393501805054,False,True,True,False,True,True,False,False,4,6146,耕興,TPEx,183500.0
1582.TW,71.9000015258789,485,0.02130681772000531,0.02861230266582382,-0.04260981375845008,-0.1046077360727451,-0.302048903724343,0.0867221147181263,0.010683184666937295,-0.005509555862831639,-0.13627861319980972,20780005.091133118,0.7268436467254369,0.5270911669175129,-0.1046077360727451,-0.1046077360727451,-0.37797663207195986,0.03195927115961783,-0.0077405684008683764,0.19703472439109002,-0.2108585554511544,39.013237063778575,38.1468110709988,52.376654632972325,38.50782190132371,0.0,42.018351383874844,False,True,True,False,True,True,False,False,4,1582,信錦,TWSE,71900.0015258789
6589.TW,50.79999923706055,485,-0.057513955492746294,0.037793635245900736,0.047422664681660676,0.028340033763930794,-0.02307693774883568,-0.16033059112296622,0.017067893614126195,0.04087694396672448,0.0726539948738727,35072591.44339371,1.0705661588736475,1.00657870048733,-0.057513955492746294,-0.057513955492746294,-0.057513955492746294,-0.06936962166316146,0.03797598676035041,0.47143062358629884,-0.13878325948340298,28.39350180505415,62.454873646209386,22.196149217809868,61.25150421179302,0.0,41.99127557160048,False,False,True,False,True,False,False,False,2,6589,台康生技,TWSE,50799.99923706055
2520.TW,36.95000076293945,485,0.0,0.015109868516613112,0.030683468218622556,0.10886287024310848,0.2623699758290208,-0.006288268724052415,-0.0005409554417510343,0.04608402396310063,0.12300144997133211,56570410.10025768,0.787830742519892,0.973901451624135,-0.03650580878448717,-0.03650580878448717,-0.03650580878448717,-0.007670867054655639,-0.005604155195746939,0.21668021642292656,-0.061898251042576624,34.97593261131167,42.96028880866426,30.962695547533094,72.20216606498195,0.0,41.95186522262334,False,True,True,True,True,False,False,False,4,2520,冠德,TWSE,36950.00076293945
6005.TW,32.0,485,-0.016897058370260454,0.0372771346615941,0.0,0.011944555778827581,0.2985128631766478,0.5710058437443788,0.0009383803281635128,0.03700126303462947,0.05012410279725721,205080459.971739,0.8300739952084862,0.9129519302592574,-0.022900763358778664,-0.022900763358778664,-0.1857272249958576,-0.016897058370260454,-0.003981518592942527,0.22099428514419456,-0.10027470316176534,30.10830324909747,46.931407942238266,26.877256317689532,80.26474127557161,0.0,41.87093862815884,False,True,True,True,True,False,False,False,4,6005,群益證,TWSE,32000.0
6265.TWO,50.099998474121094,485,0.06144062848106269,0.030864198499897633,-0.10215055270383766,-0.017647088742723693,0.229447815315855,3.2278478363987455,-0.0008476094944693813,-0.037710506372378716,-0.009302240911816195,102628824.31773415,0.7030459171616271,0.2826360026224758,-0.2085308202533308,-0.2085308202533308,-0.21596248391588757,0.0869782666570221,-0.09626818978959643,0.4657481674632146,-0.28650647758177805,47.27436823104692,36.22141997593261,59.63898916967509,12.394705174488568,0.0,41.81768953068592,False,True,True,False,True,True,False,False,4,6265,方土昶,TPEx,50099.998474121094
6104.TWO,92.30000305175781,485,0.022148393492895435,0.01540155668182619,-0.058163234165736655,-0.09951216534870422,0.051252845598960484,-0.18113050386419727,0.004844617732140621,-0.01586903886816593,-0.04660247988289312,30465421.71672859,0.7589918668045579,0.559312196441149,-0.09951216534870422,-0.09951216534870422,-0.1493087276335685,0.0366892020343296,-0.02499251238283525,0.2206109888186345,-0.17647058823529416,35.37906137184115,41.03489771359807,51.17328519855596,40.312876052948255,0.0,41.764440433213,False,True,True,False,True,True,False,False,4,6104,創惟,TPEx,92300.00305175781
2072.TW,133.0,485,0.04313725490196085,0.05138339920948609,-0.043165467625899234,-0.06377716054799665,-0.22807257436729456,-0.4679235854612177,0.019157088122605304,-0.04388993798545171,-0.12908569374228218,34753282.15,0.6369492361433706,0.7189454567994907,-0.15253225127580228,-0.15253225127580228,-0.3037137050992659,0.05392862180843566,-0.021906414109900352,0.2527118341584122,-0.19394984801796233,49.50060168471721,29.24187725631769,58.640192539109506,22.623345367027678,0.0,41.676293622142,False,True,True,False,True,True,False,False,4,2072,世紀風電,TWSE,133000.0
3545.TW,51.5,485,0.003898650407678117,0.033099329516238285,-0.01904761904761909,-0.10048858621817747,0.06622338413296824,-0.24674004717605413,0.015378555005302497,0.027030894054422827,-0.01841152633792409,31010547.286891364,0.8368360174218314,0.8618994848947336,-0.10048858621817747,-0.10048858621817747,-0.15013690872518737,0.00866055516958289,0.014448576358440067,0.2581031763086364,-0.22743052808892172,35.43321299638989,48.014440433213,42.50300842358604,39.83152827918171,0.0,41.63477737665463,False,True,True,False,True,True,False,False,4,3545,敦泰,TWSE,51500.0
2455.TW,580.0,485,0.050724637681159424,0.12621359223300965,0.07011070110701101,0.7313432835820894,0.9929653778388219,2.6382483708902074,0.07866840245490048,0.37069933237489416,0.47377491152878326,4728694221.55,0.15210389716763828,0.6498773745519774,0.013986013986013957,0.013986013986013957,0.013986013986013957,0.03319696240440667,-0.17367039342035215,0.5100977247661725,-0.23043478260869565,68.823706377858,0.24067388688327318,40.87845968712395,94.1034897713598,3.470149253731342,41.584303213176,False,True,False,True,True,True,True,False,5,2455,全新,TWSE,580000.0
3708.TW,99.30000305175781,485,0.018461569761618613,0.06203211820061827,-0.016831652952892906,-0.06320751837964322,-0.09661116309842144,-0.07273304604606456,0.012284048594098707,0.0001679017519127246,-0.06319493370351859,43843350.405096434,0.578840916808391,0.852327355914749,-0.067605605147814,-0.067605605147814,-0.19965931200628784,0.02266948299984184,0.004237519840321502,0.26087427047194117,-0.175586825805091,45.15643802647412,23.94705174488568,49.55475330926595,55.11432009626955,0.0,41.386883273164855,False,True,True,False,True,True,False,False,4,3708,上緯投控,TWSE,99300.00305175781
4977.TW,175.5,485,0.054054054054053946,-0.005665722379603388,-0.005665722379603388,0.16167609633890634,-0.08320165785557576,0.4438645503251266,0.019311746769275384,0.14521934236435663,-0.007526505860935395,573857827.95,0.49672682693237236,0.7424120125386166,-0.05135135135135138,-0.05135135135135138,-0.3407864365870277,0.05547048464895479,-0.05955775449257217,0.5719479808420769,-0.2904286848999409,43.823706377858,16.24548736462094,54.151624548736464,65.22262334536703,0.0,41.34205776173285,False,True,True,False,True,True,False,False,4,4977,眾達-KY,TWSE,175500.0
3081.TWO,2925.0,485,0.09141791044776126,0.04278074866310155,-0.1384388807069219,0.5384368445146126,0.3892349826826842,5.591053860731887,0.034482758620689724,0.18092596683218787,0.23061579411447908,9138098656.5,0.5909189872866951,0.8736757097192656,-0.1713881019830028,-0.1713881019830028,-0.1713881019830028,0.12602763062449174,-0.31791782887845943,0.6633131987040854,-0.24929178470254953,53.75451263537906,25.03008423586041,61.817087845968715,17.689530685920577,0.576552667719189,41.166527958032916,False,True,True,False,True,True,False,False,4,3081,聯亞,TPEx,2925000.0
3715.TW,129.5,485,0.031872509960159334,0.04858299595141702,0.04016064257028118,-0.1452145214521452,-0.3012425201011155,0.4180442699398148,0.04752275025278063,0.07561117371985593,-0.12411309102138546,740007868.775,0.5702469717144758,0.9725122937353118,-0.1452145214521452,-0.1452145214521452,-0.3418268816912441,0.02183234931758904,0.08856548305432957,0.6018942612016518,-0.39801323492795426,53.1768953068592,22.86401925391095,58.604091456077015,23.826714801444044,0.0,41.037304452466906,False,True,True,False,True,True,False,False,4,3715,定穎投控,TWSE,129500.0
2360.TW,2190.0,485,-0.058064516129032295,0.04784688995215314,0.1088607594936708,0.18059299191374656,0.17474630185811213,2.901984086246766,-0.002845759817871385,0.053222186598268495,0.017791890161204194,5229939261.0,1.1402988026587249,1.1719377950678544,-0.10245901639344257,-0.10245901639344257,-0.1586578729226581,-0.08527970600245,0.04866309552242195,0.6956846889052499,-0.1694915254237288,32.98435619735259,65.46329723225031,22.37063778580024,39.10950661853189,0.0,40.99338146811071,False,False,True,False,True,False,False,False,2,2360,致茂,TWSE,2190000.0
4951.TWO,90.9000015258789,485,-0.030916859611174186,0.11808115761089799,0.14483626925689408,-0.009803937864484302,0.33981493611826896,0.25108549716977935,0.059378842802903176,0.11179063084965368,-0.021774459990192008,50395424.028504565,0.7838879438447536,3.5643542536109956,-0.0882647511707716,-0.0882647511707716,-0.3253074113973826,-0.0671259269253977,0.14810424854505552,0.6369657422154852,-0.16666663783297508,45.066185318892906,42.83995186522262,31.835138387484953,44.4043321299639,0.0,40.99127557160048,False,True,True,False,True,False,False,False,3,4951,精拓科,TPEx,90900.0015258789
6226.TW,46.400001525878906,485,0.0866510701833707,0.16290726194043215,0.35871155059003246,0.8376238228070854,2.4626867796111256,5.590909343366782,0.19134736454028145,0.6265483175037623,1.156593212772302,866330606.4307492,0.40302366392976735,1.091234835885931,-0.03333330154418945,-0.03333330154418945,-0.03333330154418945,-0.00302681746413741,0.07950360965433734,1.0025946246475814,-0.3525179678421012,83.58604091456078,9.386281588447654,43.44765342960289,73.88688327316486,8.869261612757416,40.96738098652057,False,True,False,True,True,False,False,False,3,6226,光鼎,TWSE,46400.001525878906
8227.TWO,370.0,485,0.19354838709677424,0.3602941176470589,1.305295950155763,0.8877551020408163,2.035432840463809,1.3189953702951018,0.406042181265438,0.9412381951731374,0.9560004212306832,959596981.475,1.1212249162427126,4.90217018624359,-0.0013495276653171517,-0.0013495276653171517,-0.0013495276653171517,-0.13277560044216652,1.0093775828088243,0.7883591298451674,-0.2991913746630728,96.57641395908544,64.38026474127557,36.01684717208183,90.61371841155234,30.0,40.883273164861606,False,True,False,True,True,False,False,False,3,8227,巨有科技,TPEx,370000.0
6613.TWO,281.0,485,0.044609665427509215,0.06439393939393945,0.06238185255198481,-0.10793650793650789,0.2525624127945769,0.6270300419302937,0.0585797702015447,-0.0008000711174327435,0.008266233147554924,59978521.025,0.5255967685764249,0.36994457434831557,-0.237449118046133,-0.237449118046133,-0.2645210596740821,0.029014202289513014,0.09836068853082078,0.2997269529864709,-0.32835820895522383,60.61672683513839,18.892900120336943,63.10469314079422,7.821901323706378,0.0,40.80234657039711,False,True,True,False,True,True,False,False,4,6613,朋億*,TPEx,281000.0
2408.TW,526.0,485,0.021359223300970953,0.06802030456852792,0.015444015444015413,0.3282828282828283,1.3400911124773889,6.199052543449282,0.041842040108937884,0.10620399579390116,0.3045028242743246,24791030877.25,0.5183631380992277,0.5766114076295658,-0.03130755064456725,-0.03130755064456725,-0.03130755064456725,0.0174982194399671,-0.09398359398359402,0.6078564049295276,-0.31808731808731805,50.72202166064982,18.170878459687124,34.93983152827918,75.69193742478942,0.0,40.75661853188929,False,True,True,True,True,True,False,False,5,2408,南亞科,TWSE,526000.0
2449.TW,295.5,485,-0.02796052631578949,0.13001912045889097,0.09242144177449174,0.019508598856686543,0.055796260128418984,0.8876357970570217,0.05169499065753169,0.12154505471550126,0.06763781780183553,7055139593.8,0.7465357315328124,1.115502567239196,-0.06782334384858046,-0.06782334384858046,-0.12016979921528104,-0.05106588675941243,0.08591857548892956,0.5584463823767758,-0.3255000445567483,44.78339350180505,39.4705174488568,28.862815884476536,54.87364620938629,0.0,40.72292418772564,False,True,True,False,True,False,False,False,3,2449,京元電子,TWSE,295500.0
3034.TW,537.0,485,-0.014678899082568808,-0.02007299270072993,-0.011049723756906049,0.030878039395529244,0.42154031836870876,0.3226360394015355,-0.01205040934596624,0.02113903590783761,0.09048381813350859,1608505410.85,1.0228640950341583,0.8345540441253061,-0.037634408602150504,-0.037634408602150504,-0.037634408602150504,-0.011916468143342296,-0.0213424035554158,0.2722654273902037,-0.11753371868978801,17.647412755716005,59.56678700361011,26.81708784596871,71.96149217809868,0.0,40.66275571600481,False,True,True,True,True,False,False,False,4,3034,聯詠,TWSE,537000.0
6712.TWO,161.0,485,-0.006172839506172867,0.022222222222222143,0.022222222222222143,-0.1202185792349727,0.22025527611736795,0.06631535470236316,0.017859965228386177,0.03826311263972482,0.0985468920785002,31356979.75,0.9288784934889742,0.5521989622352911,-0.1202185792349727,-0.1202185792349727,-0.1202185792349727,-0.011728395061728403,0.06229508196721304,0.15741146493756406,-0.18233618233618232,33.32731648616125,54.75330926594465,37.67749699157641,31.40794223826715,0.0,40.55475330926595,False,True,True,False,True,False,False,False,3,6712,長聖,TPEx,161000.0
3305.TW,107.5,485,0.05392156862745101,0.06435643564356441,-0.0401785714285714,-0.1634043554719251,-0.07904177268562862,-0.1471281740409971,0.03589496506865819,-0.010293656850050126,-0.10334397491269176,90376125.33651657,0.4944905534330959,0.4821974858850507,-0.1634043554719251,-0.1634043554719251,-0.34570725797501467,0.06396621148459386,0.014289547062070307,0.32735369866401715,-0.276369544434919,53.61010830324909,15.643802647412755,67.33453670276775,19.494584837545126,0.0,40.53399518652226,False,True,True,False,True,True,False,False,4,3305,昇貿,TWSE,107500.0
9904.TW,24.700000762939453,485,-0.008032082676900254,0.008163296446508372,-0.002020171194365483,0.01646096865998481,-0.06946955316493475,-0.08257561486792786,0.0036570755358300566,0.009639981821681687,0.003530664533178074,237422776.10112628,0.7615821860493653,0.5846602538437382,-0.02178214800239786,-0.02178214800239786,-0.07278108237453251,-0.007527039878308883,-0.007507160747693753,0.12989175764569755,-0.0475247826906714,27.334536702767746,41.15523465703971,30.9927797833935,81.34777376654633,0.0,40.49729241877256,False,True,True,True,True,False,False,False,4,9904,寶成,TWSE,24700.000762939453
1402.TW,28.049999237060547,485,0.005376330486780656,0.02372261414524579,-0.03608251308057708,0.05636004575031417,0.11227326402316296,0.05636004575031417,-0.006815996525907142,0.007999200250758953,0.047810250052755965,230079728.15678397,0.8263097611766681,0.4588499847135337,-0.07578257382208964,-0.07578257382208964,-0.07578257382208964,0.014396958756924927,-0.05486919499734848,0.17632848441458124,-0.09719936493775416,33.36341756919374,46.57039711191336,35.45126353790614,50.42117930204573,0.0,40.40613718411552,False,True,True,False,True,True,False,False,4,1402,遠東新,TWSE,28049.999237060547
4576.TW,234.0,485,0.046979865771812124,0.0042918454935623185,-0.03305785123966942,0.061224489795918435,0.2938979989389232,0.973466203282761,-0.004467134652201721,0.08270676691729317,0.06251621025688081,642305048.0,0.4670278265239521,0.9854819395850831,-0.052631578947368474,-0.052631578947368474,-0.17454310730524492,0.05524432858172948,-0.05346601450497557,0.5355784542615982,-0.24541284403669728,42.045728038507825,14.681107099879661,54.6690734055355,64.50060168471721,0.0,40.360409145607704,False,True,True,False,True,True,False,False,4,4576,大銀微系統,TWSE,234000.0
4541.TWO,61.099998474121094,485,0.0303541190593406,0.0757042129369414,-0.04824281131175179,0.01158935315493781,0.3569153853824012,0.2212238468441612,0.027448811279199292,-0.053572127896391875,0.0936262273260191,63712148.39415588,0.6982808821837921,0.24598155763961083,-0.19286656621800724,-0.19286656621800724,-0.19286656621800724,0.04241482188727855,-0.05210592903006439,0.408971954970287,-0.25627474892034485,48.947051744885684,35.860409145607704,50.37906137184115,15.162454873646208,0.0,40.31137184115523,False,True,True,False,True,True,False,False,4,4541,晟田,TPEx,61099.998474121094
5314.TWO,29.899999618530273,485,0.14999998532808734,-0.02767377120174208,-0.12433782989524933,0.8470809361920835,0.6022297431203218,0.10905078246597055,-0.08467029972810902,0.26402466029786087,0.5027137320893895,1014629165.2692158,1.0447474052522305,4.167248094742132,-0.3600930130412562,-0.3600930130412562,-0.3600930130412562,0.18108444280189967,-0.40669814195927717,1.3087600845262033,-0.44355913467582997,44.80746089049338,60.770156438026476,63.604091456077015,1.684717208182912,7.606212869128239,40.22080277467441,False,True,False,False,True,True,False,False,3,5314,世紀*,TPEx,29899.999618530273
2548.TW,92.5,485,-0.009635990483678247,0.006528818978878137,-0.009635990483678247,-0.03358210055699018,-0.175309287245766,0.028822082147524908,-0.011223940382809938,-0.02804695412415048,-0.07965603942020127,99452073.2866356,0.956189574143689,0.8601864480831408,-0.07128512633427275,-0.07128512633427275,-0.21279524577196307,-0.0072269928627586855,0.0015580430353184793,0.2191636947164386,-0.08032128637108993,24.825511432009627,56.19735258724429,32.16606498194946,52.46690734055355,0.0,40.218411552346566,False,True,True,False,True,False,False,False,3,2548,華固,TWSE,92500.0
7709.TWO,85.30000305175781,485,-0.002339145593475922,0.04278728446728075,0.15896745679622026,0.11357708552143087,0.1628302585593353,1.2153406273545113,0.00976623002506427,0.13052509625752862,0.02713285856787606,22747921.011493303,0.6895247396687084,5.330938204651316,-0.07282605378524121,-0.07282605378524121,-0.35282181110344846,-0.04208100979253099,0.12110842828907664,0.7784103346618815,-0.20403023238808593,45.144404332129966,34.416365824308066,33.72442839951865,51.50421179302046,0.0,40.024969915764146,False,True,True,False,True,False,False,False,3,7709,榮田,TPEx,85300.00305175781
2354.TW,65.69999694824219,485,-0.0030349707588122055,0.007668712015384216,-0.009049865398154222,0.134714943295416,0.33482314747702957,-0.018284129339253052,0.005971490753489794,0.07505177105888472,0.12374030574104777,721672324.1158159,0.7262542002669523,0.6213704967677863,-0.009049865398154222,-0.009049865398154222,-0.009049865398154222,-0.0007725044092736499,-0.05395484649662622,0.23760955868386358,-0.07180382808555241,28.18291215403129,38.02647412755716,27.755716004813475,87.72563176895306,0.0,39.96058965102286,False,True,True,True,True,False,False,False,4,2354,鴻準,TWSE,65699.99694824219
6217.TWO,177.5,485,0.05970149253731338,0.07575757575757569,-0.09207161125319696,-0.30118110236220474,-0.26041666666666663,2.6979166666666665,0.023349668492361086,0.043043925370941594,-0.1887568555758684,682731131.45,0.5089632641194723,1.127008935590735,-0.30118110236220474,-0.30118110236220474,-0.47947214076246336,0.08271939535061262,0.008322089534204616,0.5576262135345644,-0.594,54.52166064981949,17.448856799037305,71.13116726835138,3.489771359807461,0.0,39.897412755716,False,True,True,False,True,True,False,False,4,6217,中探針,TPEx,177500.0
6271.TW,234.5,485,0.026258205689277947,0.028508771929824483,0.05156950672645744,-0.08039215686274515,0.3806299180059094,1.0296440817655834,0.03326723948006172,0.12371216356521053,0.10324088683120358,964846795.675,0.4998325401840689,0.8401301770562939,-0.08039215686274515,-0.08039215686274515,-0.18434782608695655,0.013365829007663588,0.07836689234737249,0.46820048758782595,-0.4087301587301587,48.73646209386281,16.48616125150421,51.612515042117934,48.856799037304455,0.0,39.79843561973525,False,True,True,False,True,True,False,False,4,6271,同欣電,TWSE,234500.0
8234.TWO,63.29999923706055,485,0.042833582231328826,0.02261708686059305,-0.06615326537381583,-0.12154013800431707,0.06680641123476905,-0.2844006759196217,0.00026207449074311384,-0.028260514057240615,-0.04402158417492752,23784728.510085106,0.6029532927155216,0.4574952055578991,-0.1370143971395441,-0.1370143971395441,-0.16089139602075464,0.05937189857478278,-0.02563988603904347,0.27259898710353053,-0.21739138392304425,43.40553549939831,26.594464500601685,59.45848375451263,25.872442839951866,0.0,39.745487364620935,False,True,True,False,True,True,False,False,4,8234,新漢,TPEx,63299.99923706055
6416.TW,117.5,485,0.012931034482758674,-0.004237288135593209,0.1691542288557213,0.24296848536863047,0.5390640575494132,0.393500953810042,0.03784834025205952,0.1450803239513836,0.26949757957243925,130694794.81367874,0.5739738422597659,1.792912613558166,-0.02892561983471076,-0.02892561983471076,-0.02892561983471076,-0.029357522731171648,0.08816473373284446,0.4926444837025253,-0.1648682323000742,41.73886883273165,23.586040914560773,33.21901323706378,77.49699157641395,0.0,39.52677496991576,False,True,True,True,True,False,False,False,4,6416,瑞祺電通,TWSE,117500.0
1802.TW,59.5,485,0.032986138475898485,0.017094017094017033,-0.02138156666732549,-0.09848484848484851,-0.06151421817059399,1.2928708381764307,0.011388751828487864,0.04216841578646924,-0.053759450044012946,1067014512.9154813,0.5518914916500742,0.5408188675192095,-0.09848484848484851,-0.09848484848484851,-0.2232375824380498,0.03833153014272986,0.011446716160957347,0.3607914203294628,-0.34461540809044466,41.94945848375451,21.179302045728036,57.52105896510229,40.91456077015644,0.0,39.45607701564381,False,True,True,False,True,True,False,False,4,1802,台玻,TWSE,59500.0
8039.TW,296.0,485,0.15625,0.074410163339383,-0.05582137161084533,1.1142857142857143,1.2414497499743775,3.813369389787481,0.05808757819481669,0.1806155687030513,0.5111941702850951,6150316920.625,0.7916892198683504,0.573070679971944,-0.16028368794326242,-0.16028368794326242,-0.16028368794326242,0.17020534290271133,-0.42724994303941677,0.8232870783954453,-0.3828125,65.32490974729241,43.4416365824308,63.36341756919374,20.33694344163658,12.114285714285716,39.40707409317517,False,True,False,False,True,True,False,False,3,8039,台虹,TWSE,296000.0
2388.TW,73.19999694824219,485,0.03389821741575183,0.02664787959553294,-0.04188487583410305,-0.014804926760896064,0.3221115984461196,0.2563462411762827,-0.0012280368830269728,-0.007816427219770605,-0.008126659391027968,323092606.0527973,0.6194719844165427,1.1538441429350135,-0.11807232592479289,-0.11807232592479289,-0.16767059206050083,0.04436943637427759,-0.0369499002471377,0.47923769528740673,-0.1638554033026638,42.9482551143201,27.557160048134776,53.12274368231048,32.731648616125156,0.0,39.34205776173285,False,True,True,False,True,True,False,False,4,2388,威盛,TWSE,73199.99694824219
6290.TWO,277.0,485,0.010948905109489093,0.04924242424242431,0.0799220272904484,-0.0594855152204683,0.33663705471255945,1.5821398317606037,0.027352804821511256,0.13089349058795952,0.03652745722488726,936845471.475,0.500397296941718,0.8333694069389526,-0.0594855152204683,-0.0594855152204683,-0.22606163395700696,-0.009031601713123005,0.09975053236393783,0.5840127530534066,-0.3490351634290191,49.19975932611311,16.726835138387486,42.50300842358604,59.32611311672683,0.0,39.30264741275571,False,True,True,False,True,False,False,False,3,6290,良維,TPEx,277000.0
5508.TWO,53.70000076293945,485,0.005617963080303712,0.03468206520500794,0.005617963080303712,-0.026716675593704498,0.12168488753257067,-0.4656123647862489,0.002239653755920612,0.01628888175186649,0.052592229224860176,21041804.0596941,0.5692613768246658,1.7076668702703037,-0.041071414947509766,-0.041071414947509766,-0.08192728622369816,0.004213472310227784,0.014523521611538545,0.30315965455359906,-0.09065226718083885,39.43441636582431,22.503008423586042,40.631768953068594,70.27677496991576,0.0,39.28068592057762,False,True,True,True,True,True,False,False,5,5508,永信建,TPEx,53700.00076293945
9914.TW,68.30000305175781,485,0.028614480153865474,0.0058910385403518895,-0.1567900857807677,-0.04537748205674341,0.16501619133961953,-0.35606375791809375,-0.037485862477088294,-0.11288210770088203,-0.03448751091645208,116433061.01592445,0.8565879973873016,0.3958100808537453,-0.2757157917134908,-0.2757157917134908,-0.2757157917134908,0.0678120015990574,-0.1416642584285199,0.39079733929478616,-0.2958642695967424,32.954271961492175,49.69915764139591,54.45246690734056,5.174488567990373,0.0,39.18531889290011,False,True,True,False,True,True,False,False,4,9914,美利達,TWSE,68300.00305175781
2352.TW,29.200000762939453,485,0.006896578032394851,0.0017153051479765757,0.01742160232433343,-0.12229075702114767,0.25543448311152583,-0.14093404086761274,0.006462757878137104,0.008377226947816618,0.03442933477295118,130915043.97648354,0.7919195351967577,0.8124270512528015,-0.12229075702114767,-0.12229075702114767,-0.1470848183514477,0.0025411774513114938,0.058185187998049316,0.21927301753004746,-0.17122242531485066,33.83874849578821,43.561973525872446,44.729241877256314,31.046931407942242,0.0,39.05956678700361,False,True,True,False,True,True,False,False,4,2352,佳世達,TWSE,29200.000762939453
2882.TW,111.5,485,0.0,-0.008888888888888835,0.022935779816513735,0.1377551020408163,0.6039186265140317,0.7577191801680057,-0.0026833631484793896,0.07724264475347664,0.17929353741460208,2283327402.925,0.7310150961445873,0.9843355611571041,-0.0304347826086957,-0.0304347826086957,-0.0304347826086957,-0.005733944954128434,-0.022982587530425036,0.250182020427492,-0.044670066252577745,29.103489771359808,38.748495788206974,28.71239470517449,76.77496991576413,0.0,39.04993983152828,False,True,True,True,True,False,False,False,4,2882,國泰金,TWSE,111500.0
6168.TW,46.0,485,0.11650483369355369,0.4307930891689893,0.6636528258456849,0.5231787694671133,0.7164179593105588,1.13953488372093,0.27010423071097356,0.5865716218340311,0.6192906795532747,523185079.8628944,0.4334609649763296,4.293444117695276,-0.021276595744680882,-0.021276595744680882,-0.021276595744680882,-0.049408372767867526,0.48925990268998043,0.7584113083116004,-0.3136915433187297,93.59807460890494,11.793020457280386,39.59085439229843,81.70878459687124,14.825530446605669,38.94582936085523,False,True,False,True,True,False,False,False,3,6168,宏齊,TWSE,46000.0
2597.TW,165.5,485,-0.017804154302670572,-0.017804154302670572,-0.026470588235294135,-0.008982035928143728,0.14187329955365047,0.13815374770807454,-0.023022432113341207,-0.008932581466141065,0.013333422816057094,31084784.2,1.0357242114099043,0.8799941384268162,-0.05428571428571427,-0.05428571428571427,-0.1435950253347622,-0.011186507243847038,-0.023476576259246224,0.1922438234788314,-0.06231454005934722,15.962695547533093,60.048134777376646,26.54632972322503,63.29723225030084,0.0,38.934416365824305,False,True,True,False,True,False,False,False,3,2597,潤弘,TWSE,165500.0
1717.TW,74.19999694824219,485,0.04360054206259134,0.049504952631925336,-0.08168324077027422,-0.032594525416826614,-0.06875258293050146,0.7766350708130014,0.027914346541379365,0.058714377928236194,0.008744626230326125,632281365.1906674,0.527291118348169,0.4359938716546572,-0.12396694661531404,-0.12396694661531404,-0.13114759224263906,0.0640213522551599,-0.07081839896466535,0.307368000011981,-0.25745261556929855,47.59326113116726,19.01323706377858,56.125150421179306,30.806257521058967,0.0,38.63417569193742,False,True,True,False,True,True,False,False,4,1717,長興,TWSE,74199.99694824219
2103.TW,28.149999618530273,485,0.008960573599218202,0.048417103113254756,-0.005300340020286676,0.1827731311308638,0.4622567967707054,0.7074256152013989,0.03530708198931687,0.08816801185609346,0.2162235877621801,112178931.74037151,0.5407428700769862,0.4690454054924055,-0.022569431796853556,-0.022569431796853556,-0.022569431796853556,0.010285658604289871,-0.06622471706390795,0.41738091487357193,-0.19921876193257027,41.46209386281588,19.975932611311674,32.17809867629362,80.98676293622142,0.0,38.623947051744885,False,True,True,True,True,True,False,False,5,2103,台橡,TWSE,28149.999618530273
2419.TW,29.299999237060547,485,0.0103448012779499,0.07129794619352148,0.05017919848287167,0.042704585028480846,-0.17114567180220985,0.25751073804571245,0.04596159703919844,0.12267702576914252,0.03404158592175044,75412969.54205409,0.4140362532965877,5.961253664394249,-0.044045689992555426,-0.044045689992555426,-0.22384107981296564,-0.002199998342768017,0.035944336806711386,0.45637426472768067,-0.2043010370439241,50.36702767749699,10.709987966305656,39.626955475330924,68.83273164861613,0.0,38.55475330926595,False,True,True,True,True,False,False,False,4,2419,仲琦,TWSE,29299.999237060547
3526.TWO,274.5,485,0.020446096654274992,0.03195488721804507,-0.03514938488576447,-0.11451612903225805,-0.0005784430304726085,0.18187170129345653,0.009098428453267138,-0.04374836705663776,-0.11844494689191865,45195912.525,0.6433708931390693,0.5574704766761758,-0.12857142857142856,-0.12857142857142856,-0.30506329113924047,0.02923344287571611,0.0030226581249882187,0.18111577633302406,-0.1682539682539682,39.879663056558364,30.084235860409148,52.442839951865224,29.362214199759322,0.0,38.50421179302045,False,True,True,False,True,True,False,False,4,3526,凡甲,TPEx,274500.0
3045.TW,122.0,485,-0.008130081300813052,-0.02008032128514059,0.051724137931034475,0.12696129398413292,0.15769652708793802,0.20138319833398333,0.0053564070869387415,0.05872143477003178,0.08510898379620357,910237393.775,0.7290100630341556,0.6686029210914781,-0.02008032128514059,-0.02008032128514059,-0.02008032128514059,-0.02106111578357167,0.00940370660299017,0.16083297301061678,-0.052631578947368474,26.161251504211794,38.387484957882066,26.793020457280385,82.67148014440433,0.0,38.4635980746089,False,True,True,True,True,False,False,False,4,3045,台灣大,TWSE,122000.0
3689.TWO,113.0,485,0.03196347031963476,0.04629629629629628,-0.04641350210970463,-0.05208329199982542,-0.15778622921765195,0.18369780730606,0.025175776820140605,0.03643740531345285,-0.022985278428297895,82355138.875,0.33402818852660016,0.5897639454076768,-0.05208329199982542,-0.05208329199982542,-0.17557952147425582,0.043566845847060914,-0.02905240477642949,0.2807858213784415,-0.2204081874942454,44.98796630565583,5.415162454873646,53.99518652226234,64.86161251504213,0.0,38.348977135980746,False,True,True,False,True,True,False,False,4,3689,湧德,TPEx,113000.0
9917.TW,106.0,485,-0.0046948356807511304,0.0,0.0,0.05497632239059391,0.017840668624893308,0.04510428188925619,-0.0018832391713747842,0.0131075925354176,0.018954597022317277,32154013.175,0.6967524265696016,0.9867058893406269,-0.02304147465437789,-0.02304147465437789,-0.040560028357194855,-0.0046948356807511304,-0.01832544079686464,0.1300357506971414,-0.031531555263090816,26.847172081829125,35.619735258724425,30.258724428399518,80.14440433212997,0.0,38.32641395908544,False,True,True,True,True,False,False,False,4,9917,中保科,TWSE,106000.0
9802.TW,64.4000015258789,485,0.003115336248348477,0.010989022834466233,-0.0661363105321573,-0.06871960816005906,-0.12895766067595937,-0.3208026354126209,-0.01647383090953969,-0.053841747857233835,-0.09039936674896587,38377100.68850823,0.8397071729141693,0.9589998234401743,-0.1128910314212388,-0.1128910314212388,-0.18975241434196255,0.0196494138813878,-0.04322977447880427,0.20424417774768083,-0.12528853773218063,28.194945848375447,48.25511432009627,40.62575210589651,34.777376654632974,0.0,38.30806257521059,False,True,True,False,True,True,False,False,4,9802,鈺齊-KY,TWSE,64400.001525878906
3694.TW,51.70000076293945,485,0.02988047763352597,0.04655868757120696,0.005836560859040052,-0.12947064298381794,-0.12947064298381794,-0.3638836779499557,0.029983071848802112,-0.03995646581697665,-0.09553944774853207,24774400.400974847,0.574268643572897,0.539076885857958,-0.21024150115618512,-0.21024150115618512,-0.2531392152741583,0.028421337418765957,0.048993441853646034,0.20624048782406246,-0.25912404973536696,49.470517448856796,23.706377858002405,57.61131167268351,12.033694344163658,0.0,38.16095066185318,False,True,True,False,True,True,False,False,4,3694,海華,TWSE,51700.00076293945
2543.TW,38.349998474121094,485,0.0013054631346354206,-0.009043986612877086,0.0013054631346354206,0.018916378539194145,-0.31541549745783903,-0.4552952659252315,-0.002860160013159252,0.002883888402127832,-0.06253083972768614,27916457.864613723,0.7644211703137007,0.7682052695105834,-0.06463418355802208,-0.06463418355802208,-0.31778429810695263,0.0009790973509765655,-0.0049999963784292945,0.2236351951682236,-0.11125005969297752,27.635379061371843,41.51624548736462,35.661853188929,56.438026474127554,0.0,38.12665463297232,False,True,True,False,True,True,False,False,4,2543,皇昌,TWSE,38349.998474121094
7825.TWO,84.9000015258789,361,0.13502671205952232,-0.03522725538773974,-0.11099474842011614,0.14446498381419048,-0.5069996836791745,0.6022510102966969,-0.037796777858581376,0.04858984689272772,-0.1390131670926954,63324004.65033646,0.6324700239026687,1.8138544696924301,-0.22465752031160813,-0.22465752031160813,-0.606720206563538,0.16277539916455136,-0.1591497430248463,1.0662335106279661,-0.3168949492990154,43.82671480144404,28.760529482551146,64.32611311672683,9.747292418772563,1.2021369647617863,38.11765846243436,False,True,True,False,True,True,False,False,4,7825,和亞智慧,TPEx,84900.0015258789
6592.TW,56.29999923706055,485,-0.029310357981714663,-0.055369116133340834,-0.08006538341166447,-0.06633499254742259,-0.029764132483509287,-0.1026390014488543,-0.04608608359492827,-0.0635396033510115,-0.04936246571157754,26140027.879576303,1.5958963911348982,1.120204722157863,-0.0933977355809047,-0.0933977355809047,-0.0933977355809047,-0.009294012128798546,-0.05795371922919028,0.0893544943830861,-0.0933977355809047,7.316486161251504,79.06137184115524,22.599277978339348,43.20096269554753,0.0,38.04332129963899,True,True,True,False,True,False,False,False,4,6592,和潤企業,TWSE,56299.99923706055
2317.TW,251.0,485,-0.01953125,0.012096774193548487,0.0,0.056842105263157805,0.2923735475020386,0.21922028626320977,-0.0004977600796416404,0.00560897435897445,0.019486761911972295,7413359530.775,0.9571556258675044,0.7491061865433072,-0.07037037037037042,-0.07037037037037042,-0.16351228166419074,-0.01953125,-0.0189473684210526,0.20136715272982048,-0.10873786407766994,24.536702767749702,56.317689530685925,23.170878459687124,52.82791817087846,0.0,37.97322503008424,False,True,True,False,True,False,False,False,3,2317,鴻海,TWSE,251000.0
5876.TW,48.95000076293945,485,-0.006091355067219251,-0.01608038667458389,0.07938263307489835,0.20866772299923353,0.3069584098962568,0.2392485442007004,0.005804700552734188,0.08497165462942768,0.16865648039021375,360409893.755953,0.6917561983083865,1.0162963523449482,-0.02002001971423295,-0.02002001971423295,-0.02002001971423295,-0.025937013335943837,0.00982672540848717,0.22945821195762936,-0.07040705630853972,29.16967509025271,34.777376654632974,25.07821901323706,82.91215403128761,0.0,37.89049338146811,False,True,True,True,True,False,False,False,4,5876,上海商銀,TWSE,48950.00076293945
1409.TW,24.950000762939453,485,0.03526972481391688,0.04175365211459248,-0.015779077416608778,-0.11495454402755723,0.505091785844344,0.8040125358387726,0.015362727739298254,0.051442077743401704,0.11708326540141556,418366292.1031057,0.4289975902936694,1.0914589737994154,-0.11495454402755723,-0.11495454402755723,-0.18335709826445246,0.039214494168069075,0.022539103925910298,0.5000290407704227,-0.2391713115955284,47.75571600481348,11.552346570397113,59.75932611311673,34.17569193742479,0.0,37.85860409145608,False,True,True,False,True,True,False,False,4,1409,新纖,TWSE,24950.000762939453
2451.TW,290.0,485,0.019332161687170446,0.026548672566371723,-0.021922428330522714,0.15999999999999992,0.23309097055086192,1.5602312277799335,0.021756363956663582,0.0404520584805812,0.028127183736369243,599912076.425,0.632677363891955,0.3419146317601673,-0.08227848101265822,-0.08227848101265822,-0.16889324944414874,0.024812768769801125,-0.07525576166385603,0.2555544393376307,-0.13607594936708856,39.59085439229844,28.880866425992778,40.34296028880867,48.014440433213,0.0,37.82942238267148,False,True,True,False,True,True,False,False,4,2451,創見,TWSE,290000.0
1215.TW,105.0,485,-0.004739336492891044,-0.009433962264150941,-0.04109589041095896,-0.058295964125560484,-0.23845275301242153,-0.14730227753097236,-0.024843278384026002,-0.03106736388803444,-0.09976151339212236,68502602.925,0.8533069730845144,1.0512796331909708,-0.07488986784140972,-0.07488986784140972,-0.23845275301242153,0.005534636109848695,-0.021663902369105464,0.19366554055519072,-0.09251101321585908,21.022864019253912,49.57882069795427,35.64981949458483,50.90252707581227,0.0,37.728339350180505,False,True,True,False,True,True,False,False,4,1215,卜蜂,TWSE,105000.0
7714.TWO,171.0,485,0.05555555555555558,-0.05785123966942152,0.017857142857142794,0.10245459355096886,0.3961178336200526,0.19398626687195297,0.0164957646009809,0.021660399396861374,0.15586297563322704,65646098.775,0.6043072613213247,0.8363422495310747,-0.1658536585365854,-0.1658536585365854,-0.1658536585365854,0.05109126984126988,-0.016294388326513497,0.6466110458301944,-0.3975903394745617,40.81227436823105,26.835138387484957,58.40553549939832,18.772563176895307,0.0,37.71149217809867,False,True,True,False,True,True,False,False,4,7714,創泓科技,TPEx,171000.0
2480.TW,161.5,485,0.0031055900621117516,0.009374999999999911,0.03194888178913735,0.012539184952978122,0.2272304842951045,0.008732478692513812,0.01285669488867991,0.020214782059380765,0.06632374987626566,32264003.125,0.5417342453068842,1.09639760039957,-0.027108433734939763,-0.027108433734939763,-0.027108433734939763,-0.004881630385172586,0.027769153471477976,0.1566965595225079,-0.09036144578313254,35.4632972322503,20.09626955475331,37.0517448856799,78.51985559566786,0.0,37.70878459687123,False,True,True,True,True,False,False,False,4,2480,敦陽科,TWSE,161500.0
1905.TW,12.850000381469727,485,-0.01908396890992703,-0.01908396890992703,-0.07220216407632207,-0.18152862817956994,-0.09507038351610186,0.044715461967972825,-0.025222806479717308,-0.052068575232541714,-0.06113002549043012,22417995.944440555,1.4794299918348255,1.0156033024164455,-0.18412695990668404,-0.18412695990668404,-0.3035230433550148,-0.001033427890846511,-0.01169262134979876,0.21513785136621533,-0.2063492063492064,12.725631768953068,76.6546329723225,34.07942238267148,15.643802647412755,0.0,37.68050541516245,False,True,True,False,True,False,False,False,3,1905,華紙,TWSE,12850.000381469727
6605.TW,136.5,485,-0.014440433212996373,0.003676470588235281,-0.0072727272727273196,0.07058823529411762,0.06660835432758372,0.082708099174994,-0.0072727272727273196,0.005278016447772149,0.034755491813410755,37156763.15,0.8301592841926462,0.6657871995689151,-0.03873239436619713,-0.03873239436619713,-0.03873239436619713,-0.012622251394814543,-0.03080213903743319,0.16773578810578568,-0.05319148936170215,22.478941034897712,47.0517448856799,24.67509025270758,70.99879663056558,0.0,37.67779783393502,False,True,True,True,True,False,False,False,4,6605,帝寶,TWSE,136500.0
2369.TW,31.950000762939453,485,0.009478709258294415,0.08488964126432408,0.014285738506014445,-0.25175643578278883,0.0031397293648984803,0.7223720796229145,0.038771050463223045,-0.019512548633097593,-0.047973758459644245,168809096.89616364,0.6495630770496289,1.0256096883738073,-0.25175643578278883,-0.25175643578278883,-0.28282825342091866,0.005907274631790804,0.09820455043361072,0.3251209479957932,-0.36705883250517,49.265944645006016,30.806257521058967,50.70397111913357,6.377858002406739,0.0,37.6543321299639,False,True,True,False,True,True,False,False,4,2369,菱生,TWSE,31950.000762939453
1319.TW,78.0999984741211,485,-0.008883306478769226,-0.008883306478769226,-0.05903616296239644,0.024934404225363194,0.04904889774125065,-0.1296779270589664,-0.01655861047778462,0.0019028709285582313,-0.011890056819548467,99981582.96889496,0.9144615282059534,0.449382496982511,-0.0691299516838364,-0.0691299516838364,-0.23135110611996834,0.005875734261829885,-0.06734763103751751,0.19584790757839327,-0.07519794654552503,18.423586040914564,54.03128760529483,30.451263537906136,54.392298435619736,0.0,37.508122743682314,False,True,True,False,True,True,False,False,4,1319,東陽,TWSE,78099.9984741211
2207.TW,513.0,485,-0.013461538461538414,-0.013461538461538414,-0.007736943907156624,0.06763787721123826,0.07400207159288019,-0.09346938172395858,-0.022484756097560843,-0.00108718581141376,0.04742461587074098,133584424.65,1.0284552939339324,1.0131483632694072,-0.08064516129032262,-0.08064516129032262,-0.08064516129032262,-0.011527302484749258,-0.030282902977569377,0.23509675603409863,-0.09677419354838712,19.518652226233453,59.80746089049338,25.62575210589651,48.61612515042118,0.0,37.49669073405535,False,True,True,False,True,False,False,False,3,2207,和泰車,TWSE,513000.0
2731.TW,143.5,485,-0.00692041522491349,0.01773049645390068,0.0,-0.020477815699658675,-0.05752160995126565,-0.021844235064854556,0.0038474991255683655,-0.0051418337281183835,-0.026326245353198385,27020153.35,0.6048273282536941,0.5754524895297171,-0.023809523809523836,-0.023809523809523836,-0.11407035952230493,-0.00692041522491349,0.0068259385665528916,0.12553443507682244,-0.04761904761904767,30.330926594464497,27.075812274368232,32.82791817087846,79.9037304452467,0.0,37.414560770156434,False,True,True,True,True,False,False,False,4,2731,雄獅,TWSE,143500.0
2610.TW,20.350000381469727,485,-0.0048899940214649495,0.020050105425226006,-0.0048899940214649495,-0.04058326146951097,0.16557246025799932,0.0097917782491308,0.001599614683192474,-0.017794783607995912,0.02462541402977836,310715009.7145093,0.8068588850731367,0.46428616481639523,-0.09955752044344335,-0.09955752044344335,-0.12582072643184217,-0.003667495516098712,0.008637759801705372,0.15956380096736572,-0.11946905829051435,30.84235860409146,44.52466907340554,35.0,40.19253910950662,0.0,37.38898916967509,False,True,True,False,True,False,False,False,3,2610,華航,TWSE,20350.000381469727
1907.TW,27.899999618530273,485,-0.019332201394020365,-0.03292896881726337,-0.07308972541720715,0.03924557187072564,0.11748994860395845,0.1417352826782463,-0.03460208932421194,-0.041758506894452485,0.03915028547171584,23215994.965274524,1.3805649866737721,0.5533321949436256,-0.10576926486261651,-0.10576926486261651,-0.10576926486261651,-0.0010597700397185772,-0.08617158270744903,0.17830641925944973,-0.10576926486261651,11.089049338146811,73.6462093862816,25.198555956678703,37.66546329723225,0.0,37.37003610108304,False,True,True,False,True,False,False,False,3,1907,永豐餘,TWSE,27899.999618530273
1608.TW,36.25,485,0.013986013986013957,0.00694444444444442,-0.01494563175171626,0.1394075589563064,0.18841437552287,0.3112843044179012,0.0057570944505285215,0.055523131987471164,0.09652252317841992,62098252.2825491,0.6016736807838333,0.27687140639118313,-0.05104713937155958,-0.05104713937155958,-0.05104713937155958,0.01772242192394302,-0.061414818070485065,0.19388905352808025,-0.15539715556679867,34.308062575210585,26.47412755716005,37.24428399518652,65.46329723225031,0.0,37.36522262334537,False,True,True,False,True,True,False,False,4,1608,華榮,TWSE,36250.0
3004.TW,121.5,485,0.029661016949152463,0.047413793103448176,0.012499999999999956,-0.1649484536082474,0.021008403361344463,-0.07217930588324128,0.021437578814627933,-0.04387172929372418,-0.04148313720333974,38221751.825,0.5421400941475404,0.8754744415423028,-0.2186495176848875,-0.2186495176848875,-0.2382445141065831,0.026536016949152474,0.06748281786941576,0.2392010423097264,-0.26688102893890675,49.927797833935024,20.216606498194945,58.88086642599278,10.469314079422382,0.0,37.333935018050546,False,True,True,False,True,True,False,False,4,3004,豐達科,TWSE,121500.0
3022.TW,91.5,485,0.00882032060281479,0.06395348837209291,0.012168124508340705,0.006824411127892782,0.39828487796256007,0.41075103679382985,0.022860661430087248,0.020533762130795497,0.12192228358799584,153520658.62079582,0.6906773607000158,0.5307759804722552,-0.1597916343379493,-0.1597916343379493,-0.1597916343379493,0.005778289475729614,0.009893320799043112,0.5362660400472749,-0.23600728460141884,45.34296028880866,34.5367027677497,40.64981949458484,20.577617328519857,0.0,37.2129963898917,False,True,True,False,True,True,False,False,4,3022,威強電,TWSE,91500.0
3006.TW,285.5,485,0.04197080291970812,0.016014234875444844,0.014209591474245054,0.32482598607888624,0.798411886600018,3.2812938936079297,0.0026338893766462146,0.1235365493719871,0.2269536704203794,4300479600.55,0.471305150503241,1.1664928135979937,-0.08493589743589747,-0.08493589743589747,-0.08493589743589747,0.03841840505114685,-0.09406573721871703,0.5775553433019078,-0.3138075313807531,47.773766546329725,14.921780986762936,45.45728038507822,46.81107099879663,0.0,37.19464500601684,False,True,True,False,True,True,False,False,4,3006,晶豪科,TWSE,285500.0
5522.TW,60.5,485,-0.0065681693900931926,0.008333333333333304,-0.04272153054344163,-0.0546875,-0.08204948155690472,0.003700786679015966,-0.021193982160467417,-0.05162503503026472,-0.06915641093613534,35365174.566395566,0.9397945819453389,0.7021189344404571,-0.1282420940950576,-0.1282420940950576,-0.20265611834286212,0.004112213245767216,-0.024492363876774965,0.17513882096944672,-0.13544670488766042,24.30505415162455,55.47533092659447,34.36221419975933,29.723225030084237,0.0,36.98315282791817,False,True,True,False,True,True,False,False,4,5522,遠雄,TWSE,60500.0
4532.TW,24.75,485,-0.006024081157762207,0.04872879660769969,0.03556487008521536,-0.09340656807047998,0.010204081632652962,0.11306791980500241,0.019567456230690006,0.01876307648989184,0.01769835748038595,22568357.3775403,0.6704243082780802,1.5164630374807095,-0.09340656807047998,-0.09340656807047998,-0.1494845472318178,-0.014915298679066047,0.06670039277537536,0.257702158903959,-0.10877863734649662,39.241877256317686,32.731648616125156,35.709987966305654,43.080625752105895,0.0,36.98164861612515,False,True,True,False,True,False,False,False,3,4532,瑞智,TWSE,24750.0
3023.TW,312.0,485,0.0,-0.026521060842433664,-0.054545454545454564,0.00823113975324441,0.1799628685531547,0.3678550420577038,-0.026521060842433664,0.005150893769915621,0.02834078207242996,263706239.825,0.8652835303780546,0.8885982306524515,-0.08235294117647063,-0.08235294117647063,-0.08235294117647063,0.013636363636363641,-0.057289167796536034,0.3263610796454057,-0.16257671113121464,19.831528279181708,50.661853188928994,34.57280385078219,47.89410348977136,0.0,36.97533092659446,False,True,True,False,True,True,False,False,4,3023,信邦,TWSE,312000.0
9939.TW,124.5,485,-0.0040000000000000036,-0.007968127490039834,-0.05323193916349811,0.0040322580645162365,0.17895097009633054,0.03042170757327045,-0.01833234772324066,-0.04009252120277551,0.009550563138462476,76566578.1,1.060756307503291,0.4075372523470396,-0.1384083044982699,-0.1384083044982699,-0.1384083044982699,0.009307984790874524,-0.05457602518500352,0.14868874133767893,-0.1384083044982699,21.052948255114316,62.093862815884485,32.75571600481348,25.391095066185322,0.0,36.9416365824308,False,True,True,False,True,True,False,False,4,9939,宏全,TWSE,124500.0
2634.TW,66.0,485,0.05600000000000005,0.01538461538461533,-0.006024119227211244,0.1073825786867737,0.4247309654167153,0.061763814417609586,0.028277631294631567,0.01988255316649057,0.16828826850521694,565352244.946566,0.35841073059340106,0.1918611749429025,-0.0995907605433961,-0.0995907605433961,-0.0995907605433961,0.05750602980680286,-0.04181831212280248,0.3027239966368138,-0.18041960176054417,48.47172081829122,6.979542719614922,56.67870036101083,40.07220216606498,0.0,36.8158844765343,False,True,True,False,True,True,False,False,4,2634,漢翔,TWSE,66000.0
3467.TWO,73.19999694824219,485,-0.15375726071396312,0.02234634788015244,0.4772956221055358,0.2577135065311642,0.6369797343680914,0.5005646391607383,0.0842034688054012,0.33280728256863035,0.2321295857983494,59397772.12602921,1.4833122861579813,13.759049843968208,-0.15375726071396312,-0.15375726071396312,-0.15375726071396312,-0.27308116624034706,0.391391119928481,0.802995719049569,-0.25728988329839797,32.16004813477738,77.01564380264742,34.356197352587245,22.382671480144403,7.955346773693752,36.74381086770215,False,False,False,False,True,False,False,False,1,3467,台灣精材,TPEx,73199.99694824219
2501.TW,20.850000381469727,485,-0.016509451361981786,-0.014184361346167962,-0.07333331637912321,-0.07874325379940073,-0.08640441959620426,-0.0806705078991623,-0.038394996355739175,-0.06341883387404523,-0.0726307346037316,49362757.69147758,1.0787244777721476,1.4471403876403723,-0.09935202051664516,-0.09935202051664516,-0.18622321209493564,0.0018238777327990174,-0.04708556511265631,0.15038832537283106,-0.09935202051664516,14.193742478941035,62.936221419975936,29.723225030084237,40.55354993983153,0.0,36.65282791817088,False,True,True,False,True,True,False,False,4,2501,國建,TWSE,20850.000381469727
6261.TWO,78.9000015258789,485,0.005095560839221802,0.03407599436604736,-0.013749980926513694,-0.11072445099499362,-0.016097757150491443,0.35614512914422414,0.013747927746467825,0.0063013343821918255,-0.11394038691336572,35073676.42375717,0.6662257312145589,1.0347103714452024,-0.11938624303301726,-0.11938624303301726,-0.39049658329494563,0.008533056070850226,0.023158169405150843,0.2830306274511944,-0.2348484783975212,36.85920577617328,32.49097472924188,43.772563176895304,32.250300842358605,0.0,36.585740072202164,False,True,True,False,True,True,False,False,4,6261,久元,TPEx,78900.0015258789
4966.TWO,574.0,485,0.01773049645390068,0.060998151571164616,-0.008635578583765069,-0.1194933434525326,0.12095277247727343,-0.25951042922873757,0.029227183073336827,-0.002281548763554797,-0.0778758762549393,262194821.05,0.5019308731680293,0.5928360582937016,-0.1194933434525326,-0.1194933434525326,-0.33000526055116675,0.019889391099841947,0.031195535900412463,0.34583403821706504,-0.18915258112205358,45.577617328519864,16.84717208182912,52.14801444043321,32.009626955475326,0.0,36.56588447653429,False,True,True,False,True,True,False,False,4,4966,譜瑞-KY,TPEx,574000.0
5534.TW,73.0,485,-0.017496675617256985,0.0013717211526476092,-0.04325036592094589,-0.016161844449766094,-0.060072602733535985,-0.050913724037337516,-0.019871115373269355,-0.01976530748216543,-0.01139450060524927,43938662.57957573,0.8476838886112746,0.6158988501418232,-0.05071523340043693,-0.05071523340043693,-0.08544617524477616,-0.006684084137020513,-0.03786308443769052,0.17225523739687768,-0.05201560364929114,18.194945848375454,48.73646209386281,26.167268351383875,65.82430806257521,0.0,36.494885679903724,False,True,True,False,True,False,False,False,3,5534,長虹,TWSE,73000.0
1504.TW,69.69999694824219,485,0.016034963536275537,-0.007122507432139158,-0.03994492543843009,0.016034963536275537,0.18703860911577896,-0.17494668506356337,-0.0024331238984257597,0.012076140083453257,0.016489479741863322,324004757.23142356,0.5604879819751669,0.47087737017575604,-0.051700721792623305,-0.051700721792623305,-0.17589501502125637,0.02602119489588306,-0.04528991328385527,0.19571446895302705,-0.13447784435882693,30.09025270758123,21.780986762936223,43.784596871239465,65.1022864019254,0.0,36.272864019253916,False,True,True,False,True,True,False,False,4,1504,東元,TWSE,69699.99694824219
6412.TW,75.0,485,0.00942122368090037,0.016260120577509918,-0.05303026654138532,-0.1573033707865169,-0.04322193145874109,-0.23457756006647612,0.004217711322927142,-0.04230867206721545,-0.10127677364188414,37281258.375450894,0.7187502131844387,0.8225360779437337,-0.1573033707865169,-0.1573033707865169,-0.26346141814995483,0.0226787903162467,-0.0005958096125463497,0.15176989174590388,-0.1700451079344497,31.82310469314079,37.545126353790614,48.95908543922985,21.179302045728036,0.0,36.22713598074609,False,True,True,False,True,True,False,False,4,6412,群電,TWSE,75000.0
8112.TW,84.0999984741211,485,0.018159806630867692,0.0193939208984375,-0.07785086306691968,-0.015222517898478838,0.08523883286926881,0.9816337867135507,-0.008313206181465693,-0.03660005268778843,-0.025355827709621637,485937392.628833,0.7124272052756064,0.34676190976304866,-0.15900001525878904,-0.15900001525878904,-0.15900001525878904,0.03762252239759761,-0.0727766904340934,0.18646159729968328,-0.17800003051757818,34.56678700361011,37.063778580024064,46.34175691937425,20.938628158844764,0.0,36.21540312876053,False,True,True,False,True,True,False,False,4,8112,至上,TWSE,84099.9984741211
5291.TWO,62.0,485,0.07826086956521738,0.06529208225509686,-0.12305512480589287,0.1091234044295526,-0.20410784614165656,1.494969780613463,0.020240252044713358,0.08339522034769709,0.003962593607549136,36345642.12258129,0.27579125089011125,0.4187314199499202,-0.143646426888009,-0.143646426888009,-0.21319800001432931,0.1090246507666906,-0.15942959294907708,0.4053289334798845,-0.25306475191573297,55.18050541516246,2.527075812274368,61.15523465703971,24.067388688327316,0.0,36.211191335740075,False,True,True,False,True,True,False,False,4,5291,邑昇,TPEx,62000.0
2337.TW,122.0,485,0.025210084033613356,0.025210084033613356,-0.008130081300813052,-0.11913357400722024,-0.17288135593220344,3.959349516591801,0.01582014987510405,-0.014114858717902523,-0.11856610469375128,3325810255.675,0.5715036358881924,0.4066811210654546,-0.17845117845117842,-0.17845117845117842,-0.34231805929919135,0.02724260435881662,0.03158111003492703,0.4144135599410029,-0.38181816126762413,42.37665463297232,23.225030084235858,56.022864019253916,16.726835138387486,0.0,36.19524669073405,False,True,True,False,True,True,False,False,4,2337,旺宏,TWSE,122000.0
4971.TWO,587.0,485,0.07706422018348613,0.022648083623693305,-0.1225710014947683,0.3445485670826758,-0.13238939764740187,2.631111075872542,0.02613407918888222,0.16294470484717127,0.005650712694751592,1219214005.9,0.3540018393095272,0.770666499297769,-0.1225710014947683,-0.1225710014947683,-0.3254128646031924,0.1077069705571782,-0.2374205238556602,0.7875105705038637,-0.27020785219399535,48.50782190132371,6.618531889290012,60.07220216606498,30.9265944645006,0.0,36.194945848375454,False,True,True,False,True,True,False,False,4,4971,IET-KY,TPEx,587000.0
4536.TW,160.5,485,-0.030211480362537735,-0.021341463414634165,-0.024316109422492405,-0.026720807808938152,0.11140135096425974,-0.10198774485677309,-0.01849870050451008,-0.030606538309633002,0.010283643929774433,23987896.7,1.0499866591777454,0.7602213659721806,-0.06686046511627908,-0.06686046511627908,-0.06686046511627908,-0.024132453006914634,-0.015409173486179687,0.1609900321760208,-0.06686046511627908,12.689530685920579,61.25150421179302,22.20818291215403,55.47533092659447,0.0,36.05565583634176,False,True,True,False,True,False,False,False,3,4536,拓凱,TWSE,160500.0
4938.TW,89.19999694824219,485,-0.02300116137263586,0.0022471567218222965,-0.027262814429656612,0.06443906563045299,0.1950558332559056,0.3373653097361329,-0.01751298134665147,0.009525569969341285,0.04937388512667673,779613681.321181,0.9746600058494147,0.6625937057490389,-0.06498956476384188,-0.06498956476384188,-0.06498956476384188,-0.016185457765221706,-0.048742502973140936,0.2697094186223092,-0.08936653155561536,18.104693140794225,56.919374247894105,20.240673886883275,56.317689530685925,0.0,36.01504211793021,False,True,True,False,True,False,False,False,3,4938,和碩,TWSE,89199.99694824219
6668.TW,47.349998474121094,485,0.008519652921867182,0.09606476013634357,0.0761363289572976,0.2694369823759959,0.3845028484745394,0.04988913694289976,0.05928408671506702,0.20345656073972918,0.21650694675055115,172295567.3322939,0.43225265484554076,1.999487958430632,-0.05864812738935232,-0.05864812738935232,-0.05864812738935232,-0.010514429317457219,-0.013675998501367692,0.5977603966375316,-0.11883406767683735,54.14560770156438,11.672683513838749,28.89290012033694,60.28880866425993,0.0,36.01203369434416,False,True,True,False,True,False,False,False,3,6668,中揚光,TWSE,47349.998474121094
4939.TWO,79.19999694824219,485,0.06024096631647713,-0.03414637867997328,-0.10911141069905417,0.3749999834431539,1.5062212804724324,2.189279667151699,-0.024990803611603107,0.1269208446581065,0.3149115427162388,624301880.789037,0.599872784644027,0.38948154893846376,-0.1538461726562984,-0.1538461726562984,-0.1538461726562984,0.08751881899124067,-0.23411140518010548,0.8037116028893231,-0.3605769603613147,35.084235860409144,26.233453670276774,57.063778580024064,22.26233453670277,0.0,36.0006016847172,False,True,True,False,True,True,False,False,4,4939,亞電,TPEx,79199.99694824219
2539.TW,34.0,485,-0.025788008210015145,0.0014727315445344225,-0.027181709361987272,0.07865590620316065,-0.11096047014610722,-0.16211548332390113,-0.02333931777378817,-0.003693905978459311,0.029910146792469172,27894906.971341897,0.981547991935892,0.4842794951569443,-0.05947445187076339,-0.05947445187076339,-0.11096047014610722,-0.018992580869518327,-0.05340034476304083,0.24771725564356434,-0.06085755657201086,17.388688327316487,57.28038507821901,18.65222623345367,59.44645006016847,0.0,35.98074608904934,False,True,True,False,True,False,False,False,3,2539,櫻花建,TWSE,34000.0
2385.TW,104.5,485,0.004807692307692291,-0.009478672985781977,-0.045662100456621,-0.027906976744186074,-0.11901344085848609,-0.1991031748834705,-0.011352885525070966,-0.009791535060012624,-0.0736210206242528,266544035.9,0.6490058283782362,0.8734854696637658,-0.05429864253393668,-0.05429864253393668,-0.24830499851878418,0.01622321742184754,-0.036359774875225646,0.24778080933774868,-0.06334841628959276,24.87364620938628,30.56558363417569,39.04933814681107,63.1768953068592,0.0,35.87063778580024,False,True,True,False,True,True,False,False,4,2385,群光,TWSE,104500.0
5386.TWO,292.5,485,0.037234042553191404,0.005154639175257714,0.05215827338129486,0.07000543228168565,0.3375068090165998,5.811376847892991,0.028209860268916254,0.12031193975450272,0.03259974941466526,434656192.875,0.27011249345683486,1.140205154028611,-0.08018867924528306,-0.08018867924528306,-0.255687622144424,0.02419447420786769,0.028823129287399645,0.7056232335295449,-0.23322147651006708,47.605294825511436,2.286401925391095,53.88086642599278,48.97713598074609,0.0,35.78429602888087,False,True,True,False,True,True,False,False,4,5386,青雲,TPEx,292500.0
8383.TWO,68.4000015258789,485,0.034795810965990936,0.04427483245616659,0.03951365278928565,0.11187734645363046,0.3300570954341826,0.6470332660183795,0.03206340424640253,-0.03307581930758696,0.05303005983955278,63920827.97348976,0.5345975815895478,0.42672181399787734,-0.24336282775063933,-0.24336282775063933,-0.24336282775063933,0.024917397768669525,0.0022212039714088264,0.35661297322953867,-0.31084072803664875,53.574007220216615,19.494584837545126,50.595667870036095,7.2202166064981945,0.0,35.65252707581227,False,True,True,False,True,True,False,False,4,8383,千附,TPEx,68400.0015258789
6477.TW,34.599998474121094,485,0.011695839247322315,0.01914573480337567,-0.03216787484975958,-0.08261284823979997,0.056174918619687375,-0.209363976155175,0.004354103258397135,-0.048055797672276634,-0.010192500532116622,36163203.58102703,0.7104566078272772,0.3903494877068334,-0.18299882595593975,-0.18299882595593975,-0.18299882595593975,0.01973780795976221,-0.0046302587698262565,0.4998588481542424,-0.2302243294284403,34.891696750902526,36.94344163658243,46.8531889290012,15.884476534296029,0.0,35.64651022864019,False,True,True,False,True,True,False,False,4,6477,安集,TWSE,34599.998474121094
8473.TW,38.95000076293945,485,0.0025740615893452556,0.031788099680515325,-0.04437536711564749,-0.03279834244487867,0.16166551548812036,0.2510243246551369,-0.005022800870771116,-0.0031009046012879793,0.0024945742215607414,21840146.976385307,0.5927006857640069,0.7594031578669426,-0.059722596078713774,-0.059722596078713774,-0.21587582611158462,0.013667903368257128,-0.033442586300687936,0.1977058476123467,-0.14346895705964402,32.82190132370638,25.391095066185322,37.30445246690734,58.96510228640193,0.0,35.63477737665463,False,True,True,False,True,True,False,False,4,8473,山林水,TWSE,38950.00076293945
2481.TW,174.5,485,0.00867052023121384,0.035608308605341144,0.17905405405405395,-0.1749408983451537,0.7593918392047128,1.4544001373567412,0.06483600305110593,0.1477746108309581,0.19015695908962416,6734170044.95,0.6394202390123409,1.60147434892996,-0.18075117370892024,-0.18075117370892024,-0.23296703296703292,-0.036092993282299646,0.23736768683577184,0.5486873629287953,-0.4976525821596244,48.5439229843562,29.482551143200965,39.04332129963899,16.24548736462094,0.0,35.605595667870034,False,True,True,False,True,False,False,False,3,2481,強茂,TWSE,174500.0
3661.TW,3810.0,485,0.013297872340425565,0.13901345291479816,-0.08576688325603687,-0.05540487291713447,0.2426470014449198,0.021217918272255387,0.016203240648129613,0.027796108275737197,-0.04719346853838402,8041495479.0,0.44632625229898815,0.957974270752379,-0.10180598135277719,-0.10180598135277719,-0.2856224710756422,0.034739593154434784,-0.06729859228365871,0.6237912760200587,-0.33847980622806306,47.912154031287606,12.996389891696749,45.58965102286401,39.229843561973524,0.0,35.554452466907335,False,True,True,False,True,True,False,False,4,3661,世芯-KY,TWSE,3810000.0
6670.TW,270.5,485,-0.009157509157509125,0.0018518518518517713,-0.02872531418312385,0.046421663442939964,0.08717449673031785,0.07091766242997188,-0.011691633175009097,0.008889165164418511,0.039511094336626584,41608662.475,0.7818045746471608,0.66332287293242,-0.05913043478260871,-0.05913043478260871,-0.05913043478260871,-0.001976180611728162,-0.044199201997437175,0.11574026988172703,-0.06959706959706957,22.44283995186522,42.71961492178099,28.026474127557158,59.92779783393502,0.0,35.544524669073404,False,True,True,False,True,False,False,False,3,6670,復盛應用,TWSE,270500.0
6121.TWO,383.0,485,0.01726427622841964,0.01726427622841964,-0.051980198019802026,-0.1123944035517962,0.12404747026391161,0.10105643178463408,0.008624662584765241,-0.008110358024504438,-0.0010575183904113494,185638485.325,0.5889186705930928,0.6346982594684828,-0.11852704257767543,-0.11852704257767543,-0.1560627220437385,0.030259325733370146,-0.014515396835869963,0.18979174707118396,-0.15115135829769022,34.7352587244284,24.90974729241877,50.42719614921781,32.61131167268351,0.0,35.39199759326113,False,True,True,False,True,True,False,False,4,6121,新普,TPEx,383000.0
6023.TWO,84.69999694824219,485,-0.03310504082640631,-0.003529447667738994,-0.01967597856034209,-0.044904418158811965,0.02745136800577419,0.17728804399926368,-0.011380255954319463,-0.009974384872822872,0.004854909394559792,74349889.75310555,0.8923229241360503,1.6578580600410717,-0.0581695648005891,-0.0581695648005891,-0.0581695648005891,-0.028186046186320785,-0.0047078391740714345,0.2482613760584869,-0.08819246199566144,15.830324909747294,52.46690734055355,22.954271961492175,60.5294825511432,0.0,35.307160048134776,False,True,True,False,True,False,False,False,3,6023,元大期,TPEx,84699.99694824219
2883.TW,37.349998474121094,485,-0.050825923190704,-0.04597708765267805,0.052112633073833736,0.21661229791268966,0.836278620005694,1.5598451189696907,-0.021995330586817907,0.11845876612214346,0.3029594890657601,1903623760.2873025,1.1359937179132307,1.1639843875815477,-0.07663787961306046,-0.07663787961306046,-0.07663787961306046,-0.06385408145916244,-0.02009146623039615,0.3167725089372662,-0.08776264944630308,15.607701564380266,64.86161251504213,14.596871239470516,50.06016847172082,0.0,35.29903730445247,False,False,True,False,True,False,False,False,2,2883,凱基金,TWSE,37349.998474121094
2236.TW,107.5,485,-0.03153153153153154,-0.05701754385964908,-0.08898305084745761,-0.3874643874643875,-0.15354330708661412,0.042188306683649035,-0.07247627264883527,-0.1782916109306325,-0.2054203880505081,55398366.0,1.6731130414367883,1.1165585257644648,-0.3892045454545454,-0.3892045454545454,-0.41734417344173447,-0.00928576881966714,0.040171744974004886,0.4631401609162174,-0.3920454545454546,6.432009626955475,80.26474127557161,36.323706377858,1.3237063778580023,0.0,35.28850782190133,True,True,True,False,True,False,False,False,4,2236,百達-KY,TWSE,107500.0
3033.TW,42.400001525878906,485,0.019230843295715117,0.021686783756118322,-0.050391935567928536,-0.10939045333811537,0.2878784297367445,0.5581738580654929,0.00551376303061657,-0.061463690727736164,-0.04644139765397337,117775895.01266041,0.654279423337381,0.5186248008412271,-0.2054994059244012,-0.2054994059244012,-0.2054994059244012,0.03182882718769725,-0.013928451121890083,0.18588063897078455,-0.24280572376935716,36.48616125150421,31.28760529482551,51.37785800240674,12.755716004813477,0.0,35.089951865222616,False,True,True,False,True,True,False,False,4,3033,威健,TWSE,42400.001525878906
6188.TWO,62.400001525878906,485,0.011345231025668312,0.016286644546393392,-0.0810014709337491,-0.20329337636780798,-0.27137226121828795,-0.4859991216811034,-0.00952378230480544,-0.07675041265557736,-0.16456105813347277,38502180.275697134,0.7052403872678058,1.0685029526179926,-0.20329337636780798,-0.20329337636780798,-0.287015154809263,0.031595598759105586,-0.013237012144479768,0.18272564113156067,-0.20907063240867818,31.413959085439227,36.34175691937425,51.227436823104696,12.876052948255115,0.0,35.064981949458485,False,True,True,False,True,True,False,False,4,6188,廣明,TPEx,62400.001525878906
3388.TWO,84.5,485,0.04192357077495923,0.043209876543209846,-0.0714285714285714,0.060225887522617816,0.1896005075647622,0.4095427054602423,0.010765550239234534,0.03338632653979312,-0.048689557471977785,44417009.58822403,0.4973064092778498,0.16598607537314375,-0.1633663366336634,-0.1633663366336634,-0.27542513619490094,0.05978071363210208,-0.091503867269444,0.3580434474741196,-0.20792079207920788,46.18531889290011,16.365824308062578,53.41756919374248,19.614921780986762,0.0,35.06197352587244,False,True,True,False,True,True,False,False,4,3388,崇越電,TPEx,84500.0
3406.TW,961.0,485,0.06187845303867401,-0.04378109452736323,-0.08476190476190482,0.5702614379084967,1.0489955805139193,1.3410139139574246,-0.012231472916024222,0.30250629680246677,0.4446365140499082,5218185889.5,0.583557124939856,0.9814908764347424,-0.1342342342342342,-0.1342342342342342,-0.1342342342342342,0.08306892922915021,-0.27484905073140375,0.8381110170479479,-0.273538961038961,35.222623345367026,24.428399518652228,56.51022864019254,26.835138387484957,1.0539215686274506,34.9942132087492,False,True,True,False,True,True,False,False,4,3406,玉晶光,TWSE,961000.0
1210.TW,51.5,485,-0.015296352748197628,0.0,-0.005791491148245287,-0.042886305060876984,-0.01161941023024382,0.03339215832610942,-0.010281534740215759,-0.02578043028451471,-0.009965652440079964,51185039.46362934,0.8047296952790562,0.4472099955432172,-0.07223563773965902,-0.07223563773965902,-0.07381342347389397,-0.013848479961136306,0.00850394387204704,0.1007052200086644,-0.07403709444975548,21.660649819494587,44.163658243080626,29.638989169675092,51.985559566786996,0.0,34.954873646209386,False,True,True,False,True,False,False,False,3,1210,大成,TWSE,51500.0
1904.TW,24.200000762939453,485,-0.02615692589747276,-0.008196674537606752,-0.014256557433726447,0.03418808365174786,0.2854580028657885,0.3865616701639152,-0.019250218582733902,0.020056938346505904,0.11075722300092483,39861513.36173191,0.8960672528265161,0.4900647581747649,-0.06019414512856491,-0.06019414512856491,-0.06019414512856491,-0.02259278653904115,-0.025652585317642397,0.2844702855728539,-0.10470080750132515,16.624548736462096,52.707581227436826,20.776173285198556,58.844765342960294,0.0,34.82039711191336,False,True,True,False,True,False,False,False,3,1904,正隆,TWSE,24200.000762939453
2204.TW,51.70000076293945,485,-0.015238080705915147,-0.007677499479780692,-0.04963236557364836,-0.04017133913033133,0.007033263759836927,-0.12104724530475097,-0.02018381527145685,-0.020197366158029584,-0.003681030733473145,24695720.131224252,0.8239734469553761,0.3835142921869116,-0.06170594928017148,-0.06170594928017148,-0.06170594928017148,-0.002829989312503056,-0.03624191919687125,0.08649074545089198,-0.06546072493185318,16.84115523465704,46.20938628158845,28.53188929001204,58.36341756919374,0.0,34.80264741275572,False,True,True,False,True,False,False,False,3,2204,中華,TWSE,51700.00076293945
8069.TWO,143.5,485,-0.00347222222222221,-0.030405405405405372,-0.07119741100323629,-0.25471600697606944,0.002104817189493069,-0.3820353857800699,-0.01729155966444107,-0.13579221938149122,-0.18399693486571866,799571967.225,0.9889434024793813,0.5733518192862728,-0.27341772151898736,-0.27341772151898736,-0.404371456645113,0.014327130528586862,0.013707924655453521,0.2632624153188444,-0.2784810126582279,17.406738868832733,58.00240673886883,45.156438026474135,5.415162454873646,0.0,34.724127557160045,False,True,True,False,True,True,False,False,4,8069,元太,TPEx,143500.0
2881.TW,150.5,485,-0.016339869281045805,-0.016339869281045805,0.04878048780487809,0.19444444444444442,0.7947727020868176,0.7981619061978191,-0.0018239097993699716,0.09927567106945046,0.24455355685530966,2359081705.625,0.6955986193314185,0.808056494277781,-0.02588996763754048,-0.02588996763754048,-0.02588996763754048,-0.028534991232265328,-0.01603432700993672,0.25098586154767777,-0.05384615384615388,23.465703971119133,35.37906137184115,20.908543922984357,78.82069795427196,0.0,34.703670276774965,False,True,True,True,True,False,False,False,4,2881,富邦金,TWSE,150500.0
6757.TW,53.400001525878906,485,-0.012938945803797619,0.00754719860148878,-0.034358006101170346,-0.06630639992609688,0.11893535564880309,-0.3161680489215344,-0.014123496513929079,-0.030093699706304933,-0.00645080472174786,27331612.29105892,0.7516897842373362,0.46143079988451274,-0.06968640929733416,-0.06968640929733416,-0.14885856309638767,-0.0043494442785050325,-0.012255872792471385,0.13868741567497775,-0.0801394105668175,21.648616125150422,40.43321299638989,31.841155234657045,53.549939831528285,0.0,34.6173285198556,False,True,True,False,True,False,False,False,3,6757,台灣虎航,TWSE,53400.001525878906
2101.TW,29.299999237060547,485,-0.02495840329589849,-0.01842549873971222,-0.0742496180029607,-0.11441332333772469,-0.19557220189780733,-0.3024099257935944,-0.032923531895466485,-0.08206662191435155,-0.085349309367727,43230129.27086763,1.2996551943586117,0.6183231668394842,-0.15931632122775763,-0.15931632122775763,-0.19557220189780733,-0.006395998795158314,-0.03611184355705247,0.13381211571634122,-0.15931632122775763,11.456077015643805,71.23947051744885,26.738868832731647,20.81829121540313,0.0,34.616125150421176,False,True,True,False,True,False,False,False,3,2101,南港,TWSE,29299.999237060547
2820.TW,16.700000762939453,485,-0.03188401374264038,-0.034681994253257575,-0.002985029078241608,-0.03188401374264038,0.03787536643160516,0.08258396458027106,-0.02495981858723073,-0.0006482341158910998,0.010280294498977272,54301218.9944499,0.8463854577621608,1.4472506211488365,-0.04571424211774555,-0.04571424211774555,-0.04571424211774555,-0.03113775647307998,0.007642975502638519,0.14828817920693643,-0.049853285170447625,13.477737665463296,48.49578820697955,23.020457280385077,68.23104693140795,0.0,34.58182912154031,False,True,True,True,True,False,False,False,4,2820,華票,TWSE,16700.000762939453
1723.TW,80.4000015258789,485,-0.00371741553541427,0.0037453565227563157,-0.07586205142667923,-0.004334346428744196,0.012832311020250176,0.005403205917442699,-0.01753525935636735,-0.04833298790844509,-0.02599513410974086,45714393.429294966,0.7983986302342112,1.1551916199932437,-0.10367888226049182,-0.10367888226049182,-0.10367888226049182,0.015248097321255538,-0.0744172692837645,0.1380031470551874,-0.11148272397121817,22.503008423586042,43.80264741275572,34.6028880866426,38.748495788206974,0.0,34.35469314079422,False,True,True,False,True,True,False,False,4,1723,中碳,TWSE,80400.0015258789
2838.TW,20.399999618530273,485,-0.03773590168014018,-0.053364253329186484,-0.007299251780981009,-0.10553027865069609,0.06218274968677173,0.273394837735389,-0.0331753691595329,-0.014290503253176046,0.012269943005123851,43310332.75138016,1.0901878152067337,1.0407091272554492,-0.10553027865069609,-0.10553027865069609,-0.10553027865069609,-0.03591108873489493,0.02787750776925102,0.19694265655888554,-0.09445813462037189,10.541516245487365,63.65824308062575,25.5956678700361,37.785800240673886,0.0,34.32671480144404,False,True,True,False,True,False,False,False,3,2838,聯邦銀,TWSE,20399.999618530273
2374.TW,67.0999984741211,485,0.015128593390081768,0.005997024650380434,-0.04279600663768224,-0.07886004396579471,-0.024216160394159858,-0.25312976749182536,0.0014177830090771337,-0.00321787952297925,-0.056446592985036625,120037258.53318596,0.5207606593808569,0.655720244250191,-0.0849602597047775,-0.0849602597047775,-0.18435063089281156,0.025827595049502328,-0.016509325315750667,0.17370480283485606,-0.21059604564476686,32.31046931407942,18.531889290012032,47.91817087845969,46.690734055354994,0.0,34.23586040914561,False,True,True,False,True,True,False,False,4,2374,佳能,TWSE,67099.9984741211
2377.TW,155.0,485,0.026490066225165476,0.009771986970684043,0.0,0.12376644427520844,0.7809691671045418,0.3242725195279119,0.014397905759162333,0.04959618401602417,0.17106467916746504,1186657708.5,0.33152221246478697,0.5171928946218474,-0.055770190514850326,-0.055770190514850326,-0.055770190514850326,0.026490066225165476,-0.04125548142506948,0.4265313072069978,-0.14714726885212281,40.70998796630566,5.054151624548736,44.482551143200965,62.33453670276775,0.0,34.20006016847172,False,True,True,False,True,True,False,False,4,2377,微星,TWSE,155000.0
4908.TWO,224.5,485,0.06904761904761902,-0.06652806652806653,0.029816513761467878,0.3293050464204983,0.5970448958945611,1.5738250393018807,-0.0012234456678901218,0.25275256540143776,0.15735815965860844,1069222437.05,0.2661098499608207,1.048198057976545,-0.09839357429718876,-0.09839357429718876,-0.23004480789521586,0.061593490607252055,-0.07995183504536489,0.7870002618127082,-0.2682927046275011,44.332129963898915,2.0457280385078223,55.03008423586041,41.03489771359807,0.0,33.82611311672684,False,True,True,False,True,True,False,False,4,4908,前鼎,TPEx,224500.0
3005.TW,117.5,485,0.0,0.021739130434782705,0.012931034482758674,0.09302325581395343,0.19289340101522834,-0.2067990185934292,0.012058570198105079,0.020999275887038316,0.08381502966444954,203683592.025,0.4633041955582272,0.559220982056576,-0.03292181069958844,-0.03292181069958844,-0.03292181069958844,-0.0032327586206896686,-0.018076717455225804,0.20064111776291937,-0.08154506437768239,35.234657039711195,14.320096269554753,31.203369434416366,74.24789410348977,0.0,33.80445246690734,False,True,True,True,True,False,False,False,4,3005,神基,TWSE,117500.0
8155.TWO,323.0,485,-0.06916426512968299,0.0015503875968991832,-0.12466124661246614,-0.08368794326241136,0.042388023246766826,1.2002081703645975,-0.021804966686856386,0.004379259412816472,-0.08855376981757257,207057255.925,1.7013740080019715,0.8005596538064536,-0.13172043010752688,-0.13172043010752688,-0.2818597332081616,-0.037998953476566455,-0.09676526552499569,0.5349073980172111,-0.2934472934472935,9.296028880866425,80.86642599277978,10.120336943441638,28.158844765342963,0.0,33.80264741275572,True,False,True,False,True,False,False,False,3,8155,博智,TPEx,323000.0
2439.TW,75.69999694824219,485,-0.029487218612279653,-0.029487218612279653,-0.0332056960687086,-0.10791719165572633,-0.08222355316191965,-0.21125740140508853,-0.02133164419425293,-0.0308903854459478,-0.07035621650725365,93448691.52635193,1.0490124628237687,0.7891096224626072,-0.10791719165572633,-0.10791719165572633,-0.15252123682881014,-0.021185794595102503,0.0027667011498668445,0.19891184006477142,-0.11337321484420193,11.444043321299638,61.01083032490975,26.040914560770155,36.58243080625752,0.0,33.734055354993984,False,True,True,False,True,False,False,False,3,2439,美律,TWSE,75699.99694824219
4915.TW,64.4000015258789,485,0.0,-0.018292636831624076,0.06799340531829534,-0.05571841044578263,-0.06699841630279657,-0.11165708956311637,0.016253773744357325,0.021033739088069714,-0.02514268060228908,241554202.23121318,0.5615711786783038,1.3890390912685402,-0.06395350771378328,-0.06395350771378328,-0.11962934273698433,-0.016998351329573835,0.08656620880022288,0.2343849356975249,-0.13662792309481941,30.85439229843562,21.90132370637786,37.16004813477738,56.919374247894105,0.0,33.6546329723225,False,True,True,False,True,False,False,False,3,4915,致伸,TWSE,64400.001525878906
6214.TW,188.5,485,-0.007894736842105288,-0.01308900523560208,0.030054644808743092,0.39629629629629637,0.6972222569507462,0.6203932191722514,-0.0013245033112583293,0.12666234995268222,0.28262697352589616,325295641.1,0.6891366072256155,0.48849051290604395,-0.03084832904884316,-0.03084832904884316,-0.03084832904884316,-0.01540839804429106,-0.10204412062335569,0.12442422776110211,-0.07467532467532467,25.947653429602887,34.17569193742479,16.600481347773766,76.2936221419976,0.0,33.63116726835138,False,True,True,True,True,False,False,False,4,6214,精誠,TWSE,188500.0
6588.TWO,114.0,485,0.01333333333333342,0.036363636363636376,0.0604651162790697,0.40914706860089267,-0.24,2.8907850842468754,0.02679576671920736,0.1667377398720682,0.045368057035626075,257018538.55,0.3872862788232703,0.9218164143784041,-0.03797468354430378,-0.03797468354430378,-0.28526645768025083,-0.0017829457364340051,-0.07591723992122787,0.7379067251465025,-0.15254237288135597,46.63056558363417,8.303249097472925,25.36101083032491,71.78098676293622,0.0,33.58754512635379,False,True,True,True,True,False,False,False,4,6588,東典光電,TPEx,114000.0
6805.TW,2310.0,485,-0.11153846153846159,0.1295843520782396,0.09478672985782,0.6674937965260546,0.3179342006540946,1.3736263405452478,0.011272846667396363,0.23701332669880615,0.2516432430156248,3101628665.0,1.0090813042874696,0.6045649597514835,-0.11153846153846159,-0.11153846153846159,-0.11153846153846159,-0.13523514400291659,-0.12771120231753152,0.6814651768955149,-0.15753427367904538,40.746089049338146,58.96510228640193,3.2129963898916962,35.49939831528279,2.5124069478908186,33.52910929759655,False,False,True,False,True,False,False,False,2,6805,富世達,TWSE,2310000.0
3596.TW,154.0,485,0.013157894736842035,0.006535947712418277,-0.04347826086956519,-0.21227621483375958,-0.11494252873563215,-0.2725312680447318,-0.00468573275165618,-0.0821495976954405,-0.11976946343089867,119357173.0,0.6461887575857069,0.5395599575077878,-0.2182741116751269,-0.2182741116751269,-0.22025316455696198,0.024027459954233332,0.027280477408354667,0.2030942573501146,-0.2284263959390863,31.558363417569197,30.324909747292416,53.429602888086634,10.709987966305656,0.0,33.52888086642599,False,True,True,False,True,True,False,False,4,3596,智易,TWSE,154000.0
2493.TW,196.5,485,-0.0025380710659898,0.04521276595744683,0.06793478260869557,-0.2612781954887218,0.528389952461177,0.7120590536829183,0.05277256897937321,-0.02883031301482708,0.028866796221991953,400969214.9,0.6705333907252992,0.7332605253051163,-0.28284671532846717,-0.28284671532846717,-0.3853470421558033,-0.01952176671816369,0.1550275144382695,0.6818805637329104,-0.39598540145985406,42.30445246690734,32.851985559566785,40.812274368231044,4.813477737665464,0.0,33.47202166064982,False,True,True,False,True,False,False,False,3,2493,揚博,TWSE,196500.0
1718.TW,10.75,485,0.014150906899257576,0.023809523809523725,-0.004629647208502563,-0.24561403508771928,0.48275862068965525,0.6744548087615634,0.012717851186243134,-0.025591437100112024,0.10383776683433044,124535779.15247373,0.5909823494227775,0.4244624386120767,-0.27852347146164735,-0.27852347146164735,-0.29276314902008393,0.015308318701383217,0.0772416978207372,0.3159023417638243,-0.42013419030040233,39.31407942238267,25.150421179302047,53.20697954271961,4.9338146811071,0.0,33.38116726835138,False,True,True,False,True,True,False,False,4,1718,中纖,TWSE,10750.0
2890.TW,44.04999923706055,485,-0.02219755864451478,-0.027593819449280632,0.045077049641744305,0.10297095372905352,0.4132869085109605,0.8901627896927142,-0.003731785931424092,0.07726910769935436,0.20847720147231796,1113202505.2277336,0.7053294145460398,1.0897529501320602,-0.04134932523029111,-0.04134932523029111,-0.04134932523029111,-0.03346682105495086,0.010753398398726466,0.218345135191588,-0.05005438952931618,20.19253910950662,36.462093862815884,23.249097472924188,69.91576413959085,0.0,33.29602888086642,False,True,True,True,True,False,False,False,4,2890,永豐金,TWSE,44049.99923706055
2208.TW,18.850000381469727,485,-0.03826530537770123,0.0,-0.01049862801053214,-0.0691357836311246,-0.062189053546107376,-0.28190474737258187,-0.008416604753086698,-0.025965615882899362,-0.019357056271886552,38154161.18762016,1.0419508382650051,0.5989343560100198,-0.13133641849161248,-0.13133641849161248,-0.13133641849161248,-0.035640648375068196,0.012546633199842727,0.16847965886803679,-0.16129031690991957,16.660649819494587,60.40914560770156,23.48375451263538,28.399518652226234,0.0,33.25180505415162,False,True,True,False,True,False,False,False,3,2208,台船,TWSE,18850.000381469727
3032.TW,79.4000015258789,485,-0.0317072984648914,0.10893859242995685,-0.013664577318274418,0.047493381651487976,0.28687196992015407,-0.18979590279715397,0.03123580821893146,0.007017859237245183,0.015615861680015941,35192966.479450226,0.7287902680734956,0.8810726525841637,-0.08840409969157448,-0.08840409969157448,-0.1378935630689584,-0.028291154135322794,-0.029495704535437078,0.4545705816188867,-0.1905855196892252,34.71119133574007,38.26714801444043,18.79061371841155,44.28399518652226,0.0,33.23375451263538,False,True,True,False,True,False,False,False,3,3032,偉訓,TWSE,79400.0015258789
2353.TW,31.399999618530273,485,-0.004754346185659286,-0.018750011920928955,-0.02332820751952136,-0.02786376593772877,0.19873198012929216,0.051315165487862746,-0.008681937852240806,0.013584386843349172,0.014154714957596015,499697618.2907426,0.5968208270061853,0.8938842841588227,-0.039755385751627736,-0.039755385751627736,-0.25148301693941166,0.0010777056942210539,-0.014040285540278438,0.3344310588021199,-0.14153847327599156,20.86642599277978,25.75210589651023,34.67509025270758,70.51744885679904,0.0,33.231949458483754,False,True,True,True,True,True,False,False,5,2353,宏碁,TWSE,31399.999618530273
2836.TW,12.0,485,-0.012345648003272758,-0.020408163265306145,-0.012345648003272758,0.007678769333965496,0.024266069115610023,0.05913469024954621,-0.018404907975460127,-0.009433982501932725,0.011226041714262003,21164438.891047288,0.682528744717078,1.3363191205911755,-0.04270517296589027,-0.04270517296589027,-0.04270517296589027,-0.009259236002454568,-0.014905237781261257,0.13822697399429573,-0.058660071534000546,18.20096269554753,33.69434416365824,28.904933814681108,69.4344163658243,0.0,33.209987966305654,False,True,True,True,True,False,False,False,4,2836,高雄銀,TWSE,12000.0
7717.TWO,561.0,214,-0.07730263157894735,0.06451612903225801,0.3262411347517731,0.3210154433537096,-0.37460232332922383,,0.04854913321807386,0.21689560352221782,0.02431907598177574,632239976.575,0.6354964592393976,8.071170221578754,-0.07730263157894735,-0.07730263157894735,-0.37460232332922383,-0.15886291526689061,0.2192359869672032,0.945525833888262,-0.3721804511278195,38.55294825511432,29.121540312876053,32.12996389891697,49.81949458483754,2.668439716312058,33.13932201653993,False,False,True,False,True,False,False,False,2,7717,萊德光電-KY,TPEx,561000.0
5464.TWO,90.69999694824219,485,-0.007658693281733964,-0.03201707681652466,0.30880220712979556,-0.054223195984344996,2.0233332316080728,2.9520694524205875,0.05092401864685736,0.1663344334237118,0.2710498243501971,92620494.70665817,0.5783662239121701,1.849783232051096,-0.054223195984344996,-0.054223195984344996,-0.1562790981558866,-0.08485924506418285,0.3268766057912439,0.7411001316703459,-0.37037037037037035,31.6245487364621,23.826714801444044,36.01083032490975,63.537906137184116,2.0580772495428445,33.110695313634054,False,True,True,False,True,False,False,False,3,5464,霖宏,TPEx,90699.99694824219
3008.TW,6290.0,485,0.016155088852988664,0.010441767068273045,-0.1946222791293214,0.6069499708035262,1.6121204194586132,1.8198572419252028,-0.02013475094442496,0.17300572799272884,0.4152459932748169,11783287182.25,0.693574258787126,0.7353828848586728,-0.1946222791293214,-0.1946222791293214,-0.1946222791293214,0.06481065863531901,-0.39693893606383013,0.748369918261427,-0.23879641485275294,30.198555956678707,35.018050541516246,51.67870036101084,14.681107099879661,1.604249562052893,33.082573542640255,False,True,True,False,True,True,False,False,4,3008,大立光,TWSE,6290000.0
6517.TWO,66.0,485,0.03937007874015741,0.05095542678049925,-0.06779665035111382,0.036936420106618906,0.15392409466850698,-0.01882913050638535,0.022700862416545453,0.0037819777887231343,0.030877651933487016,20777885.682239912,0.2653982835957976,0.3413459792588085,-0.11527451616881923,-0.11527451616881923,-0.1411633891412778,0.056319241327935865,-0.08010879038665346,0.41573870780328936,-0.20508756793640837,47.27737665463298,1.8050541516245486,53.11070998796632,33.81468110709988,0.0,33.07460890493382,False,True,True,False,True,True,False,False,4,6517,保勝光學,TPEx,66000.0
8422.TW,25.5,485,-0.005847938431231325,-0.019230769230769273,-0.04315195628485702,-0.06593403983019153,-0.08174479522247591,0.35864293264204794,-0.018003270437261798,-0.028633101719136467,-0.04205544605070366,100921363.203022,0.6728828975007126,0.8207106260483473,-0.06593403983019153,-0.06593403983019153,-0.1269048872607148,0.004940050639982929,-0.02117394300812651,0.19162854373582489,-0.09814813401963973,18.947051744885677,33.33333333333333,35.46931407942238,55.836341756919374,0.0,32.9268953068592,False,True,True,False,True,True,False,False,4,8422,可寧衛*,TWSE,25500.0
2465.TW,92.9000015258789,485,0.04147987336573156,0.0276548667898453,-0.11523808070591512,0.14127763862932952,0.5056726155128342,0.5962199365646004,0.003077282521754654,0.05392529579829697,0.123178932547509,256756471.67872506,0.3282035131904645,0.5314387355696757,-0.11523808070591512,-0.11523808070591512,-0.11523808070591512,0.07028939354221034,-0.16233062691569164,0.4824946018043735,-0.2446927544790939,41.985559566787,4.813477737665464,54.50060168471721,33.99518652226233,0.0,32.76413959085439,False,True,True,False,True,True,False,False,4,2465,麗臺,TWSE,92900.0015258789
7744.TWO,527.0,485,-0.01310861423220977,0.07551020408163267,-0.024074074074074026,0.13945945945945937,0.10991180729235217,0.732325922608819,0.010788779669144155,0.10260657309737597,0.0824781989353891,64842827.55,0.6001652304823704,0.9055408852637767,-0.06060606060606055,-0.06060606060606055,-0.12101554720201879,-0.0070900957136912635,-0.07056056056056048,0.500808512444006,-0.193304535637149,34.41636582430806,26.353790613718413,22.76774969915764,58.604091456077015,0.0,32.7135980746089,False,True,True,False,True,False,False,False,3,7744,崴寶,TPEx,527000.0
1216.TW,72.69999694824219,485,-0.03580907855432891,-0.024161114788695426,-0.050913859054403265,-0.038164608734482686,0.05000361426771849,-0.0430346165970823,-0.029178101928875155,-0.03606806435719767,-0.004412885906366459,632841112.1569684,0.9778053265780744,0.6559553709127894,-0.07033248356314203,-0.07033248356314203,-0.07033248356314203,-0.023080613790728094,-0.038192322809575706,0.14240382273946206,-0.07033248356314203,9.681107099879663,57.03971119133574,18.85078219013237,53.068592057761734,0.0,32.68922984356197,False,True,True,False,True,False,False,False,3,1216,統一,TWSE,72699.99694824219
8390.TWO,90.5,485,0.0011061777924026295,-0.019501657554100493,-0.0708419036733341,-0.08308001217611205,0.02827456506220405,0.3903003300171437,-0.021780265565023327,-0.051328324164721106,-0.08645654399706604,27040467.89985733,0.7181748465054022,0.6406036458339047,-0.11274509803921573,-0.11274509803921573,-0.27425251842357234,0.018816653710736153,-0.04314856628129675,0.23600622309888655,-0.12352939680510877,20.51744885679904,37.42478941034898,39.96389891696751,34.89771359807461,0.0,32.608303249097474,False,True,True,False,True,True,False,False,4,8390,金益鼎,TPEx,90500.0
6761.TWO,168.0,485,0.024390243902439046,0.02752293577981657,-0.09433962264150941,-0.11578947368421055,-0.18446601941747576,0.1763267674072364,-0.0001487873828299735,0.001988071570576677,-0.08918406072106255,32916029.35,0.4186003878422622,0.29947704119955154,-0.11578947368421055,-0.11578947368421055,-0.26956521739130435,0.0479751495628164,-0.05574313141343923,0.3791439924026783,-0.30386740331491713,37.376654632972325,10.830324909747292,52.14801444043321,33.33333333333333,0.0,32.499097472924184,False,True,True,False,True,True,False,False,4,6761,穩得,TPEx,168000.0
2464.TW,195.5,485,0.002564102564102555,0.06830601092896171,-0.03217821782178221,0.22884509955800159,1.796017009230337,1.645084757659776,0.01085832471561532,0.11065115787396573,0.23832166530036525,2776950912.95,0.6268702671880532,0.7970516106368168,-0.11936936936936937,-0.11936936936936937,-0.11936936936936937,0.010608657019548107,-0.1084599176744494,0.6776658508198486,-0.26204818277827846,39.29602888086642,28.038507821901327,29.759326113116728,32.37063778580024,0.0,32.49578820697954,False,True,True,False,True,True,False,False,4,2464,盟立,TWSE,195500.0
5340.TWO,83.19999694824219,485,0.014634109124904704,-0.009523845854259694,0.01339827642588598,0.004830843982388977,-0.26538445422956713,0.8245352974505387,0.010505825012851577,0.0768135238575991,-0.07305550149024442,250061512.37469405,0.23883242507509442,0.8150960668829946,-0.03143195028725687,-0.03143195028725687,-0.37502858313281684,0.011284540018433209,0.011787995098422988,0.3338838021906835,-0.3236715225119652,33.72442839951865,0.7220216606498195,43.25511432009627,75.57160048134777,0.0,32.48345367027677,False,True,True,True,True,True,False,False,5,5340,建榮,TPEx,83199.99694824219
1476.TW,278.0,485,-0.010676156583629859,-0.021126760563380254,-0.1146496815286624,-0.17261904761904767,-0.10555672944671501,-0.34528360035142436,-0.031274501263176324,-0.12194351591082575,-0.13379007734013315,350716582.95,1.013723909149936,0.9448609177007121,-0.23731138545953356,-0.23731138545953356,-0.23731138545953356,0.01798626379853574,-0.05710999898897984,0.1865268376465464,-0.2510288065843621,13.477737665463296,59.205776173285194,37.900120336943445,7.9422382671480145,0.0,32.47141997593261,False,True,True,False,True,True,False,False,4,1476,儒鴻,TWSE,278000.0
1477.TW,192.0,485,-0.0025974025974025983,0.005235602094240788,-0.020408163265306145,-0.11859841107041968,-0.08383316458310008,-0.3063001485982402,-0.007880118847694129,-0.05661809489173297,-0.07970463214808066,219682743.425,0.6608521083919096,0.5578324276673483,-0.1263983937226325,-0.1263983937226325,-0.14715354149628934,0.002504638218923938,0.01912464042483375,0.1521688513425281,-0.13549841045468847,27.033694344163656,32.009626955475326,40.607701564380264,30.084235860409148,0.0,32.37755716004813,False,True,True,False,True,True,False,False,4,1477,聚陽,TWSE,192000.0
6716.TWO,121.0,485,0.029787234042553123,0.021097046413502074,-0.03585657370517925,0.19211822660098532,0.6000416462286051,1.354084484965647,0.024772390429811608,0.12047411507133599,0.2054773820476079,81472498.475,0.45217240621460336,0.9025334503340362,-0.12,-0.12,-0.12,0.038751377468847936,-0.09989598257217436,0.5481024678115405,-0.3112195270817454,40.7129963898917,13.357400722021662,45.234657039711195,31.528279181708786,0.0,32.25902527075812,False,True,True,False,True,True,False,False,4,6716,應廣,TPEx,121000.0
2612.TW,62.900001525878906,485,0.008012820316881442,0.009630855476181699,0.024429966819589977,0.15624999561730557,0.16773811166998187,0.20208332771374526,-0.0013495070682552068,0.0857307465436703,0.12007262911725247,34833525.383860014,0.345002999397161,0.38352274429909883,-0.03230766883263225,-0.03230766883263225,-0.03230766883263225,0.0019053286119839474,-0.027653365052845214,0.25758302834978775,-0.08592323029954718,36.7208182912154,6.137184115523466,32.725631768953065,74.72924187725631,0.0,32.24819494584837,False,True,True,True,True,True,False,False,5,2612,中航,TWSE,62900.001525878906
4534.TWO,30.0,485,-0.04761904761904767,0.07526883190618316,0.003344494406205767,-0.08814593894768619,0.020408176505266162,0.6997167506170245,0.014455996662493087,-0.06841941680832297,-0.0029910261819261486,22859992.585687827,0.9066067327101013,1.050411625029722,-0.29161744791249133,-0.29161744791249133,-0.29161744791249133,-0.048455171220599114,0.032726474055434496,0.576605709772626,-0.35655251518717956,31.4259927797834,53.67027677496991,24.241877256317686,4.21179302045728,0.0,32.22111913357401,False,True,True,False,True,False,False,False,3,4534,慶騰,TPEx,30000.0
5471.TW,53.5,485,0.03682173608651973,0.055226808578418884,-0.12295081967213117,-0.1388447369070629,0.3292433161818624,0.3357994473626287,0.0006546381563952153,-0.045420155723017386,-0.0023083840391849852,65577366.34438286,0.3733110836207245,0.37487002493295957,-0.19871792161610435,-0.19871792161610435,-0.19871792161610435,0.06755944100455252,-0.07666924070311021,0.4237218321543369,-0.3005631089372405,45.34296028880866,7.701564380264742,56.955475330926596,13.718411552346572,0.0,32.209987966305654,False,True,True,False,True,True,False,False,4,5471,松翰,TWSE,53500.0
6515.TW,6070.0,485,0.012510425354462118,-0.02254428341384862,-0.13900709219858154,-0.20637435752403122,-0.2856441796196296,2.586443227520791,-0.056464461974896074,-0.06627954046165119,-0.232197639142405,3757846451.75,0.7063389534727226,1.5307143114572372,-0.21250668630940295,-0.21250668630940295,-0.43354465016163857,0.0472621984041075,-0.07021563969057114,0.7247381631896056,-0.31370022579517987,22.55716004813478,36.702767749699156,50.81829121540313,11.432009626955475,0.0,32.19735258724428,False,True,True,False,True,True,False,False,4,6515,穎崴,TWSE,6070000.0
6426.TW,361.5,485,-0.07662835249042144,0.09545454545454546,0.406614785992218,0.9162470802854175,0.6728438077260077,3.9274921505431806,0.08363309352517989,0.4718541290171103,0.5236805878652775,1310840857.625,0.9519362026365493,1.814945643734983,-0.07662835249042144,-0.07662835249042144,-0.07662835249042144,-0.17828204898847594,0.10119909256374554,0.8938612507713802,-0.26666660687712374,43.48977135980746,55.95667870036101,26.24548736462094,50.18050541516246,11.72522371400889,32.19715895747125,False,False,False,False,True,False,False,False,1,6426,統新,TWSE,361500.0
1722.TW,41.150001525878906,485,-0.014371220937032136,-0.016726331511697556,-0.0773541943111058,-0.10484927187440896,-0.08387665180279824,-0.1414771727008991,-0.03483050768220619,-0.05985073124023854,-0.07225269274046409,128750058.55785008,0.8277281537099838,1.1232865282180475,-0.10484927187440896,-0.10484927187440896,-0.15163724211673046,0.004967327640744312,-0.04240443701963614,0.11509604139973503,-0.10484927187440896,14.332129963898918,46.81107099879663,32.34657039711191,38.26714801444043,0.0,32.1696750902527,False,True,True,False,True,True,False,False,4,1722,台肥,TWSE,41150.001525878906
4771.TW,214.0,485,-0.01834862385321101,0.03883495145631066,-0.002331002331002363,0.04696449659130275,0.15904163704264507,0.24345368770930254,0.014458402465039155,0.05982997595536976,0.1019498290838432,40347204.975,0.5049154225013855,0.720382251190395,-0.022831050228310557,-0.022831050228310557,-0.022831050228310557,-0.01776587327046042,-0.01798583452810328,0.320919885308954,-0.11620597834542734,29.632972322503008,17.208182912154033,24.127557160048134,80.38507821901324,0.0,32.14199759326113,False,True,True,True,True,False,False,False,4,4771,望隼,TWSE,214000.0
2885.TW,66.80000305175781,485,-0.04022982016880916,-0.03746395413480741,0.0014993419503936956,0.0002607008442960801,0.5072422203617077,1.0850915268784225,-0.03690883508198006,0.020652104394785153,0.10698675591632889,1409672139.5983882,0.8239047215574963,0.8931206178882345,-0.05649717270599308,-0.05649717270599308,-0.05649717270599308,-0.040604655656407584,0.0014124416689616688,0.22703956272574083,-0.07906290325859855,12.749699157641396,46.08904933814681,20.974729241877256,61.612515042117934,0.0,32.13718411552347,False,True,True,False,True,False,False,False,3,2885,元大金,TWSE,66800.00305175781
6179.TWO,36.5,485,0.039886085092314616,-0.03183025831975839,0.2268907563025211,0.38683873365357213,0.4896703203974362,0.10288648146092583,0.028531172948221384,0.23893173017508795,0.3564834418610179,462017213.0473539,0.4288292550690979,4.528203405470982,-0.11942100535171185,-0.11942100535171185,-0.11942100535171185,-0.016836603983315657,0.09794451175133037,0.8613828562131659,-0.18246875687289732,47.20818291215403,11.432009626955475,38.53188929001204,32.12996389891697,0.0,32.044524669073404,False,True,True,False,True,False,False,False,3,6179,亞通,TPEx,36500.0
2332.TW,20.450000762939453,485,0.0024510365364791564,0.05684756381313183,0.05958557364451256,-0.06620999455926613,0.3453948039179702,0.19941358815363053,0.043766785404169006,-0.037458287811516056,0.09916693144022015,182456042.38084477,0.5696894984351735,0.4716903274657341,-0.21194604386504823,-0.21194604386504823,-0.21194604386504823,-0.012445356874648983,0.0816555718309346,0.3886987264671458,-0.2813102477759728,45.529482551143204,22.623345367027678,39.35018050541517,11.672683513838749,0.0,32.03429602888087,False,True,True,False,True,False,False,False,3,2332,友訊,TWSE,20450.000762939453
3324.TWO,1505.0,485,-0.056426332288401215,0.1066176470588236,0.04878048780487809,0.6270270270270271,0.6194224137642288,0.8655111727519791,0.0306454374250984,0.31084239406564396,0.369258576634377,5211184195.25,0.9419846657345122,0.8781220962856559,-0.11988304093567248,-0.11988304093567248,-0.11988304093567248,-0.06862145423962074,-0.16022852120413092,0.8445248307288031,-0.1515151515151515,37.73164861612515,55.71600481347774,4.482551143200963,31.768953068592058,1.905405405405406,32.01487136956452,False,False,True,False,True,False,False,False,2,3324,雙鴻,TPEx,1505000.0
2891.TW,67.30000305175781,485,-0.023222038297345038,-0.049435026117743974,0.010510579484603433,-0.021086410749161177,0.30950366090102177,0.6194094604735056,-0.018592737123473424,0.019903177630287372,0.0750238967386665,2119197504.9792805,0.7222796038496686,1.021318383630171,-0.05477519752310411,-0.05477519752310411,-0.05477519752310411,-0.025849683168495896,0.01753938306765716,0.21830448906129418,-0.0875339107393951,15.114320096269555,37.90613718411552,26.540312876052948,63.05655836341757,0.0,31.999699157641395,False,True,True,False,True,False,False,False,3,2891,中信金,TWSE,67300.00305175781
8033.TW,175.0,485,0.03857566765578646,0.035502958579881616,-0.03314917127071826,-0.23076923076923073,0.34615384615384626,0.14006514657980462,0.017293997965411867,-0.06517094017094016,0.046107100366431286,412018867.3,0.3323387482014745,0.2759458892791214,-0.35064935064935066,-0.35064935064935066,-0.35064935064935066,0.046862960473466025,0.043773905652358655,0.3042174047824656,-0.4434137291280148,46.07099879663056,5.174488567990373,65.3971119133574,1.8050541516245486,0.0,31.993682310469314,False,True,True,False,True,True,False,False,4,8033,雷虎,TWSE,175000.0
2206.TW,62.79999923706055,485,-0.014128752199364603,-0.01257860465808136,-0.00789889425002177,0.03057325103926578,0.10665589676598453,0.019423336810953318,-0.00891659981163584,0.0035602238101826167,0.049894868650212976,36544152.60488148,0.5995722807751841,0.8716402521214998,-0.030864254946096237,-0.030864254946096237,-0.030864254946096237,-0.01215402863685916,-0.018089977929777033,0.09868459216732396,-0.07253093142422662,19.584837545126355,26.113116726835138,27.250300842358605,76.17328519855594,0.0,31.947954271961493,False,True,True,True,True,False,False,False,4,2206,三陽工業,TWSE,62799.99923706055
1795.TW,176.0,485,-0.008450704225352101,-0.011235955056179803,-0.04347826086956519,-0.13736246271878771,-0.23745755365738663,-0.030978221420487118,-0.011513619769727645,-0.035887871113359004,-0.0812463040885596,117204316.025,0.7812638797930413,0.55480060795588,-0.13736246271878771,-0.13736246271878771,-0.23745755365738663,0.0024188609920391957,0.002309226703364052,0.1794486275230892,-0.15196073235738727,19.073405535499397,42.59927797833935,37.888086642599276,25.511432009626954,0.0,31.800541516245488,False,True,True,False,True,True,False,False,4,1795,美時,TWSE,176000.0
2413.TW,52.29999923706055,485,0.0019156795528649795,-0.013207561564895332,0.21769495478540213,0.14263336887603129,0.009616895655802038,1.5013676201694053,0.03774987639086502,0.16755881870508094,0.10998040340631143,367248397.6611656,0.29232128961375153,9.458010431686827,-0.03148149560998992,-0.03148149560998992,-0.153537192886965,-0.05250805914348555,0.1701504984933917,0.706892347952783,-0.24371585114261085,36.34175691937425,3.489771359807461,33.85078219013237,75.45126353790613,0.0,31.729843561973524,False,True,True,True,True,False,False,False,4,2413,環科,TWSE,52299.99923706055
3515.TW,216.5,485,0.023640661938534313,0.026066350710900466,-0.05251641137855578,0.030952380952380842,0.025648765921777006,-0.1857304678358076,0.008149010477299212,0.016670579948344644,-0.01147790071418442,97261393.1,0.32295829615700966,0.5918588417611368,-0.0826271186440678,-0.0826271186440678,-0.16935581411659273,0.03676976478317326,-0.06283387169601606,0.40834114139162586,-0.14830508474576276,38.59807460890494,4.452466907340553,46.66064981949458,47.53309265944645,0.0,31.71028880866426,False,True,True,False,True,True,False,False,4,3515,華擎,TWSE,216500.0
4123.TWO,31.200000762939453,485,-0.009523785303509391,0.01463417115250265,0.011345231025668312,-0.12052474143906355,-0.13264786272687035,-0.04421490032254516,0.016452219555731507,-0.040919218311302075,-0.07236151309585681,43107263.35044603,0.6480271104245322,0.5393911368620593,-0.12164076086944853,-0.12164076086944853,-0.16909118985381955,-0.012360093059926469,0.0515201448386895,0.1818218570918079,-0.1680924932218647,29.205776173285194,30.445246690734056,36.395908543922985,31.167268351383875,0.0,31.6693742478941,False,True,True,False,True,False,False,False,3,4123,晟德,TPEx,31200.000762939453
2884.TW,45.349998474121094,485,-0.005482456323806284,-0.02368142671153639,0.1197530487437306,0.30503592731283713,0.4749150805040172,0.4259736042854667,-0.0004408468335388438,0.1357612056547075,0.26469894912492964,2013533931.438992,0.5437454536341008,1.1509571730952675,-0.04122623243958923,-0.04122623243958923,-0.04122623243958923,-0.035420718509738935,0.01807440630611823,0.3569614658624002,-0.05179705713440741,29.687123947051745,20.45728038507822,24.235860409145605,70.15643802647413,0.0,31.62575210589651,False,True,True,True,True,False,False,False,4,2884,玉山金,TWSE,45349.998474121094
9921.TW,91.4000015258789,485,0.012181599523209297,0.007717801556665682,-0.09950737412927191,0.25542079613086655,0.3600391483008112,-0.0968283698269029,-0.016940021232816238,-0.007796870994403182,0.12496415403557615,145805052.07006988,0.6571708919957209,0.3627483764153103,-0.16568004809813397,-0.16568004809813397,-0.16568004809813397,0.037058443055527274,-0.18464763950622742,0.43693058767080606,-0.2003673381467217,29.362214199759325,31.40794223826715,42.148014440433215,18.892900120336943,0.0,31.60198555956679,False,True,True,False,True,True,False,False,4,9921,巨大,TWSE,91400.0015258789
3019.TW,139.0,485,0.029629629629629672,0.01090909090909098,-0.11746031746031749,-0.04137931034482756,0.1455643214371969,-0.09082195168738061,0.00980748274609522,0.016329514989032345,-0.004676919705432492,645732792.2,0.4090004569891357,1.0729328906250926,-0.11746031746031749,-0.11746031746031749,-0.12685645361538966,0.058994708994709044,-0.10366721401204164,0.42204430765131695,-0.1932203389830508,35.12635379061372,9.987966305655837,52.30445246690735,33.092659446450064,0.0,31.574308062575213,False,True,True,False,True,True,False,False,4,3019,亞光,TWSE,139000.0
2421.TW,166.0,485,0.018404907975460016,0.03426791277258556,-0.011904761904761862,0.15679442508710806,0.2258646173269061,0.3513467754893054,0.003931055337163647,0.10360110803324107,0.12124217045114905,474529697.4,0.3398373841873355,0.5502356558283852,-0.07520891364902504,-0.07520891364902504,-0.07520891364902504,0.021381098451650482,-0.06416957026713122,0.4319399290675656,-0.15438596491228074,41.42599277978339,5.535499398315283,39.42238267148014,50.782190132370644,0.0,31.561371841155236,False,True,True,False,True,True,False,False,4,2421,建準,TWSE,166000.0
2009.TW,39.29999923706055,485,-0.0012706286912165243,0.012886598191538479,-0.01503765077375252,0.03335396578984251,-0.03327343757990753,0.17378028529367295,-0.002601376178966164,0.01137885834598551,0.008656497781600825,70952067.65237007,0.5913258861474363,0.5458562437038855,-0.09027781150468528,-0.09027781150468528,-0.12096323693097089,0.0024887840022216057,-0.02615563937036669,0.26593588222865466,-0.11574073869668577,29.82551143200962,25.27075812274368,33.28519855595668,43.922984356197354,0.0,31.438628158844764,False,True,True,False,True,True,False,False,4,2009,第一銅,TWSE,39299.99923706055
2812.TW,18.75,485,-0.020887708955524942,-0.02849737092239979,-0.03350513563461177,-0.008849514693787808,-0.01601448832182839,-0.07662576526339848,-0.023310328806238068,-0.011437007301723923,0.012872670523067953,311893702.2092571,0.6943758055564994,1.2408756874553764,-0.038461538461538436,-0.038461538461538436,-0.038461538461538436,-0.012511425046871999,-0.03055529740334917,0.1245392128129446,-0.038461538461538436,12.888086642599276,35.25872442839952,25.03610108303249,71.3598074608905,0.0,31.407039711191334,False,True,True,True,True,False,False,False,4,2812,台中銀,TWSE,18750.0
5269.TW,1460.0,485,-0.013513513513513487,-0.01016949152542368,0.0,-0.012128849971991817,0.33911421084617666,-0.06136853201338288,0.015828839798225802,0.025440062880771608,0.046015166112993056,600178990.0,0.5294234787950658,0.7818393032923546,-0.02341137123745818,-0.02341137123745818,-0.05251350904512475,-0.013513513513513487,0.0040429499906639394,0.37766231906528064,-0.11700558165304742,21.004813477737667,19.133574007220215,29.332129963898915,80.02406738868832,0.0,31.378158844765338,False,True,True,True,True,False,False,False,4,5269,祥碩,TWSE,1460000.0
6715.TW,449.0,485,-0.02285092491838958,0.14249363867684472,0.31478770131771605,0.03218390804597693,0.08403292556440833,3.663471593759536,0.14329365331975286,0.17609830794507797,0.08627179646158156,775571788.275,0.3984211860174083,1.6719759244509276,-0.08739837398373984,-0.08739837398373984,-0.20745570066876573,-0.1015478502478186,0.30405973196905706,0.8658028113693412,-0.375,51.269554753309265,9.14560770156438,35.04813477737665,45.006016847172084,2.267569546120062,31.369915411762005,False,True,True,False,True,False,False,False,3,6715,嘉基,TWSE,449000.0
3213.TWO,123.0,485,-0.008064516129032251,0.004081632653061273,-0.03149606299212604,-0.07169811320754715,0.267181099733121,0.06983322078815601,-0.009861139062185553,-0.03460003924390087,0.01762071901864326,32497062.8,0.6892933041449257,0.6115465979261564,-0.11191335740072206,-0.11191335740072206,-0.13684210526315788,-0.00019050038100074107,-0.007596691922943655,0.2328485870476615,-0.12635379061371843,23.15282791817088,34.29602888086642,35.018050541516246,35.25872442839952,0.0,31.27797833935018,False,True,True,False,True,False,False,False,3,3213,茂訊,TPEx,123000.0
2495.TW,38.400001525878906,485,-0.011582933485620117,0.036437309490359615,0.009198483464815999,-0.23421048327372274,-0.0048624311404381615,0.8236475087900335,0.015940247030196808,-0.0023498131839612135,-0.07728537568597205,48071485.65810108,0.6999872465784871,1.0517151987269158,-0.2531729095091283,-0.2531729095091283,-0.2712188822981062,-0.013882554351824117,0.08726864455605692,0.27624815452737517,-0.3805614017750547,32.58724428399518,35.98074608904934,38.53188929001203,6.257521058965103,0.0,31.14199759326113,False,True,True,False,True,False,False,False,3,2495,普安,TWSE,38400.001525878906
8415.TWO,35.25,485,0.0028449066793772015,0.017315972516566136,-0.05369127516778527,0.02322203829734515,0.07801897661777923,0.09566517136664676,-0.010803985905284974,-0.04096855473963268,0.005593669670964196,23127151.38197861,0.5548690220778981,1.0698164525434173,-0.0879689881409802,-0.0879689881409802,-0.0879689881409802,0.01626772547132352,-0.06143195460023365,0.16269839188398202,-0.111254925795505,29.524669073405537,21.540312876052948,36.26353790613719,44.64500601684717,0.0,31.082129963898918,False,True,True,False,True,True,False,False,4,8415,大國鋼,TPEx,35250.0
5871.TW,106.0,485,-0.01851851851851849,-0.05777777777777782,-0.06194690265486724,-0.015352935231695897,0.03387930809958073,-0.015352935231695897,-0.040289723856948845,-0.0498105870723724,-0.029484209287578222,720708222.4,0.8641179430346179,1.0050403807936283,-0.09401709401709402,-0.09401709401709402,-0.09401709401709402,-0.0030317928548016793,-0.056829257577635274,0.20151526415578283,-0.09401709401709402,10.168471720818292,50.42117930204573,25.974729241877256,42.71961492178099,0.0,31.078519855595665,False,True,True,False,True,False,False,False,3,5871,中租-KY,TWSE,106000.0
2474.TW,207.0,485,-0.009569377990430672,0.0,-0.018957345971563955,0.06153846153846154,0.11359506056538748,0.17445395186626378,-0.00012075836251668193,0.03742064817908464,0.03498668877555389,458844978.5,0.5434985469493958,0.70023604021935,-0.030444964871194413,-0.030444964871194413,-0.1658870066182052,-0.004830041497539683,-0.039470166484384464,0.15907846467032954,-0.08695652173913049,22.37063778580024,20.33694344163658,26.895306859205775,76.6546329723225,0.0,31.034296028880867,False,True,True,True,True,False,False,False,4,2474,可成,TWSE,207000.0
1736.TW,123.5,485,-0.019841269841269882,-0.015936254980079667,-0.019841269841269882,-0.03084632422030431,0.08413804539874681,-0.1665909664499592,-0.018673023440603842,-0.03767699389462853,0.010910080309839865,48130247.125,0.8971505431583982,0.48230316325350925,-0.14827586206896548,-0.14827586206896548,-0.14827586206896548,-0.014880952380952411,-0.009559161767835112,0.3141505909635358,-0.1586206896551724,16.14921780986763,53.068592057761734,26.859205776173287,23.465703971119133,0.0,30.999999999999996,False,True,True,False,True,False,False,False,3,1736,喬山,TWSE,123500.0
6291.TWO,493.0,485,0.0,0.0050968399592252744,0.12045454545454537,0.08950276243093924,0.12814645308924488,1.9777535160843445,0.018121740926222207,0.17874434637071857,0.054611250256254795,884443993.725,0.3806076381053845,2.5841343785102135,-0.059160305343511466,-0.059160305343511466,-0.27393225331369664,-0.030113636363636342,0.09062029131089895,0.5904790668959504,-0.35706580366774543,37.48495788206979,8.062575210589651,33.15282791817088,59.80746089049338,0.0,30.923586040914557,False,True,True,False,True,False,False,False,3,6291,沛亨,TPEx,493000.0
5880.TW,26.149999618530273,485,-0.02242992080260664,-0.04387571284103098,-0.00570340771413036,0.10251693123335492,0.15787338779706017,0.14588717774529503,-0.024253749049408135,0.030204909818764003,0.09690531404583114,499552731.3335964,0.747469959324484,0.8379700079813678,-0.05081668447551091,-0.05081668447551091,-0.05081668447551091,-0.02100406887407405,-0.03987571812524867,0.15620796203914428,-0.07978468141956507,13.916967509025271,39.83152827918171,19.500601684717207,65.70397111913357,0.0,30.855294825511436,False,True,True,False,True,False,False,False,3,5880,合庫金,TWSE,26149.999618530273
6177.TW,46.0,485,-0.010752688172043001,-0.014989309454036759,-0.02542374456658214,0.08494788731773428,0.05235294045777872,-0.08508115292625729,-0.027227072387876472,2.2754634096289195e-05,0.03805703408999861,70113258.86001167,0.6908999159166005,0.7355940877134399,-0.06504066490482452,-0.06504066490482452,-0.06504066490482452,-0.004396752030397466,-0.053739707005826906,0.2506046742684198,-0.06504066490482452,18.68832731648616,34.65703971119133,25.529482551143197,56.07701564380265,0.0,30.797533092659442,False,True,True,False,True,False,False,False,3,6177,達麗,TWSE,46000.0
2468.TW,45.349998474121094,485,-0.0022002703441075244,0.038946091381790726,0.34970239683343785,0.25827126948520474,0.3729959964682532,-0.10227189232787315,0.11445595064724312,0.25281188171706614,0.273590313658868,263293009.4357605,0.20600846685821117,22.030948094889716,-0.03201707681652466,-0.03201707681652466,-0.03201707681652466,-0.08962586955246699,0.2636119736717029,0.7423964313366396,-0.1736842485970984,47.328519855595665,0.48134777376654636,34.64500601684717,75.21058965102286,3.4895838891703246,30.79621635150356,False,True,True,True,True,False,False,False,4,2468,華經,TWSE,45349.998474121094
6894.TWO,363.0,485,-0.025503355704697972,0.028328611898017053,0.0196629213483146,0.029787234042553123,-0.0546875,0.8571516116644979,0.013612565445026092,0.05646100116414421,0.03501122687797742,20804108.3,0.4666742673766569,1.2501934846090312,-0.025503355704697972,-0.025503355704697972,-0.1124694376528117,-0.030419086041776622,0.009733843334130224,0.3636885057215421,-0.17226890756302526,28.09265944645006,14.560770156438027,23.941034897713596,79.18170878459688,0.0,30.658543922984357,False,True,True,True,True,False,False,False,4,6894,衛司特,TPEx,363000.0
3260.TWO,382.0,485,-0.0026109660574412663,0.0016886633567734233,-0.029879691489773097,-0.009468757421144613,0.09486903469774277,2.0863155530332214,-0.001888468848174063,-0.0006309227650186378,-0.02176003464820786,1995695650.7003188,0.5979204178199946,0.47827597255808285,-0.08740111864916389,-0.08740111864916389,-0.17319294218482406,0.004858956815002008,-0.026723439016058226,0.28413269234395777,-0.15000001559489207,25.156438026474127,25.872442839951866,34.29602888086643,44.88567990373045,0.0,30.615523465703973,False,True,True,False,True,True,False,False,4,3260,威剛,TPEx,382000.0
1514.TW,102.5,485,-0.023809523809523836,0.027054076810417715,-0.004854368932038833,-0.12134552338059301,0.002408562697429062,0.046632551412242096,0.007173036485789597,0.0030986418148311046,-0.058833786406770394,93356260.17309418,0.7062895195665979,0.596902440987842,-0.12851821345092096,-0.12851821345092096,-0.28590958126022914,-0.022595931576514128,0.035594138861492174,0.21820107411522455,-0.21779195743887536,25.697954271961493,36.58243080625752,29.96389891696751,29.482551143200965,0.0,30.597472924187723,False,True,True,False,True,False,False,False,3,1514,亞力,TWSE,102500.0
3617.TW,243.5,485,0.002057613168724215,0.002057613168724215,-0.02208835341365467,0.07354878153546385,0.44352892989004666,0.2109223906367368,0.0015424164524422412,0.03955758111844032,0.1357264836974048,69233265.25,0.5161165829359137,0.36018386956160287,-0.06346153846153846,-0.06346153846153846,-0.06346153846153846,0.007579701522137883,-0.04660461392547595,0.24493177836450555,-0.15702481580674532,27.545126353790614,17.930204572803852,32.936221419975936,57.400722021660656,0.0,30.486762936221425,False,True,True,False,True,True,False,False,4,3617,碩天,TWSE,243500.0
2357.TW,962.0,485,0.0041753653444676075,0.024494142705005384,-0.04752475247524757,0.4002911208151383,0.7705955735694816,0.520660123652585,0.0007802340702209865,0.09840339492663985,0.25250441420685266,2628745836.35,0.46274423978603063,0.7053489948699099,-0.061463414634146396,-0.061463414634146396,-0.061463414634146396,0.0160565534632795,-0.18095512608029365,0.39336195285295233,-0.09853658536585364,32.135980746089054,14.079422382671481,31.31768953068592,58.48375451263538,0.0,30.46660649819495,False,True,True,False,True,True,False,False,4,2357,華碩,TWSE,962000.0
2542.TW,38.75,485,-0.020227541150263817,-0.074304056736203,-0.11388015807667273,-0.0232311083537603,0.15460450901449407,0.0012967074670340306,-0.0697218945981869,-0.06425626313085975,-0.023806810409853663,548584459.672665,0.9401679215219853,1.6638222163901182,-0.12931461794501187,-0.12931461794501187,-0.12931461794501187,0.008242498368904366,-0.10613645529208597,0.29360809284049333,-0.13717883872330316,7.503008423586041,55.5956678700361,28.790613718411553,28.760529482551146,0.0,30.4413357400722,False,True,True,False,True,True,False,False,4,2542,興富發,TWSE,38750.0
2312.TW,30.850000381469727,485,0.008169934538673873,-0.003231030016305203,-0.0693816301219069,-0.0966325328538693,0.4132877111757072,0.6341139472815074,-0.011138695973780366,-0.030610892459392303,-0.03360811877241654,226282151.7574707,0.5389421042144261,0.5796378093572115,-0.10838145254417164,-0.10838145254417164,-0.2770740043449885,0.0255153420691506,-0.0371707858372838,0.2814923962339054,-0.20086702780605725,26.25150421179302,19.855595667870034,44.55475330926594,36.462093862815884,0.0,30.440132370637784,False,True,True,False,True,True,False,False,4,2312,金寶,TWSE,30850.000381469727
2605.TW,35.75,485,-0.03508769942861911,-0.008321754324813968,0.01997149153142641,0.153225806451613,-0.07763028690889529,0.6151539253661247,-0.013044374336462772,0.0535880968763649,0.09845880945488816,384332019.49202347,0.7213019343310036,0.6075455826561221,-0.054232785143832785,-0.054232785143832785,-0.07763028690889529,-0.040080572311475715,-0.03110377728577792,0.3039237992467551,-0.08994703121179315,18.68231046931408,37.66546329723225,15.95066185318893,63.41756919374247,0.0,30.404632972322503,False,True,True,False,True,False,False,False,3,2605,新興,TWSE,35750.0
8926.TW,59.0,485,0.010273946206238005,0.008547008547008517,0.047957385426785626,-0.2406692108456413,0.38659059459842293,0.3303979384568325,0.01036047144797747,-0.020773974377021,-0.028060622080104625,149353335.04719067,0.510253178471035,0.7245719003992538,-0.2406692108456413,-0.2406692108456413,-0.2716049382716049,-0.0017154001504584016,0.12818045570866604,0.21104851068914424,-0.2657894837228876,39.17870036101083,17.689530685920577,48.72442839951866,7.581227436823104,0.0,30.378760529482552,False,True,True,False,True,False,False,False,3,8926,台汽電,TWSE,59000.0
2059.TW,12145.0,485,-0.019774011299435013,0.00830220008302196,-0.12405337179949516,0.5056007797442283,2.6545241540515248,2.616569185771897,-0.027291111867528972,0.07621152019760058,0.44668397559774986,5196853416.25,0.882459508757948,0.7995260478341505,-0.16003873020264192,-0.16003873020264192,-0.16003873020264192,0.011239331650438777,-0.2925869650475713,0.4849487403628537,-0.18977799294557018,16.323706377858002,51.86522262334536,27.67749699157641,20.45728038507822,0.08401169616342519,30.360633309853416,False,True,True,False,True,True,False,False,4,2059,川湖,TWSE,12145000.0
2646.TW,20.100000381469727,485,-0.01228501205472432,-0.002481351762139372,-0.026634346112384688,-0.05188680857939776,-0.03597122236345651,-0.19920318422350658,-0.010461519681490339,-0.03666424439431848,-0.03231628169874956,78241228.0565527,0.6591467136932756,0.8989623189172111,-0.08636361902410339,-0.08636361902410339,-0.08636361902410339,-0.005626425526628148,-0.009338743252585435,0.1166986964734059,-0.08863639831542969,20.258724428399518,31.64861612515042,31.359807460890494,45.607701564380264,0.0,30.253309265944644,False,True,True,False,True,False,False,False,3,2646,星宇航空,TWSE,20100.000381469727
3363.TWO,671.0,485,0.043545878693623585,-0.01900584795321636,-0.1397435897435897,0.04843749999999991,-0.10174029451137889,0.8901408450704225,-0.014684287812041119,0.07437354895524795,-0.04109752176346593,2439050449.9,0.39686497760301565,0.8076102426562074,-0.14631043256997456,-0.14631043256997456,-0.3222222222222222,0.07848177612952101,-0.155889423076923,0.4750746454005259,-0.28125,32.683513838748496,8.904933814681106,56.468110709987975,23.706377858002405,0.0,30.149518652226234,False,True,True,False,True,True,False,False,4,3363,上詮,TPEx,671000.0
4973.TWO,138.5,485,0.025925925925925908,-0.003597122302158251,-0.08580858085808585,-0.12063492063492065,0.7580997791803514,3.384261482892666,-0.013181332383327304,-0.05584275407600969,-0.01985519956876447,87756435.3,0.4950776643859131,0.3023169103662623,-0.16816816816816815,-0.16816816816816815,-0.3404761904761905,0.04737807114044737,-0.04559694064644563,0.2863253431964126,-0.2942942942942943,31.221419975932612,15.764139590854393,53.08664259927798,18.531889290012032,0.0,30.147111913357403,False,True,True,False,True,True,False,False,4,4973,廣穎,TPEx,138500.0
6269.TW,66.0999984741211,485,0.03281247615814209,0.016923053448016923,-0.07810318985318154,0.03767657272271108,0.05087435406381702,0.02480617789335038,0.009314373493845451,0.05017871162217702,0.018712328336620843,288682696.56647074,0.2979383913903261,0.4714302408711436,-0.12101062291776876,-0.12101062291776876,-0.24457144601004466,0.052338273621437476,-0.09066204742741857,0.5029123980781317,-0.264,38.54993983152828,3.730445246690734,51.077015643802646,31.28760529482551,0.0,30.146510228640192,False,True,True,False,True,True,False,False,4,6269,台郡,TWSE,66099.9984741211
6206.TW,137.0,485,-0.014388489208633115,-0.007246376811594235,-0.007246376811594235,0.06730243670373715,0.4073742517609946,0.36068412233201363,-0.00850370906459208,0.011291534422165572,0.06972414601100141,114719573.075,0.815718850710716,0.34290669778559707,-0.13291139240506333,-0.13291139240506333,-0.13291139240506333,-0.012576895005734556,-0.029680522379506618,0.3153343295269341,-0.15189873417721522,20.703971119133573,45.006016847172084,24.96389891696751,27.79783393501805,0.0,30.12364620938628,False,True,True,False,True,False,False,False,3,6206,飛捷,TWSE,137000.0
8431.TWO,64.0999984741211,485,0.01424046994172512,-0.01384617732121396,0.07190634267425966,0.26429975363978175,-0.012326703127099492,0.4436936097121502,0.006990775000791816,0.19902728216636612,0.14937201841167114,198212770.44159603,0.40774684797484206,6.753206585086405,-0.06831401699358841,-0.06831401699358841,-0.12789117722284227,-0.003736115726839795,-0.016193575205667596,0.7482517077042236,-0.17296513078533748,37.160048134777384,9.747292418772563,31.38387484957882,54.51263537906137,0.0,30.095066185318892,False,True,True,False,True,False,False,False,3,8431,匯鑽科,TPEx,64099.998474121094
9910.TW,67.80000305175781,485,-0.031428527832031206,0.0044444896556712354,-0.002941131591796875,-0.002941131591796875,-0.09017863523345071,-0.3829038029471269,-0.013961575424899397,-0.014296065426817606,-0.031855278185456304,76047396.29734993,0.6491405803915931,0.900748263468894,-0.05571030403879729,-0.05571030403879729,-0.26839110920552844,-0.030693244934081987,-0.00196075439453125,0.2596064749240191,-0.05988861934529599,19.855595667870034,30.685920577617328,22.117930204572804,62.454873646209386,0.0,30.060168471720814,False,True,True,False,True,False,False,False,3,9910,豐泰,TWSE,67800.00305175781
3374.TWO,467.5,485,-0.009533898305084776,0.10259433962264142,0.11442193087008334,0.44067796610169485,1.7892478318247629,2.2621652637270273,0.036125886524822626,0.2385473010266035,0.5074684533079357,3721556219.475,0.29399221650486507,0.49658909056463135,-0.04200819672131151,-0.04200819672131151,-0.04200819672131151,-0.03813938102260561,-0.03247072449714827,0.7566690818044706,-0.3971291866028708,48.58604091456077,3.6101083032490973,15.7280385078219,69.55475330926595,0.0,30.024067388688323,False,True,True,True,True,False,False,False,4,3374,精材,TPEx,467500.0
5388.TW,71.80000305175781,485,-0.011019220925306827,-0.0013907993323908352,-0.06510416407965958,-0.13598069350004038,-0.14827994718250903,-0.2808807347861968,-0.013194023833207114,-0.10186378174625454,-0.11694164467068369,152618342.97353935,0.8271248054313757,0.4655156888689361,-0.2329059377964694,-0.2329059377964694,-0.2329059377964694,0.005256820094608067,-0.019777266246312784,0.22112700209228983,-0.2414529790870631,18.83874849578821,46.690734055354994,35.95667870036102,8.78459687123947,0.0,29.965703971119137,False,True,True,False,True,True,False,False,4,5388,中磊,TWSE,71800.00305175781
8114.TW,178.5,485,0.020000000000000018,0.008474576271186418,-0.10075566750629728,-0.15201900237529686,0.1517586010153793,-0.1751597795401243,-0.008195582719822125,-0.09410023260731648,-0.09890155495210173,67190002.75,0.5388298862261014,0.6444246735785167,-0.2306034482758621,-0.2306034482758621,-0.2925527388918451,0.04518891687657434,-0.050082666714531654,0.3046117912209172,-0.2456896551724138,32.081829121540316,19.7352587244284,52.033694344163656,9.14560770156438,0.0,29.925391095066182,False,True,True,False,True,True,False,False,4,8114,振樺電,TWSE,178500.0
4147.TWO,61.400001525878906,485,-0.05392912045779186,0.009868458821503223,-0.03154574056569437,-0.13276837741104486,0.14126398506680715,-0.19528179462550677,-0.018463726308621586,-0.011404777854843395,0.05089752658672175,57377838.14955616,0.8703323241466316,0.6779609076659503,-0.13276837741104486,-0.13276837741104486,-0.15426993365894526,-0.046042685316368265,0.012710385237987253,0.3559685345834819,-0.2086330935251799,16.450060168471722,51.02286401925391,21.726835138387486,27.918170878459687,0.0,29.861311672683513,False,False,True,False,True,False,False,False,2,4147,中裕,TPEx,61400.001525878906
6415.TW,425.0,485,-0.0023474178403756207,0.015531660692950977,-0.0023474178403756207,-0.22867513611615242,0.5567765567765568,0.5016767487249161,0.01887923284387183,-0.03569807895931032,-0.1083682264395045,978751798.775,0.6133399530813162,0.6578169792048614,-0.22867513611615242,-0.22867513611615242,-0.3684992570579495,-0.0017605633802817156,0.07387762753167519,0.44861890167602103,-0.28339694656488545,31.257521058965104,27.196149217809868,43.592057761732846,9.386281588447654,0.0,29.84205776173285,False,True,True,False,True,False,False,False,3,6415,矽力*-KY,TWSE,425000.0
2382.TW,332.0,485,-0.027818448023426035,-0.02496328928046987,-0.014836795252225476,-0.08176643577558618,0.08518507139553977,0.26803681149639513,-0.018549996304781602,0.00515809825577751,0.0016403365998647335,4764991437.475,0.7696083630342637,0.8981923666395633,-0.09140666243674433,-0.09140666243674433,-0.16984641094562858,-0.024109249210369665,0.012418683339636583,0.31162358676027163,-0.23645318921642067,13.688327316486163,41.87725631768953,26.413959085439227,43.682310469314075,0.0,29.825511432009627,False,True,True,False,True,False,False,False,3,2382,廣達,TWSE,332000.0
3049.TW,12.449999809265137,485,0.004032273570407474,0.03319498856421843,-0.04597704005366299,-0.011904806957402148,0.04621850490469104,1.0211039152047272,0.006874221726755447,0.05850843477640533,-0.0058954397953108195,63969354.937971875,0.40977144824523865,0.42784365711696015,-0.08118083881813365,-0.08118083881813365,-0.28034680009728585,0.015526533583823221,-0.04200877106786227,0.3273197389815033,-0.2624505766751912,33.6101083032491,10.108303249097473,37.942238267148014,48.13477737665463,0.0,29.82129963898917,False,True,True,False,True,True,False,False,4,3049,精金,TWSE,12449.999809265137
2915.TW,57.5,485,-0.04326120699055669,0.015901087458339846,0.005244741836698097,0.15593737241059658,0.27859306988794086,0.11073308716826835,-0.007765311660849927,0.03680610853653321,0.1397327776653463,89556986.71047592,0.749392024343714,0.37910960642049657,-0.0695792765395683,-0.0695792765395683,-0.0695792765395683,-0.04457239244973121,-0.04673438230016743,0.20621655600547198,-0.09385112149940567,21.624548736462092,40.07220216606498,13.026474127557162,53.67027677496991,0.0,29.8161853188929,False,True,True,False,True,False,False,False,3,2915,潤泰全,TWSE,57500.0
1815.TWO,121.0,485,0.008333333333333304,0.021097046413502074,-0.026364633679923477,0.32035444085054343,0.12872776051008028,1.1410483754095453,0.012697154197805594,0.2329976556545552,0.22127430202361564,6756337927.849959,0.36652283919874684,0.8916117824007697,-0.05521301937718226,-0.05521301937718226,-0.05521301937718226,0.014924491753314173,-0.1331494472967713,0.6933122029880601,-0.3652631642215276,34.23285198555956,7.3405535499398304,31.588447653429604,62.936221419975936,0.0,29.80956678700361,False,True,True,False,True,True,False,False,4,1815,富喬,TPEx,121000.0
6830.TW,547.0,485,0.003669724770642091,0.03402646502835549,-0.0852842809364549,0.33252131546894037,-0.28961038961038965,2.2608554896974056,-0.011375840477024779,0.17905363884510916,-0.03596598437138587,951642590.0001465,0.4580459753838149,0.6748340457098773,-0.0852842809364549,-0.0852842809364549,-0.438974358974359,0.024990795004755817,-0.1961247194261017,0.52488560990871,-0.24129651860744294,31.71480144404332,13.598074608904934,36.943441636582435,46.32972322503009,0.0,29.7791817087846,False,True,True,False,True,True,False,False,4,6830,汎銓,TWSE,547000.0
8299.TWO,2095.0,485,-0.05417607223476295,0.055415617128463435,0.014527845036319542,-0.0210280373831776,0.22691795470875897,2.0843708852903067,0.01134443639874494,0.04207253886010354,-0.020633126445006145,6721088184.0,0.6261055081838675,0.5873923434359111,-0.08114035087719296,-0.08114035087719296,-0.2672573384248601,-0.057808033493842836,0.021537190830712077,0.46531794320237874,-0.32657657657657657,29.29001203369434,27.918170878459687,21.341756919374244,48.25511432009627,0.0,29.73616125150421,False,False,True,False,True,False,False,False,2,8299,群聯,TPEx,2095000.0
3078.TWO,45.95000076293945,485,0.016592920073907225,0.022246940668007475,-0.03870289756587997,-0.16324096451911896,-0.08141767506840458,-0.37374640277072435,0.019242510747459418,-0.036511752413702414,-0.07475028310568399,29606109.64863243,0.38042550313007917,0.8441741649531418,-0.16324096451911896,-0.16324096451911896,-0.16324096451911896,0.026268644465377217,0.01571075727382635,0.28215412551573904,-0.1613421744732677,36.750902527075816,7.9422382671480145,52.96028880866426,19.7352587244284,0.0,29.608303249097474,False,True,True,False,True,True,False,False,4,3078,僑威,TPEx,45950.00076293945
2641.TWO,17.450000762939453,485,-0.0028570992606026246,-0.0028570992606026246,-0.025139601406749534,-0.0332409140987201,-0.0011478993027882467,-0.18317102093868287,-0.012170919534932434,-0.007959023920029562,-0.01111255077651907,23576599.68186655,0.5329107515448189,0.2981039448834564,-0.07915566963635967,-0.07915566963635967,-0.10128342389924283,0.003427801091084759,-0.014059296707176169,0.17494779874448899,-0.09192208667119328,24.506618531889288,19.374247894103487,36.11913357400722,49.21780986762936,0.0,29.57671480144404,False,True,True,False,True,True,False,False,4,2641,正德,TPEx,17450.000762939453
8210.TW,841.0,485,-0.05717488789237668,-0.047565118912797244,-0.13119834710743805,-0.296234309623431,-0.055576715700705104,0.42137277171395837,-0.0616980921566439,-0.1629619799615155,-0.26594029526689167,1145066004.95,1.5459341069951986,0.8018955296606112,-0.3190283400809717,-0.3190283400809717,-0.45338847365796986,-0.024375301115517167,-0.03245357723296105,0.3365698784005272,-0.32307692307692304,3.2490974729241873,78.09867629362213,19.01925391095066,2.7677496991576414,0.0,29.574308062575206,True,False,True,False,True,False,False,False,3,8210,勤誠,TWSE,841000.0
2603.TW,240.0,485,-0.012345679012345734,0.004184100418409997,0.023454157782516027,0.22448979591836737,0.2938874941171563,0.4102315813030699,0.010101010101010166,0.0771589931555523,0.14972645383136474,1867488116.5,0.5634451194887895,0.4502722544238632,-0.045725646123260466,-0.045725646123260466,-0.045725646123260466,-0.01820921845797474,-0.0513757741902731,0.22806386414730773,-0.08946322067594437,26.54031287605295,22.021660649819495,19.133574007220215,68.1107099879663,0.0,29.568592057761734,False,True,True,True,True,False,False,False,4,2603,長榮,TWSE,240000.0
5439.TWO,253.0,485,0.0,0.03901437371663241,-0.061224489795918324,-0.2298616198472525,-0.27591993662566605,-0.14793198135961427,0.0033710093198493496,0.01349660139057085,-0.1661381722579166,327611178.2,0.5705386102217131,0.45233310974102126,-0.2298616198472525,-0.2298616198472525,-0.41040366807925166,0.015306122448979581,0.01539605015316585,0.3441861880478081,-0.41364871055489694,32.166064981949454,23.104693140794225,46.347773766546325,9.265944645006016,0.0,29.558062575210585,False,True,True,False,True,True,False,False,4,5439,高技,TPEx,253000.0
2453.TW,53.5,485,-0.0018656432270118817,-0.03254971540495499,0.022944565591678234,-0.007421178377645443,0.04608214017781598,-0.07889985285730305,0.0017788682441339798,0.016401752496234323,0.006834579245531991,25327238.5872797,0.35815615002429707,2.69527202315942,-0.036036036036036,-0.036036036036036,-0.11926109564473741,-0.00760178462493144,0.02541829171756005,0.2704338722842658,-0.07522932980038699,25.445246690734056,6.859205776173286,35.42117930204572,73.16486161251504,0.0,29.52135980746089,False,True,True,True,True,False,False,False,4,2453,凌群,TWSE,53500.0
2049.TW,332.5,485,0.02782071097372496,0.003016591251885359,-0.05539772727272729,-0.022058823529411797,0.33776637722795355,0.5483407047026718,-0.025069637883008422,-0.024759856280399895,-0.018727800233409253,1181392794.625,0.4014866454011863,0.5459231983015476,-0.14082687338501287,-0.14082687338501287,-0.1832927991592579,0.041670142791906783,-0.048044786096256696,0.5247017774632791,-0.1640826873385013,34.5367027677497,9.265944645006016,50.55956678700361,24.6690734055355,0.0,29.481046931407942,False,True,True,False,True,True,False,False,4,2049,上銀,TWSE,332500.0
5475.TWO,180.5,485,0.019774011299435124,-0.008241758241758212,-0.050000000000000044,-0.1545667447306791,-0.37217391304347824,2.386491605697712,-0.003863134657836609,0.08937283106171101,-0.21553004237441598,847924269.65,0.43858213696578685,0.5663113958202921,-0.1545667447306791,-0.1545667447306791,-0.5487500000000001,0.032274011299435135,0.0015222482435596554,0.5367499330728718,-0.47532467532467537,30.114320096269555,12.394705174488568,53.71239470517449,21.90132370637786,0.0,29.46600481347774,False,True,True,False,True,True,False,False,4,5475,德宏,TPEx,180500.0
1909.TW,10.100000381469727,485,0.0,-0.004926033393071849,-0.11013215488880324,-0.07339442798699991,0.024340845146982426,0.0100000381469727,-0.02720920779925473,-0.03097362976988216,0.016113653096609948,20338468.463669587,0.5988354091905752,0.4125501393620868,-0.11790388212085512,-0.11790388212085512,-0.11790388212085512,0.02753303872220081,-0.08566734555980327,0.17800146725778399,-0.12227071107873888,21.401925391095066,25.992779783393498,41.27557160048135,32.851985559566785,0.0,29.465102286401923,False,True,True,False,True,True,False,False,4,1909,榮成,TWSE,10100.000381469727
2606.TW,75.9000015258789,485,-0.010430188451025946,-0.0013157693963301575,0.010652504234517135,0.2047619289822049,0.304777615254898,0.399293360274509,-0.009396995483268,0.08459562468558413,0.14685956542344836,327083504.7469368,0.5569672232274389,0.4240265877590068,-0.04767873987286386,-0.04767873987286386,-0.04767873987286386,-0.01309331450965523,-0.057601472092884506,0.31052985483350143,-0.07904636968122536,25.084235860409144,21.660649819494584,20.842358604091455,67.26835138387484,0.0,29.324308062575206,False,True,True,True,True,False,False,False,4,2606,裕民,TWSE,75900.0015258789
6781.TW,1025.0,485,0.009852216748768461,0.01990049751243772,-0.08071748878923768,-0.10550660776526533,0.05581034242227423,-0.14931847612432547,-0.0017530190884300634,-0.01823058012196288,-0.059314233031117825,285324535.85,0.4962039398492439,0.3376497917104073,-0.14225941422594146,-0.14225941422594146,-0.21054177943063068,0.03003158894607788,-0.04554861953414924,0.3465983061862816,-0.25486725663716814,31.81107099879663,15.884476534296029,45.30685920577618,24.428399518652228,0.0,29.299638989169676,False,True,True,False,True,True,False,False,4,6781,AES-KY,TWSE,1025000.0
2886.TW,48.849998474121094,485,-0.02300003051757815,-0.04027510786449651,-0.0030612556301817806,0.0827098068608838,0.2893337783570469,0.22838344124678045,-0.030753994861307588,0.011306177508414228,0.10241629717917777,1206679828.3884902,0.735743243881845,0.6942204768923994,-0.06952383858816968,-0.06952383858816968,-0.06952383858816968,-0.022234716610032706,-0.03063119125047638,0.24480168273537825,-0.10435036033362133,14.464500601684719,38.98916967509025,20.300842358604093,54.03128760529483,0.0,29.21600481347774,False,True,True,False,True,False,False,False,3,2886,兆豐金,TWSE,48849.998474121094
9941.TW,76.69999694824219,485,-0.037641155770033796,-0.050742647879472136,-0.07142859122118994,0.018198129911231486,0.09818985648036227,-0.15411224639704202,-0.040110172638670116,-0.02402331250981271,0.012961709033915136,71867404.1706833,0.8729118461468923,0.6072077730275524,-0.07142859122118994,-0.07142859122118994,-0.07142859122118994,-0.01978400796473631,-0.07749463452493377,0.13298976872549653,-0.07142859122118994,6.456077015643803,51.26353790613718,16.317689530685918,52.105896510228646,0.0,29.21119133574007,False,True,True,False,True,False,False,False,3,9941,裕融,TWSE,76699.99694824219
3605.TW,170.5,485,-0.05277777777777781,0.21785714285714275,0.34251968503937014,0.9047288512719827,1.6324109005142957,1.3245885432876259,0.15573631587866466,0.44971433968788666,0.7501359972889616,3087063231.775,0.6723153927519906,1.47349152578049,-0.07084468664850141,-0.07084468664850141,-0.07084468664850141,-0.13840769903762035,0.0409434012820426,0.8304912054915514,-0.17803030303030298,51.504211793020445,33.2129963898917,20.487364620938628,52.58724428399518,9.309121745457695,29.11596850724988,False,False,False,False,True,False,False,False,1,3605,宏致,TWSE,170500.0
1712.TW,39.79999923706055,485,-0.003754731489718943,0.00505052451126109,-0.030450670480682507,0.011435852106459476,-0.07117851448472212,-0.015551490694411862,-0.007419430425429918,0.0036354280602091116,-0.007151194168874664,21212535.45003147,0.3431374482400018,0.3945904730798381,-0.030450670480682507,-0.030450670480682507,-0.07117851448472212,0.0038579361304516835,-0.03426262118283566,0.10539666654829045,-0.03620476380927584,25.318892900120336,5.776173285198556,32.647412755716005,76.53429602888086,0.0,28.970517448856796,False,True,True,True,True,True,False,False,5,1712,興農,TWSE,39799.99923706055
3003.TW,60.0,485,0.02389081164391449,0.036269402742286294,-0.11764705882352944,-0.08369901156771276,0.13430560792066193,0.18496392591624922,0.009676062263357155,-0.02886122676101832,-0.014901904840637248,37105727.962916754,0.3445015441340095,0.46286571620703193,-0.16782245118166206,-0.16782245118166206,-0.16782245118166206,0.05330257634979685,-0.08974738830095852,0.42762003559398815,-0.21497920011140392,38.056558363417565,6.016847172081829,51.510228640192544,18.65222623345367,0.0,28.897412755716008,False,True,True,False,True,True,False,False,4,3003,健和興,TWSE,60000.0
2897.TW,10.699999809265137,485,-0.03603608634755984,-0.040358728669127375,0.0,0.06202971417450587,0.08768253967022943,0.2439242937448467,-0.02683039732400816,0.024642635585082173,0.05984975920297564,63633457.177392624,0.6938271575351799,1.474324373620713,-0.048888905843098907,-0.048888905843098907,-0.048888905843098907,-0.03603608634755984,-0.020676571391501957,0.18982219384755739,-0.048888905843098907,12.647412755716006,35.13838748495788,18.18892900120337,66.54632972322503,0.0,28.864921780986762,False,True,True,True,True,False,False,False,4,2897,王道銀行,TWSE,10699.999809265137
2427.TW,23.399999618530273,485,-0.004255335381690539,-0.010570824694818182,0.05643340954978049,-0.05546437409845073,0.08706688431032261,-0.11601149470342098,0.015955711649857873,0.02714927016780244,0.05811151810620596,26230558.961517144,0.3983354910128398,2.918069986659611,-0.06461681494662597,-0.06461681494662597,-0.09445085992683033,-0.01836368776913566,0.07492153424926407,0.314632918553527,-0.15116275789516542,29.512635379061372,9.025270758122744,35.270758122743686,56.55836341756919,0.0,28.862815884476532,False,True,True,False,True,False,False,False,3,2427,三商電,TWSE,23399.999618530273
6218.TWO,64.4000015258789,485,0.050571000446997916,0.19038823183488351,0.4787601068675851,0.8802920153541287,0.67708330642846,2.2607595709305777,0.18633143054064139,0.5260663972154029,0.6197013822745592,294622445.84594935,0.2666518416544567,4.175190655165487,-0.04874439543750919,-0.04874439543750919,-0.04874439543750919,-0.06911902626989835,0.18532943508287553,0.8238346111365765,-0.22576365372803808,78.69434416365826,2.166064981949458,33.182912154031285,66.66666666666666,13.710983970677407,28.84286681151273,False,True,False,True,True,False,False,False,3,6218,豪勉,TPEx,64400.001525878906
8454.TW,239.0,485,-0.02249488752556239,-0.016460905349794275,-0.016460905349794275,-0.11808118081180807,0.35422718304891987,0.010074365691310483,-0.010659215564524427,-0.04831430846827711,-0.035412049382434696,81681003.575,0.8102843551956165,0.6509465791759329,-0.15696649029982368,-0.15696649029982368,-0.45620022753128553,-0.01837966118811382,0.022899488254141752,0.27571889925596144,-0.17460317460317465,15.716004813477737,44.765342960288805,29.843561973525873,21.41997593261131,0.0,28.818291215403125,False,True,True,False,True,False,False,False,3,8454,富邦媒,TWSE,239000.0
4953.TWO,117.5,485,0.004273504273504258,-0.02892561983471076,-0.04471544715447151,-0.06374501992031878,0.0518400521461595,0.12421436730859936,-0.01115085209341471,-0.03852710535288095,-0.03371041460362478,30028275.225,0.5302858503931343,1.3717862769736267,-0.09615384615384615,-0.09615384615384615,-0.14308135857428306,0.015452366062122136,-0.023467107181031916,0.23540890491825409,-0.10384615384615381,22.16606498194946,19.253910950661854,40.4332129963899,41.75691937424789,0.0,28.79783393501805,False,True,True,False,True,True,False,False,4,4953,緯致,TPEx,117500.0
1590.TW,1180.0,485,-0.04065040650406504,-0.048387096774193505,-0.15412186379928317,-0.10386955558824917,0.10072646470921942,0.623288695480303,-0.06958407254090282,-0.1352819476673479,-0.12941831964020578,994425086.5,1.2238527971686524,1.112083525160258,-0.2601880877742947,-0.2601880877742947,-0.2601880877742947,-0.0021199405542442484,-0.1194986786032001,0.2254659717323788,-0.2601880877742947,4.217809867629362,69.4344163658243,22.900120336943445,6.016847172081829,0.0,28.723225030084233,False,True,True,False,True,False,False,False,3,1590,亞德客-KY,TWSE,1180000.0
6409.TW,886.0,485,0.003397508493771184,0.006818181818181834,-0.11840796019900501,-0.19307679915915854,0.28297416326469294,-0.036761807199663044,-0.018228156684580887,-0.08312107465293528,-0.005953340953235742,274488040.05,0.5863485149609734,0.6267642635729018,-0.19307679915915854,-0.19307679915915854,-0.2869050654208821,0.03299949854352244,-0.054049027145952167,0.3406205278485662,-0.19154929577464785,25.042117930204572,24.789410348977135,45.938628158844764,15.042117930204574,0.0,28.69043321299639,False,True,True,False,True,True,False,False,4,6409,旭隼,TWSE,886000.0
2637.TW,98.80000305175781,485,-0.01691539251982277,-0.03609753120236281,0.025960539156539175,0.23500003814697257,0.4647901693942107,0.7532717350952636,-0.008430323944174312,0.08497907459433995,0.20531677789805536,345876983.6945683,0.5929745666583177,0.4663805021210971,-0.03609753120236281,-0.03609753120236281,-0.03609753120236281,-0.023405527308957563,-0.052372806892451676,0.40160461678873793,-0.10588238286037066,19.26594464500602,25.511432009626954,17.093862815884478,73.04452466907341,0.0,28.66335740072202,False,True,True,True,True,False,False,False,4,2637,慧洋-KY,TWSE,98800.00305175781
1536.TW,46.650001525878906,485,0.007559444807467841,0.008648681640625044,-0.05852669537505484,-0.06699996948242193,-0.06042295886811444,-0.3016467156485956,-0.011914185313658288,-0.057115393216979005,-0.07013825111135052,44454602.87466411,0.5484075743244926,0.7720674506053097,-0.16844914804412103,-0.16844914804412103,-0.1743362561791344,0.02219111865123155,-0.036193372214247524,0.1639069543413111,-0.1978609407492501,29.332129963898918,20.938628158844764,42.966305655836344,18.4115523465704,0.0,28.584536702767753,False,True,True,False,True,True,False,False,4,1536,和大,TWSE,46650.001525878906
5392.TWO,40.04999923706055,485,0.013924031317988472,0.010088214269564855,-0.10702339800145577,-0.14710459096530315,0.13326704984581594,-0.17704573626846698,-0.009888775075109546,-0.050775244092816085,-0.047013353124897295,30672201.170898438,0.43707014883802764,0.2828938889486062,-0.150636201688232,-0.150636201688232,-0.16870781479186747,0.040679880818352415,-0.057988534346354724,0.22401239073678625,-0.25782089089195415,30.565583634175695,12.274368231046932,48.916967509025284,22.743682310469314,0.0,28.492779783393505,False,True,True,False,True,True,False,False,4,5392,能率,TPEx,40049.99923706055
4967.TW,273.0,485,0.003676470588235281,-0.0072727272727273196,-0.017985611510791366,0.2095885601562708,0.2839823146537941,2.219266518748541,-0.00591715976331364,0.07194392951495043,0.05783256241665047,697894158.975,0.321668450964303,0.4831642725164089,-0.030195381882770822,-0.030195381882770822,-0.07443638187254986,0.008172873465933123,-0.08784846489621496,0.2569607658136229,-0.10515019993913965,27.190132370637784,4.332129963898916,29.80746089049338,76.89530685920577,0.0,28.442839951865224,False,True,True,True,True,True,False,False,5,4967,十銓,TWSE,273000.0
6451.TW,429.0,485,0.03125,0.019002375296912177,-0.14200000000000002,-0.18245044008476596,-0.09639253082331256,1.7079718844247047,0.008818342151675429,-0.0042842095640101,-0.10757320662352199,1338641240.65,0.28088929282895125,0.6385629205271,-0.18245044008476596,-0.18245044008476596,-0.4071635950868894,0.06675,-0.08118318663841137,0.596023821822843,-0.37806898519219734,36.84115523465704,2.7677496991576414,56.43200962695548,16.004813477737663,0.0,28.39139590854392,False,True,True,False,True,True,False,False,4,6451,訊芯-KY,TWSE,429000.0
5608.TW,17.149999618530273,485,-0.0029070431506559302,0.030030030718050993,0.03939391627456201,0.16271183854442528,0.05864190190435803,-0.0171920419078907,0.009417284110446511,0.10431420347163889,0.1254511377963281,62475783.18100357,0.4204425445954835,0.23312051697174188,-0.08533335367838546,-0.08533335367838546,-0.08533335367838546,-0.012755522219296433,-0.014843363240246411,0.2861841379813311,-0.13066670735677088,37.53910950661853,10.95066185318893,27.30445246690734,46.20938628158845,0.0,28.30445246690734,False,True,True,False,True,False,False,False,3,5608,四維航,TWSE,17149.999618530273
2880.TW,44.849998474121094,485,-0.020742375082197118,-0.05279831215551911,0.04302322032839756,0.1782072370234098,0.37573034596631616,0.599139465883443,-0.01768606282564744,0.07300473578091848,0.19436715898199064,627100842.1408161,0.6519947521276304,0.48819199167648386,-0.06367438318577068,-0.06367438318577068,-0.06367438318577068,-0.03149818016429651,-0.01637919201273904,0.20862451078929042,-0.08862201662707814,18.194945848375454,30.9265944645006,19.488567990373042,57.28038507821901,0.0,28.200661853188926,False,True,True,False,True,False,False,False,3,2880,華南金,TWSE,44849.998474121094
3209.TW,46.099998474121094,485,0.007650239871499265,0.01653803804266918,-0.029473716334292743,-0.11807386794123065,0.11360211573416024,0.6142775917433905,0.010632447461628614,-0.05559047178120036,-0.1293294574033802,39795379.02824478,0.46158042156832363,0.3537501365966165,-0.16341334974823496,-0.16341334974823496,-0.3802681503097316,0.01501866895507245,0.009884239646117475,0.2078115134001346,-0.19698567247411647,32.683513838748496,13.838748495788206,45.222623345367026,19.374247894103487,0.0,28.16847172081829,False,True,True,False,True,True,False,False,4,3209,全科,TWSE,46099.998474121094
4127.TWO,45.599998474121094,485,-0.08064516377126518,-0.23745820976765364,-0.3476395210486696,-0.42641511353306805,0.2666666242811415,0.3255812921931558,-0.19978944022371525,-0.3716844881242167,-0.2902908085093656,20156089.13906727,1.2892673197093738,1.1453441824049957,-0.5059588627689362,-0.5059588627689362,-0.5059588627689362,0.006264716490902211,-0.20550114987098023,0.5772056897403526,-0.5059588627689362,0.6979542719614923,70.99879663056558,26.058965102286404,0.36101083032490977,0.0,28.07791817087846,False,False,True,False,True,True,False,False,3,4127,天良,TPEx,45599.998474121094
3441.TWO,211.0,485,0.18873239436619715,0.13440860215053774,0.5125448028673836,2.0447329106524177,5.656420400958936,5.350718618686956,0.24465418079929213,0.8252331986072377,1.4739941639743699,2473994650.1,0.45094825832132307,0.9052073742519836,0.041975308641975406,0.041975308641975406,0.041975308641975406,0.06059619364935126,-0.16903283401675562,0.9133106693970422,-0.14266489708532493,88.56799037304452,13.116726835138387,51.40192539109506,97.352587244284,30.0,27.958784596871233,False,True,False,True,True,True,True,False,5,3441,聯一光,TPEx,211000.0
8464.TW,361.0,485,-0.03604806408544725,-0.03475935828877008,-0.03087248322147651,0.0055710306406684396,-0.024324324324324298,-0.1747241638405742,-0.026757430747455735,-0.02756577175181829,0.011169076713000381,123375597.15,0.8256916566043795,0.7463550970496171,-0.09296482412060303,-0.09296482412060303,-0.09296482412060303,-0.028329943280078124,-0.032729493435032654,0.24055283682894357,-0.09422110552763818,9.909747292418771,46.450060168471715,17.95427196149218,43.32129963898917,0.0,27.894705174488568,False,True,True,False,True,False,False,False,3,8464,億豐,TWSE,361000.0
6215.TW,97.80000305175781,485,0.005138745984766713,0.005138745984766713,-0.02199996948242189,-0.1487897811548009,-0.022372382712792627,-0.17716341322651497,0.0021518934433055747,-0.0061784844192466215,-0.0743634484339738,46994307.84997787,0.45204720470018733,0.3861747089744089,-0.1487897811548009,-0.1487897811548009,-0.2685896849961412,0.010638738355372185,0.02759662423584508,0.23666282434508432,-0.2865977707889704,30.240673886883275,13.237063778580024,45.33694344163658,23.345367027677497,0.0,27.87936221419976,False,True,True,False,True,True,False,False,4,6215,和椿,TWSE,97800.00305175781
2801.TW,27.600000381469727,485,-0.008976660559270266,-0.04498267315640403,0.07392994405160325,0.22349408801115467,0.38257734674423305,0.5111891090068459,-0.005763679800977695,0.10705006606508127,0.2172195987584522,858552842.486728,0.5511092803934684,1.7068092818890175,-0.0675675666967912,-0.0675675666967912,-0.0675675666967912,-0.027459146572171078,-0.0005680852854483137,0.3102253297258108,-0.07094595791912128,24.458483754512635,21.058965102286404,23.658243080625752,55.23465703971119,0.0,27.854993983152823,False,True,True,False,True,False,False,False,3,2801,彰銀,TWSE,27600.000381469727
3362.TWO,175.5,485,0.032352941176470695,-0.008474576271186418,-0.16428571428571426,0.044642857142857206,0.6635071090047393,0.5530973451327434,-0.021466406467800403,-0.014460199354204617,0.10726720970724402,561866169.025,0.3632940364806794,0.5649858873965475,-0.16428571428571426,-0.16428571428571426,-0.16824644549763035,0.07342436974789926,-0.17916666666666667,0.5838622631234249,-0.2122015915119363,30.691937424789412,7.099879663056559,54.63297232250301,19.01323706377858,0.0,27.847773766546325,False,True,True,False,True,True,False,False,4,3362,先進光,TPEx,175500.0
6683.TWO,1490.0,485,-0.04180064308681675,-0.0658307210031348,0.020547945205479534,-0.10510510510510507,-0.19050094969280884,2.820339732892523,0.006586725215335321,0.13170287103144473,-0.046887592079074336,2134836530.0,0.8154467434156681,2.25288849131849,-0.13623188405797104,-0.13623188405797104,-0.41615079148693546,-0.04693762938818663,0.05558298024051456,0.7659700708532201,-0.511304347826087,12.767749699157644,44.88567990373045,26.28760529482551,26.353790613718413,0.0,27.820998796630565,False,True,True,False,True,False,False,False,3,6683,雍智科技,TPEx,1490000.0
2515.TW,11.899999618530273,485,-0.004184116446269481,0.008474527642289953,-0.016528988151582213,-0.11998660591276455,-0.060436812917273874,0.17185248433905476,-0.003558740459139176,-0.014600901193248528,-0.03416127116040857,55698682.929852724,0.49994977712045685,0.8580526322767056,-0.11998660591276455,-0.11998660591276455,-0.1261405539200039,-5.186940837392795e-05,0.023466547152672636,0.17693243225249247,-0.11988017717224986,27.220216606498195,16.60649819494585,39.59085439229843,31.64861612515042,0.0,27.79302045728038,False,True,True,False,True,False,False,False,3,2515,中工,TWSE,11899.999618530273
4736.TW,129.5,485,-0.018939393939393923,-0.0038461538461538325,0.02777777777777768,0.17940364942151366,0.18883877949102268,0.24355524511531002,0.0025159667118248574,0.07103456543089082,0.12814940904702654,24230612.0,0.47610416415650814,0.38932200963885266,-0.029962546816479363,-0.029962546816479363,-0.029962546816479363,-0.025883838383838342,-0.032023438696060204,0.15778346437189467,-0.058419234061070635,23.32731648616125,15.042117930204574,18.71239470517449,77.13598074608905,0.0,27.759326113116728,False,True,True,True,True,False,False,False,4,4736,泰博,TWSE,129500.0
1312.TW,14.75,485,0.010273946206238005,-0.0033783912223301904,-0.032786885245901676,0.08058611078468036,0.09259259259259256,0.5741729114354102,0.010273969303176811,0.10902255374023473,0.1342300367318705,262904757.76427323,0.24685783362258865,0.6323072730890744,-0.057507964247145105,-0.057507964247145105,-0.057507964247145105,0.018470667517713424,-0.05964892217412847,0.38510251288406183,-0.21863800949367418,29.094464500601685,1.083032490974729,37.99638989169675,61.371841155234655,0.0,27.75812274368231,False,True,True,False,True,True,False,False,4,1312,國喬,TWSE,14750.0
6811.TWO,240.0,485,-0.03420523138832998,-0.024390243902439046,0.069042316258352,0.07623318385650224,0.35348528501761867,0.02129111839488762,0.0033444816053511683,0.034371296196530565,0.09728108565294669,98625668.175,0.6645950058196282,3.7680016628402444,-0.09943714821763605,-0.09943714821763605,-0.09943714821763605,-0.05146581045291798,0.04363125497285125,0.5051046172461422,-0.12627291242362526,19.6028880866426,32.250300842358605,24.44645006016847,40.43321299638989,0.0,27.732551143200965,False,True,True,False,True,False,False,False,3,6811,宏碁資訊,TPEx,240000.0
1528.TW,24.75,485,-0.035087704947959875,-0.008016062397742774,0.27906974222602665,0.08552635211363513,-0.09506399799655174,0.5325370974605321,0.06268785060276194,0.19830543035801695,0.056056326441760174,266318982.4529167,0.5042236167553672,17.10730167561134,-0.08502770062593468,-0.08502770062593468,-0.19381109495352844,-0.10485514050446654,0.2505609581881483,0.8056906355496565,-0.2787611078792148,27.36462093862816,17.087845968712394,33.59205776173285,46.57039711191336,1.0174409779109328,27.70187310151145,False,True,True,False,True,False,False,False,3,1528,恩德,TWSE,24750.0
4976.TW,36.29999923706055,485,0.029787212398880714,0.0,-0.12635379293382176,-0.01224491871944089,0.2692307256254354,-0.20915036970980871,-0.00013774624334406127,-0.003272109969324144,0.04230472332022783,63934389.10007858,0.18647644332724125,0.43874613281709124,-0.12635379293382176,-0.12635379293382176,-0.1731207750491348,0.061375660632336154,-0.1222721533606748,0.44397224783523986,-0.19451694527403318,32.05776173285198,0.36101083032490977,52.80986762936222,30.324909747292416,0.0,27.476835138387486,False,True,True,False,True,True,False,False,4,4976,佳凌,TWSE,36299.99923706055
6689.TW,64.80000305175781,485,0.01250004768371582,-0.0328357753468983,0.04012847263744557,0.0545551819765262,-0.07617479689033979,-0.11866353015399977,0.008481869918931073,0.04694133880438467,0.014842813641546382,62757435.06793728,0.24475079125038773,9.494249658295177,-0.08085102054244242,-0.08085102054244242,-0.0973122253651657,0.0024679295243544286,0.0219434119786035,0.5058025810360607,-0.11374867583557913,32.400722021660656,0.9626955475330927,40.70397111913358,48.49578820697955,0.0,27.45938628158845,False,True,True,False,True,True,False,False,4,6689,伊雲谷,TWSE,64800.00305175781
3029.TW,118.0,485,-0.00421940928270037,-0.012552301255230103,0.04888888888888898,0.14009661835748788,0.21900822603184,0.010358290068181564,0.011789924973204746,0.06935717688747278,0.12217969045068089,444710060.9,0.3906442756708574,3.459328861365918,-0.05600000000000005,-0.05600000000000005,-0.05600000000000005,-0.016441631504922616,0.0021900161030596887,0.41821903211070066,-0.07196258830132884,28.832731648616125,8.543922984356197,27.87003610108303,61.8531889290012,0.0,27.458483754512635,False,True,True,False,True,False,False,False,3,3029,零壹,TWSE,118000.0
6870.TWO,312.0,485,-0.05022831050228316,-0.012658227848101222,0.06849315068493156,0.1831388055404084,0.8738360940340346,0.6086295264466173,0.007589213628290015,0.12555165621181819,0.27082602640009146,61266482.525,0.642715994882508,3.150701828383097,-0.07280832095096579,-0.07280832095096579,-0.07280832095096579,-0.06735159817351605,0.0074468821714620895,0.6377926081466393,-0.24917344761404125,20.1323706377858,29.96389891696751,18.36341756919374,51.624548736462096,0.0,27.363417569193743,False,False,True,False,True,False,False,False,2,6870,騰雲,TPEx,312000.0
3491.TWO,1485.0,485,-0.051118210862619806,0.03125,0.02768166089965396,0.17543978309895625,-0.16369270062515162,2.447594773735935,0.007633587786259444,0.11666307537350473,-0.0066202750163488755,1959357872.0,0.5386698346858066,0.7667298374069417,-0.051118210862619806,-0.051118210862619806,-0.32145062775098443,-0.058038626087533296,-0.03079826679999812,0.606413661687172,-0.3152373140717746,26.444043321299638,19.614921780986762,13.219013237063779,65.34296028880865,0.0,26.923886883273163,False,False,True,False,True,False,False,False,2,3491,昇達科,TPEx,1485000.0
2892.TW,38.54999923706055,485,-0.032622315855414086,-0.03625001907348635,0.06344825481546335,0.17417308624730454,0.40735673582231646,0.36188094841182306,-0.008296364331211836,0.09084749298101369,0.20303292622336278,1075413742.6266234,0.5688543187081156,0.6659861353416267,-0.05398774878379031,-0.05398774878379031,-0.05398774878379031,-0.04848437955927992,0.005390559399695162,0.21049261814111778,-0.07582863329385281,18.628158844765345,22.382671480144403,20.03610108303249,63.898916967509024,0.0,26.8971119133574,False,True,True,False,True,False,False,False,3,2892,第一金,TWSE,38549.99923706055
1503.TW,197.0,485,0.0025445292620864812,0.007672634271099765,-0.043689320388349495,-0.10523294826154939,0.04815571616075642,0.10256812294633688,-0.013026052104208374,-0.016392188674480446,-0.03733605894170988,197539883.55,0.38698724171591514,0.5748505921029075,-0.10523294826154939,-0.10523294826154939,-0.24712696764345565,0.013466859359173855,-0.00861167096783303,0.2155854678309957,-0.15381042515122534,27.767749699157648,8.182912154031289,41.53429602888087,38.02647412755716,0.0,26.872743682310468,False,True,True,False,True,True,False,False,4,1503,士電,TWSE,197000.0
1810.TW,23.950000762939453,485,0.004192888044874943,0.019148968635721353,-0.02839751993604922,-0.020449897112391313,0.4060266323995654,0.1825749599810662,0.0027213995839105998,-0.0570865841362419,0.0672869544283512,36192578.57970514,0.5703110947052838,0.1946005361239425,-0.2986822930362062,-0.2986822930362062,-0.2986822930362062,0.011292268028887248,-0.021580887565252116,0.20517126591911197,-0.31332358081539124,32.509025270758116,22.984356197352586,38.194945848375454,3.850782190132371,0.0,26.77436823104693,False,True,True,False,True,True,False,False,4,1810,和成,TWSE,23950.000762939453
7740.TW,102.0,477,-0.08520179372197312,-0.1673469387755102,-0.2183908045977011,-0.19477936052587042,-0.32510407890359616,-0.47406758464799936,-0.15000000000000002,-0.2410880763680796,-0.2784379739620948,21060183.15,1.645950240986712,0.7723855520412027,-0.423728813559322,-0.423728813559322,-0.423728813559322,-0.030604092572547842,-0.15346435108907763,0.44625058681773455,-0.423728813559322,0.7099879663056559,79.78339350180505,9.855595667870036,1.083032490974729,0.0,26.774368231046928,True,False,True,False,True,False,False,False,3,7740,熙特爾-創,TWSE,102000.0
2489.TW,41.150001525878906,485,0.002436109395297592,-0.0024242054332386243,-0.02603546684310276,0.06468305048645528,-0.11476273520520675,2.152638869597918,0.011305017907959902,0.14107455665621793,0.037220393319756795,1210203910.9450924,0.3659040774147505,0.7542240779853987,-0.06795016752698235,-0.06795016752698235,-0.25264036826938363,0.008944976106073282,-0.047596483671921194,0.6027103047761361,-0.3619791920193357,26.654632972322503,7.2202166064981945,33.435619735258726,54.75330926594465,0.0,26.73435619735259,False,True,True,False,True,True,False,False,4,2489,瑞軒,TWSE,41150.001525878906
2491.TW,41.45000076293945,485,0.03237856009102824,0.02219485925554232,-0.17099998474121092,0.08792657278172333,1.7633333841959637,2.11654136605311,0.01419136463044035,0.11845657924819353,0.30262281763872245,53544973.17194195,0.285103053021789,0.6419951090408946,-0.2650709283417254,-0.2650709283417254,-0.2650709283417254,0.07512855627633097,-0.2003088423351187,0.5429674135525537,-0.3956344148337906,37.58724428399518,2.888086642599278,54.92779783393502,5.6558363417569195,0.0,26.72292418772563,False,True,True,False,True,True,False,False,4,2491,吉祥全,TWSE,41450.00076293945
6472.TW,420.5,485,-0.03555045871559637,0.020631067961164984,-0.004733727810650845,0.023088450695942786,0.023088450695942786,-0.3796791443850267,0.0061613925943651005,0.014846356370561198,0.04611925258148952,229232939.95,0.6438396941604069,0.45808823473623433,-0.10531914893617023,-0.10531914893617023,-0.10531914893617023,-0.034367026762933656,-0.012429878042631775,0.3815293613628072,-0.1510638297872341,22.737665463297233,30.20457280385078,20.222623345367026,37.90613718411552,0.0,26.624247894103487,False,True,True,False,True,False,False,False,3,6472,保瑞,TWSE,420500.0
4590.TW,88.5999984741211,461,-0.012263082625920352,0.004535164849423179,-0.013363079475009365,-0.006726525478969014,0.16968500939133957,-0.056235480441454766,-0.01143654975358277,0.008747777871339846,0.08885222510947988,21617810.7191597,0.44347729548246356,0.46606892142575856,-0.06736843711451479,-0.06736843711451479,-0.06736843711451479,-0.00892231275716801,-0.011120904315353028,0.2631952165774915,-0.1842105263157895,23.104693140794225,12.755716004813477,29.86161251504212,55.35499398315282,0.0,26.526774969915763,False,True,True,False,True,False,False,False,3,4590,富田-創,TWSE,88599.9984741211
4585.TW,293.5,485,-0.005084745762711895,-0.00339558573853993,-0.00339558573853993,-0.07704402515723274,-0.01227461441882316,-0.5400903502165983,-0.005674599813669912,-0.018586117535597912,-0.06024215490976437,58841942.625,0.4031868917465911,0.6941217830669876,-0.09413580246913578,-0.09413580246913578,-0.20995962314939431,-0.004235849328076913,0.022285755980537652,0.20446581519608012,-0.16666666666666663,25.48134777376655,9.50661853188929,36.83513838748496,42.59927797833935,0.0,26.095066185318892,False,True,True,False,True,False,False,False,3,4585,達明,TWSE,293500.0
6143.TWO,80.9000015258789,485,-0.0036945250448039424,-0.0193939208984375,-0.08690741626244225,-0.22211536994347203,-0.10607733120575791,-0.3852190274891448,-0.021351220267961657,-0.09401420878712607,-0.11911220046345117,23153191.341606904,0.604386077623546,0.7091217922559343,-0.22583730597245066,-0.22583730597245066,-0.2543778661209317,0.01803232902080662,-0.012868959614618244,0.1636815952740139,-0.23253591437088816,17.803850782190132,26.955475330926593,44.46450060168472,9.626955475330927,0.0,25.987966305655835,False,True,True,False,True,True,False,False,4,6143,振曜,TPEx,80900.0015258789
3704.TW,40.54999923706055,485,0.006203474062850489,0.009962582714319934,-0.03681708535009409,-0.10584342664971991,0.11591927290776005,0.10835880418346844,0.005953832964921579,-0.058746174025852915,-0.042727578895744855,100291178.11847515,0.4287748855537336,0.791996298710796,-0.19543654743265582,-0.19543654743265582,-0.19543654743265582,0.015407745400374012,-0.0015359431335207896,0.32250881127342396,-0.2281745962665317,30.872442839951862,11.311672683513839,44.061371841155236,14.440433212996389,0.0,25.836642599277976,False,True,True,False,True,True,False,False,4,3704,合勤控,TWSE,40549.99923706055
4979.TWO,585.0,485,-0.008474576271186418,0.06946983546617913,-0.0625,0.35333023874785785,0.2645633929252904,1.8966599289468116,0.014568158168574374,0.13859743660055668,0.08126813453103798,4033066158.0,0.30870974922320993,0.673203645490465,-0.06995230524642293,-0.06995230524642293,-0.1810279122322882,0.007150423728813582,-0.18027674624928597,0.8774258049862734,-0.22742474916387956,33.13477737665463,4.0914560770156445,26.588447653429604,53.309265944645,0.0,25.811371841155236,False,True,True,False,True,True,False,False,4,4979,華星光,TPEx,585000.0
3504.TW,80.0999984741211,485,0.026923057360526803,-0.006203474062850489,-0.15058328863301162,0.07661286063629347,0.39547031959586,0.3003246827639463,-0.0125739749490541,0.03868596069709218,0.05136505068189012,152552032.93566704,0.24111677371719803,0.47601782211680677,-0.15058328863301162,-0.15058328863301162,-0.15058328863301162,0.06456887951877971,-0.17612090884510945,0.46766807303011426,-0.24083134282002183,29.74127557160048,0.842358604091456,52.490974729241884,22.86401925391095,0.0,25.727436823104693,False,True,True,False,True,True,False,False,4,3504,揚明光,TWSE,80099.9984741211
2845.TW,12.899999618530273,485,-0.033707921354374615,-0.05147064289007064,-0.0076923370361328125,0.024248944961412278,0.0770871333736618,0.10786104894959991,-0.04302673926962797,-0.005408806470568073,0.03762310238966893,154423243.4863891,0.6353803722918685,0.8628433574133042,-0.06181820956143469,-0.06181820956143469,-0.06181820956143469,-0.03178483709534141,-0.015775318689936903,0.2349205465373902,-0.06181820956143469,11.215403128760531,29.001203369434414,19.620938628158843,58.24308062575211,0.0,25.70667870036101,False,True,True,False,True,False,False,False,3,2845,遠東銀,TWSE,12899.999618530273
7610.TW,1725.0,485,-0.0547945205479452,-0.0028901734104046506,0.13486842105263164,-0.16680316255368888,2.785181215898929,18.350410994427214,-0.06453362255965289,-0.0376623869244338,0.1648374181797414,1588049520.75,0.6717832391264923,1.7829454702364207,-0.33653846153846156,-0.33653846153846156,-0.33653846153846156,-0.08851162581110311,0.1904694752371946,0.9132243916278944,-0.5788461538461538,24.109506618531892,32.97232250300842,32.4488567990373,2.286401925391095,0.0,25.579723225030083,False,False,True,False,True,False,False,False,2,7610,聯友金屬-創,TWSE,1725000.0
3176.TWO,37.54999923706055,485,-0.025940337737766717,-0.007926003940678217,0.0698005945711313,-0.001329766997064108,0.18454253417433164,0.30608692998471465,0.011924795603750038,0.05819357839694317,0.08944522020879608,24601692.576738548,0.37494685274980494,0.7833299734878001,-0.05889729821925349,-0.05889729821925349,-0.05889729821925349,-0.04339048638054954,0.07024385023681934,0.4140881123782574,-0.18586388061955073,23.784596871239472,7.821901323706378,28.351383874849574,60.048134777376646,0.0,25.577015643802646,False,True,True,False,True,False,False,False,3,3176,基亞,TPEx,37549.99923706055
3135.TW,159.0,485,0.0,-0.01851851851851849,-0.09659090909090906,-0.010158669484265803,0.46342920578160074,3.271849842376434,-0.02483900643974246,0.012648129221632054,-0.03968438477294922,98300521.35,0.4423959335219424,0.22667663729573698,-0.09659090909090906,-0.09659090909090906,-0.34833860873784095,0.024147727272727265,-0.09320468592948712,0.20119373184546602,-0.1889535737267919,19.31407942238267,12.63537906137184,38.97713598074609,41.51624548736462,0.0,25.55655836341757,False,True,True,False,True,True,False,False,4,3135,凌航,TWSE,159000.0
4510.TWO,43.599998474121094,485,0.002298815497036699,0.025882317038143476,-0.048034951956052674,0.04306218349077473,0.05060237287038771,-0.07919746823327867,-0.007963621102322072,0.03160672669594322,-0.018947912993000027,64884014.50291519,0.26124010276927506,0.6816204579264987,-0.08307046953348463,-0.08307046953348463,-0.19705342381729807,0.014307553486049868,-0.06238901311964425,0.30502819244659946,-0.2253520849291335,31.167268351383875,1.5643802647412757,34.42238267148014,47.41275571600481,0.0,25.5370036101083,False,True,True,False,True,True,False,False,4,4510,高鋒,TPEx,43599.998474121094
5263.TWO,90.5,485,-0.0033039982563305426,-0.0033039982563305426,-0.07747195303092669,-0.10396039603960394,-0.04131357481821396,0.06345477817512579,-0.03430613860075982,-0.03754922813707762,-0.07295542153468804,23523550.2581295,0.5205469105464603,1.0381596738228638,-0.13397129186602874,-0.13397129186602874,-0.20264317180616742,0.01606399000140113,-0.04281848768439204,0.4128585710065166,-0.15598089044744323,21.35379061371841,18.4115523465704,38.09265944645006,27.196149217809868,0.0,25.532190132370637,False,True,True,False,True,True,False,False,4,5263,智崴,TPEx,90500.0
9938.TW,38.25,485,-0.0026075222451070745,0.009234787863586336,-0.08052881242784404,-0.11225970406850694,-0.09257591582383629,-0.25591225366908354,-0.015190524264482419,-0.07677248197740849,-0.07905267204191879,39464116.58045502,0.48506250675928675,1.0364663971164962,-0.14023474393772517,-0.14023474393772517,-0.14023474393772517,0.017524680861853936,-0.04310891107167506,0.15609156691411047,-0.1525973644576053,24.6028880866426,15.282791817087846,39.14560770156438,24.90974729241877,0.0,25.488567990373046,False,True,True,False,True,True,False,False,4,9938,百和,TWSE,38250.0
2645.TW,173.5,485,0.008720930232558155,0.017595307917888547,-0.014204545454545414,-0.24759452500338797,0.17735200750987357,-0.004542223647105437,0.004196208942266022,-0.07363737486095656,-0.015493265126934386,160759636.275,0.3569666746845309,0.24567652087512498,-0.3101391650099403,-0.3101391650099403,-0.3101391650099403,0.012272066596194509,0.06832696287991724,0.16210371370743068,-0.3240556660039762,34.777376654632974,6.738868832731648,50.20457280385078,2.888086642599278,0.0,25.439229843561975,False,True,True,False,True,True,False,False,4,2645,長榮航太,TWSE,173500.0
3693.TWO,663.0,485,-0.09426229508196726,-0.026431718061673992,0.032710280373831724,0.2936130888122619,0.08147723212272306,1.7682256008941835,-0.03430194450513435,0.17277175476486306,0.1746801548418635,1362883349.8,0.7961227904144081,1.7566957944464912,-0.09426229508196726,-0.09426229508196726,-0.09426229508196726,-0.1024398651754252,-0.06516074923025557,0.43646764131362586,-0.21676304698997895,14.163658243080627,43.682310469314075,6.919374247894105,42.35860409145607,0.0,25.437424789410343,False,False,True,False,True,False,False,False,2,3693,營邦,TPEx,663000.0
3443.TW,7900.0,485,-0.05784138342277878,0.280388978930308,0.34011874469889736,0.7954545454545454,1.8598164607013863,5.151930929183325,0.13919030967230261,0.4406637995228182,0.57418209686333,10572865452.5,0.4359680470742477,0.6922822761878797,-0.07331378299120239,-0.07331378299120239,-0.07331378299120239,-0.14287106959750312,0.07496722954738222,0.703965552912921,-0.24771689497716898,52.635379061371836,12.033694344163658,23.658243080625752,51.383874849578824,7.585974246279589,25.436889772974318,False,False,False,False,True,False,False,False,1,3443,創意,TWSE,7900000.0
2313.TW,226.0,485,0.008928571428571397,0.004444444444444473,-0.09236947791164662,0.008928571428571397,-0.18188779962925405,2.039324841455756,-0.003637165215474414,0.036103151862464156,-0.03527891892854118,4655228980.125,0.2732431995784944,0.6133248580980202,-0.10317460317460314,-0.10317460317460314,-0.23533231013740452,0.03202094090648305,-0.09534566838783709,0.4357148272941416,-0.3790322580645161,27.250300842358605,2.406738868832732,42.55716004813478,38.98916967509025,0.0,25.384777376654633,False,True,True,False,True,True,False,False,4,2313,華通,TWSE,226000.0
6690.TWO,176.0,485,-0.014005602240896309,-0.027624309392265234,0.06344410876132933,0.05705705705705699,0.0951574259555954,0.03414581138766337,0.009898149476402107,0.053314049174604694,0.06510519074453058,56349030.325,0.38784061157658634,10.377900399456712,-0.06382978723404253,-0.06382978723404253,-0.06382978723404253,-0.029866629431228642,0.04442508974231034,0.500417888771176,-0.06382978723404253,23.604091456077015,8.42358604091456,28.68231046931408,57.03971119133574,0.0,25.334837545126355,False,True,True,False,True,False,False,False,3,6690,安碁資訊,TPEx,176000.0
6547.TWO,60.79999923706055,485,0.0,0.004958665075381008,-0.011382126226657796,0.27999998393811687,0.09352519614474053,0.5710593808381748,-0.005804933154907932,0.11457377023277471,0.19310236012593096,271044875.99435866,0.4839677810732027,0.7418134764802463,-0.107195292226543,-0.107195292226543,-0.107195292226543,0.002845531556664449,-0.10471545420603008,0.5280331794195483,-0.14684288141063806,28.640192539109503,15.162454873646208,26.528279181708783,36.94344163658243,0.0,25.314380264741274,False,True,True,False,True,True,False,False,4,6547,高端疫苗,TPEx,60799.99923706055
2348.TW,70.5999984741211,485,-0.03287673323121787,0.005698027681878992,-0.007032348955422152,0.04806957861946359,0.02123037866056432,-0.23676470515459636,-0.013070538880292193,0.005726814510143452,0.05095400788812343,27928024.664144516,0.49633818040200656,0.9982590228430555,-0.04851750164669488,-0.04851750164669488,-0.04851750164669488,-0.03111864599236233,-0.023055541828576682,0.2459019592975368,-0.06883611782681354,19.37424789410349,16.004813477737663,18.38146811070999,66.78700361010831,0.0,25.22713598074609,False,True,True,True,True,False,False,False,4,2348,海悅,TWSE,70599.9984741211
3217.TWO,129.0,485,-0.007692307692307665,0.0117647058823529,-0.047970479704797064,-0.21327643658822026,-0.12250062510645487,-0.23525191615703178,-0.00731050404001532,-0.07659269863994267,-0.1628450578627657,34420680.1,0.5219041464239389,0.45638560669548484,-0.21327643658822026,-0.21327643658822026,-0.3386961083468599,0.004300312233891601,0.023121665824609686,0.18854776645240795,-0.2232415902140673,24.404332129963898,18.65222623345367,41.931407942238266,11.311672683513839,0.0,25.09657039711191,False,True,True,False,True,True,False,False,4,3217,優群,TPEx,129000.0
4583.TW,422.5,485,-0.018583042973286834,0.0011848341232227888,-0.11703239289446188,-0.3073770491803278,-0.36274509803921573,-0.37672178913001586,-0.032516601786123145,-0.13932130307094226,-0.28414602291579893,25895259.675,0.687756979862243,0.4078436906549485,-0.3073770491803278,-0.3073770491803278,-0.46040868454661554,0.010675055250328636,-0.014573376501019267,0.26067429024328437,-0.30889621087314667,15.012033694344165,34.05535499398315,39.434416365824305,3.1287605294825513,0.0,25.048134777376653,False,True,True,False,True,True,False,False,4,4583,台灣精銳,TWSE,422500.0
5289.TWO,1295.0,485,-0.007662835249042099,0.0,-0.0880281690140845,-0.11808948873142144,0.17717566566943455,2.918165583292883,-0.01182754673788633,-0.050931614828767624,-0.11422945314071464,1504617886.75,0.5803875198487669,0.46099676421057634,-0.17012771423951623,-0.17012771423951623,-0.32859577201606893,0.014344207004479026,-0.048665006103610686,0.37239605843403156,-0.2418300632074163,19.711191335740075,24.187725631768952,35.9265944645006,18.170878459687124,0.0,24.876955475330927,False,True,True,False,True,True,False,False,4,5289,宜鼎,TPEx,1295000.0
6753.TW,133.0,485,0.011406844106463865,0.0037735849056603765,-0.043165467625899234,-0.1287248505831483,0.07341101841677733,-0.1941359145279753,-0.006350392230108248,-0.037403997492149954,-0.01116154703584149,63113888.85,0.2533822023505569,0.20727858510850558,-0.1587688357507957,-0.1587688357507957,-0.1587688357507957,0.022198211012938673,-0.0002571840981831289,0.17230652537406904,-0.2288401305351515,30.246690734055353,1.203369434416366,48.772563176895304,21.058965102286404,0.0,24.7870036101083,False,True,True,False,True,True,False,False,4,6753,龍德造船,TWSE,133000.0
2851.TW,45.95000076293945,485,-0.041710114039159696,-0.008629940115423618,-0.004333710862984508,0.19817477421666396,0.548095641343548,1.0608614972316008,-0.016586401545276908,0.11185047712260698,0.23887372825500752,131964918.83967419,0.572387421170847,0.6625066583325088,-0.045690564760564545,-0.045690564760564545,-0.045690564760564545,-0.04062668632341357,-0.07039196893520583,0.27984562330577745,-0.11688311688311692,15.42719614921781,23.345367027677497,11.588447653429604,68.35138387484957,0.0,24.781588447653426,False,True,True,True,True,False,False,False,4,2851,中再保,TWSE,45950.00076293945
8084.TWO,21.799999237060547,485,-0.4068027418486926,-0.4740651668081034,-0.5415352347667424,-0.5491209943113275,-0.5486542529728773,-0.4821852725134651,-0.4400924805676457,-0.5015753188739942,-0.5158620160799331,27822967.55680399,1.7910435170905785,1.4988201658992404,-0.598526711908649,-0.598526711908649,-0.598526711908649,-0.271418933157007,-0.3584949033296332,0.7120628181410521,-0.598526711908649,0.12033694344163659,81.94945848375451,0.4873646209386282,0.24067388688327318,0.0,24.778880866425993,True,False,True,False,True,False,False,False,3,8084,巨虹,TPEx,21799.999237060547
9958.TW,91.4000015258789,485,-0.0054406963188047275,0.024663729292650816,0.012181599523209297,-0.19776970248592685,-0.08592027335147401,-0.42904331623606073,0.002357866548179599,-0.08813185823009761,-0.10749167092100864,140002458.07462463,0.4068250419879116,0.7219260406345644,-0.21206895236311285,-0.21206895236311285,-0.21434473689491496,-0.008486096199607052,0.07810483368518491,0.2712329292915909,-0.24051725453343886,33.46570397111913,9.626955475330927,40.42117930204573,11.552346570397113,0.0,24.765944645006016,False,True,True,False,True,False,False,False,3,9958,世紀鋼,TWSE,91400.0015258789
2905.TW,17.799999237060547,485,-0.0455764288930699,-0.04043126850925116,0.0,0.17989375511333705,0.2577340970490172,0.4724691262868763,-0.02944386809142774,0.04822472027469815,0.15063555842402732,28311122.54804325,0.6397567136255321,1.0577467864357644,-0.055702977355977734,-0.055702977355977734,-0.055702977355977734,-0.0455764288930699,-0.05996458503777902,0.22996384164712833,-0.055702977355977734,11.684717208182914,29.602888086642597,11.395908543922985,62.57521058965102,0.0,24.62154031287605,False,True,True,False,True,False,False,False,3,2905,三商,TWSE,17799.999237060547
2301.TW,281.5,485,-0.007054673721340388,0.016245487364620947,-0.1063492063492063,0.32755547850981537,0.8507938845617429,0.8131688672962567,-0.015045486354093862,0.08814406740155634,0.2176653178224892,4814094619.4,0.4561777680009296,0.46490888629259,-0.11338582677165354,-0.11338582677165354,-0.11338582677165354,0.01953262786596119,-0.2155343658524781,0.3480358020208425,-0.16666665510544076,23.18892900120337,13.477737665463296,33.56197352587244,34.5367027677497,0.0,24.570998796630565,False,True,True,False,True,True,False,False,4,2301,光寶科,TWSE,281500.0
6176.TW,92.30000305175781,485,-0.005387930857298939,0.001084664933034274,0.0,-0.22047076868317217,-0.18501622261484318,-0.48037556412446714,0.00550142137419396,-0.09990307509490026,-0.18388058010813868,186964343.20411187,0.46905567001304393,1.0841084222245487,-0.22047076868317217,-0.22047076868317217,-0.33393597586522916,-0.005387930857298939,0.07349025622772405,0.29859737212227755,-0.24669972560071918,26.744885679903728,14.801444043321299,41.281588447653434,10.108303249097473,0.0,24.300541516245488,False,True,True,False,True,False,False,False,3,6176,瑞儀,TWSE,92300.00305175781
2609.TW,59.70000076293945,485,-0.003338910815437024,-0.00830564773527065,0.03826088283372964,0.1889547224682857,0.2288997866189828,0.1084194495141757,0.006490783129630362,0.07980025554357661,0.1440103591266555,1689107434.4862373,0.3294915892287415,0.3365239602311227,-0.07441859282264418,-0.07441859282264418,-0.07441859282264418,-0.012904131523869433,-0.024724024655698937,0.24112820348641942,-0.12868215871411703,29.175691937424787,4.9338146811071,25.09025270758123,51.02286401925391,0.0,24.15884476534296,False,True,True,False,True,False,False,False,3,2609,陽明,TWSE,59700.00076293945
6223.TWO,5310.0,485,-0.05516014234875444,-0.051785714285714324,0.003780718336483968,-0.17520969245107176,0.17230926452547624,2.5639767930933792,-0.023897058823529438,-0.06609995603107133,-0.07365571268596838,5072340997.25,0.807633575725643,0.9394601534464023,-0.25,-0.25,-0.27802906331884436,-0.05610532193287543,0.06218394915350789,0.6169077632182273,-0.3234463276836158,10.872442839951866,44.64500601684717,25.667870036101082,6.738868832731648,0.0,24.083032490974727,False,False,True,False,True,False,False,False,2,6223,旺矽,TPEx,5310000.0
6913.TWO,130.0,485,0.015625,0.027667984189723382,-0.15032679738562094,0.040000000000000036,0.05106712611046271,-0.0929146842505868,-0.007633587786259555,-0.031176251397341925,-0.011806290927520169,45566695.65,0.13826213913993712,0.391493273172722,-0.2168674698795181,-0.2168674698795181,-0.2168674698795181,0.053206699346405234,-0.16366013071895427,0.4121610182997936,-0.25,33.56799037304452,0.12033694344163659,48.82671480144405,10.95066185318893,0.0,23.955776173285198,False,True,True,False,True,True,False,False,4,6913,鴻呈,TPEx,130000.0
5284.TW,293.5,485,-0.02491694352159468,0.005136986301369939,-0.1732394366197183,-0.13174774103292453,-0.05306668039860296,0.09088104331760771,-0.031273207360343336,-0.03107179554658679,-0.12767105712967808,100840545.5,0.630257167812728,0.7865003098130477,-0.1732394366197183,-0.1732394366197183,-0.35258579069233287,0.018392915633334894,-0.1293235229420768,0.4059955195747765,-0.2378787878787879,13.965102286401924,28.399518652226234,34.338146811071,17.328519855595665,0.0,23.893200962695545,False,True,True,False,True,True,False,False,4,5284,jpp-KY,TWSE,293500.0
7402.TWO,101.0,485,0.010000000000000009,0.010000000000000009,-0.06046511627906981,-0.2520187394893221,-0.15540443289360995,-0.31749853866849675,4.950664589609133e-05,-0.06723196171183543,-0.07173134215967236,21311262.700076293,0.21958951338219015,0.2081917615353522,-0.2961703906806751,-0.2961703906806751,-0.2961703906806751,0.02511627906976746,0.02354113021737088,0.24959020087137068,-0.34495066063349955,30.806257521058964,0.601684717208183,53.86883273164861,3.9711191335740073,0.0,23.485258724428398,False,True,True,False,True,True,False,False,4,7402,邑錡,TPEx,101000.0
5274.TWO,18840.0,485,-0.07100591715976334,0.032328767123287694,0.06290550070521861,0.3481216457960643,0.7093254661776187,3.1639169330066457,-0.0008617832283726035,0.1438401214267646,0.1825105890962131,4635338760.0,0.5700716458393371,0.9120543601594672,-0.09878019612532885,-0.09878019612532885,-0.09878019612532885,-0.086732292336068,-0.0531350478934695,0.5842713054632116,-0.16924066924066927,27.91817087845969,22.743682310469314,8.604091456077017,40.67388688327316,0.0,23.450661853188926,False,False,True,False,True,False,False,False,2,5274,信驊,TPEx,18840000.0
5904.TWO,68.4000015258789,485,-0.03389832517555691,-0.0706521339137064,-0.06811988959206128,-0.00868598433415746,0.40746945929464085,0.5830112762289854,-0.04006734125161804,-0.04467832569136265,0.06460379750813217,376757749.3225338,0.8630087343020372,0.3884650389191452,-0.21469572073297194,-0.21469572073297194,-0.21469572073297194,-0.01686835277754159,-0.06522456148067546,0.22720544014722155,-0.21469572073297194,6.636582430806257,50.18050541516246,18.531889290012032,11.191335740072201,0.0,23.35679903730445,False,True,True,False,True,False,False,False,3,5904,寶雅*,TPEx,68400.0015258789
2887.TW,40.54999923706055,485,-0.05587896352145849,-0.0867117602816827,-0.0157767357728692,0.17620999286303096,0.7460509537714342,1.4303822386738223,-0.04761907321739167,0.06530221103489975,0.2646063585146339,2394718994.3619857,0.7439134652024187,0.9387724883483597,-0.0867117602816827,-0.0867117602816827,-0.0867117602816827,-0.05193477957824119,-0.07451340006054619,0.2516729702813688,-0.0867117602816827,7.6774969915764135,39.35018050541516,9.37424789410349,45.36702767749699,0.0,23.256919374247893,False,False,True,False,True,False,False,False,2,2887,台新新光金,TWSE,40549.99923706055
3229.TW,58.79999923706055,485,0.024390203379183628,-0.03764319630932089,0.14843746798578694,0.5617529044891032,1.596026500104462,2.986440626241393,0.005214109788839627,0.15403485092985814,0.27190134397438115,251657786.46335086,0.34687603902219677,2.1188841367186693,-0.12888890019169563,-0.12888890019169563,-0.12888890019169563,-0.012719163617263107,-0.03881350017724747,0.8881029048128776,-0.21359224799186738,40.05415162454874,6.377858002406739,23.38146811070999,29.001203369434414,0.926293567336548,23.198856853842752,False,True,True,False,True,False,False,False,3,3229,晟鈦,TWSE,58799.99923706055
1519.TW,692.0,485,-0.017045454545454586,-0.019830028328611915,-0.06612685560053977,0.04640673230939063,-0.05221423381327317,0.33048297878557475,-0.026517549412675034,0.011544001684400618,-0.035772372236699934,807162357.05,0.5646170442157785,0.6455435216986615,-0.10129870129870133,-0.10129870129870133,-0.1718277953619053,-0.0005137406453196436,-0.08159576637033665,0.24374948996189438,-0.10649350649350653,13.429602888086642,22.14199759326113,25.80625752105897,39.71119133574007,0.0,23.079723225030083,False,True,True,False,True,False,False,False,3,1519,華城,TWSE,692000.0
2630.TW,46.79999923706055,485,0.010799136247064522,-0.006369410759649585,-0.07874015866287354,-0.16279073417566037,0.03654479856962789,-0.18843198251697413,-0.017374427337868092,-0.07191963625096509,-0.02369488695938826,35638092.52024498,0.34390069498689185,0.18351667016687973,-0.24879615071936434,-0.24879615071936434,-0.24879615071936434,0.030484175912782907,-0.024476580604320085,0.219307446811945,-0.26243978610508445,26.504211793020456,5.896510228640193,48.640192539109506,6.859205776173286,0.0,22.909145607701564,False,True,True,False,True,True,False,False,4,2630,亞航,TWSE,46799.99923706055
8103.TW,121.0,485,-0.020242914979757054,0.008333333333333304,-0.008196721311475419,0.30133682375821413,0.4230126316647056,1.1478688278375357,0.0033167495854062867,0.23182381569393895,0.21351775517271987,640947637.05,0.5161223382053207,1.1302334716503533,-0.08333333333333337,-0.08333333333333337,-0.08333333333333337,-0.0181937346518882,-0.10864232923088013,0.5888139401240922,-0.24103139838082344,22.042719614921783,18.050541516245488,15.168471720818292,47.172081829121545,0.0,22.895908543922985,False,True,True,False,True,False,False,False,3,8103,瀚荃,TWSE,121000.0
6617.TWO,131.5,485,-0.073943661971831,-0.047101449275362306,0.0912863070539418,0.11914893617021272,0.9924242424242424,0.26442307692307687,-0.01442758103803643,0.17659339622555437,0.4469762973765121,139632201.725,0.4966722349877381,0.9275708747370326,-0.08041958041958042,-0.08041958041958042,-0.08041958041958042,-0.09676523873531645,0.05156999499720424,0.7168996321042357,-0.35151513830407877,16.095066185318892,16.125150421179303,22.358604091456076,48.73646209386281,0.0,22.5661853188929,False,False,True,False,True,False,False,False,2,6617,共信-KY,TPEx,131500.0
6831.TW,481.0,485,-0.06601941747572815,-0.08380952380952378,-0.2101806239737274,-0.4126984126984127,0.0700778642936597,1.6479332047957245,-0.09309450860240398,-0.19000841987089534,-0.24992690295961795,419257834.15,0.9559963112264568,0.7148468215737912,-0.4126984126984127,-0.4126984126984127,-0.4968619246861925,-0.013474261482296301,-0.07261448640758983,0.48636034886975016,-0.3970588235294118,1.4741275571600478,56.07701564380265,19.554753309265944,1.203369434416366,0.0,22.33453670276775,False,False,True,False,True,False,False,False,2,6831,邁科,TWSE,481000.0
6840.TWO,98.69999694824219,485,-0.05550242154792162,0.06472492122464701,0.06933904317311379,0.48198197011362187,0.5028616601892517,0.44856752360773866,0.016163877415886763,0.2304942779025858,0.3553537809527849,48420430.81707535,0.4362596696343295,0.8487664103103962,-0.08611113936812786,-0.08611113936812786,-0.08611113936812786,-0.07283718234120007,-0.09132161353142684,0.5274350085418495,-0.12424243580211292,34.05535499398315,12.154031287605296,6.293622141997593,45.7280385078219,0.0,22.29542719614922,False,False,True,False,True,False,False,False,2,6840,東研信超,TPEx,98699.99694824219
7765.TW,232.5,485,-0.043209876543209846,-0.03125,0.04026845637583887,0.04729729729729737,0.07013812799009678,-0.2134920081052476,0.0039943862679479025,0.024831031442844598,0.01708436742502517,64235900.475,0.3272649906113928,8.180281677461753,-0.043209876543209846,-0.043209876543209846,-0.10756004374485173,-0.05327699063716956,0.02450269061007308,0.46222651363690126,-0.06521739130434778,16.37184115523466,4.693140794223827,22.3164861612515,69.0734055354994,0.0,22.259626955475333,False,True,True,True,True,False,False,False,4,7765,中華資安,TWSE,232500.0
1707.TW,85.19999694824219,485,-0.021814024789488684,-0.015028937014541222,-0.0718954889336384,-0.06373629727206387,-0.2503076016683262,-0.3075141244724581,-0.03132286939746021,-0.04928402005804011,-0.1102755164671455,26794964.93056488,0.4870137165703361,0.5528132067759661,-0.08090615153080882,-0.08090615153080882,-0.2566075210136729,-0.003840152556079085,-0.05065005650961711,0.1407196648057216,-0.08090615153080882,12.719614921780988,15.403128760529484,26.2575210589651,48.375451263537904,0.0,22.2575210589651,False,True,True,False,True,False,False,False,3,1707,葡萄王,TWSE,85199.99694824219
6782.TW,236.0,485,-0.01666666666666672,0.01943844492440605,-0.012552301255230103,0.1915572104002521,0.1915572104002521,0.3085005391279114,0.0043621661878923135,0.10213560869396865,0.15714587314788786,67680208.4,0.35285917364670544,0.4181066941721693,-0.07269155206286837,-0.07269155206286837,-0.07269155206286837,-0.013528591352859193,-0.0764047047219808,0.44994958714682515,-0.12180746561886047,25.409145607701564,6.4981949458483745,19.061371841155236,51.74488567990373,0.0,22.09927797833935,False,True,True,False,True,False,False,False,3,6782,視陽,TWSE,236000.0
2362.TW,46.650001525878906,485,-0.02303661725908046,-0.007446776045129666,-0.0420944395265922,0.081112395741189,0.26499737049752015,0.1807662736031006,-0.01685982031867428,0.008012994998543466,0.07143138680586936,30561360.24803772,0.5188959124623861,0.2668477242403183,-0.08708409160708352,-0.08708409160708352,-0.08708409160708352,-0.012513007377432411,-0.0691319047736552,0.2708867757752076,-0.09491191035117763,15.318892900120336,18.29121540312876,20.746089049338146,45.246690734055356,0.0,22.05655836341757,False,True,True,False,True,False,False,False,3,2362,藍天,TWSE,46650.001525878906
5607.TW,51.79999923706055,485,-0.007662864368440658,-0.015209111411935483,-0.06834531189473414,0.05021967972731378,0.12374609423586724,0.11097612479400931,-0.027869024780755813,0.009484174995542993,0.041394984458064776,39705694.5013546,0.39521755069427433,0.5927955700292424,-0.0944056198226072,-0.0944056198226072,-0.0944056198226072,0.009423463605242877,-0.08508520513717206,0.2947268665335098,-0.0944056198226072,17.79181708784597,8.78459687123947,30.64380264741276,42.11793020457281,0.0,21.95156438026474,False,True,True,False,True,True,False,False,4,5607,遠雄港,TWSE,51799.99923706055
2540.TW,48.150001525878906,485,-0.03021147943405722,-0.007216463383940108,0.026652451158456048,0.023825358196368107,0.09318459416036151,-0.09402772789352365,-0.00900434214810586,-0.0009354559755434533,-0.0010868835051025538,23614289.779990386,0.46621442310530714,0.3562229871674341,-0.11380363215823575,-0.11380363215823575,-0.11380363215823575,-0.03687459222367123,0.018710665093000012,0.2762517096787486,-0.19018403012759044,20.75210589651023,14.440433212996389,24.097472924187723,34.416365824308066,0.0,21.744584837545126,False,True,True,False,True,False,False,False,3,2540,愛山林,TWSE,48150.001525878906
8271.TW,202.5,485,0.009975062344139696,-0.0357142857142857,-0.1019955654101996,0.1187845303867403,0.3284603580255441,2.0342579054286554,-0.022211492032834346,-0.04944453137224225,-0.04681112257265563,286943793.225,0.3667259546568561,0.2621784747508395,-0.18016194331983804,-0.18016194331983804,-0.20445365535388904,0.0354739536966896,-0.14159040887244637,0.3201850495129136,-0.1923076923076923,21.1913357400722,7.460890493381468,42.52707581227437,16.365824308062578,0.0,21.68231046931408,False,True,True,False,True,True,False,False,4,8271,宇瞻,TWSE,202500.0
2617.TW,31.549999237060547,485,-0.039573799008991495,-0.027735023257897118,0.009599975585937504,0.0906576609348293,0.0978686411367673,0.22097519546263622,-0.03198591029846909,0.03329973683639431,0.07494365366342781,65611529.74038716,0.46105120912680253,1.0370542613551663,-0.06240719743217038,-0.06240719743217038,-0.06240719743217038,-0.04197379290547587,-0.020619244725672264,0.29698315047090695,-0.07578011972594034,14.410348977135982,13.718411552346572,17.37063778580024,58.12274368231047,0.0,21.499699157641395,False,True,True,False,True,False,False,False,3,2617,台航,TWSE,31549.999237060547
6141.TW,51.0,485,-0.015444000942922531,0.022044056923537614,-0.06934305273658936,0.43661971830985924,1.1656051656996018,3.08,-9.803184844037194e-05,0.15895920281782439,0.2937731868828124,122375669.67044297,0.48802368893949677,0.6052354059067966,-0.13412565910389462,-0.13412565910389462,-0.13412565910389462,0.0018917622412248092,-0.21488295883987577,0.6151455893944603,-0.3314285714285714,22.388688327316487,15.523465703971121,23.51383874849579,26.955475330926593,0.0,21.29542719614922,False,True,True,False,True,True,False,False,4,6141,柏承,TWSE,51000.0
6890.TW,147.0,485,-0.010101010101010055,0.006849315068493178,-0.11711711711711714,-0.23537012567694304,0.017818548215414065,-0.2750443023414979,-0.034799737360472816,-0.10995078856561225,-0.1573630129498953,33632562.225,0.46283805464266775,0.8235847947453471,-0.2539290960227305,-0.2539290960227305,-0.4588358664413583,0.01917826917826923,-0.03866040855813613,0.24039291727498122,-0.25900440829468474,19.253910950661854,14.199759326113117,40.78820697954272,6.137184115523466,0.0,21.15373044524669,False,True,True,False,True,True,False,False,4,6890,來億-KY,TWSE,147000.0
6112.TW,47.650001525878906,485,-0.01141077237250665,-0.041247468925376785,0.035869598388671875,0.11035798291345578,0.07422921334090926,-0.03465953159144097,0.0036333329295872296,0.06726300166399501,0.0805766687188505,168386953.92617434,0.3160203229738652,6.2031681837591135,-0.08541261187277338,-0.08541261187277338,-0.08541261187277338,-0.02037817196967462,-0.0009163959158133839,0.5712752801237466,-0.11684012803574428,21.293622141997595,4.21179302045728,25.76413959085439,46.08904933814681,0.0,21.00601684717208,False,True,True,False,True,False,False,False,3,6112,邁達特,TWSE,47650.001525878906
8436.TWO,104.0,485,-0.00952380952380949,0.004830917874396157,-0.08771929824561409,-0.016106093615478212,-0.10113394444717361,-0.07447264788098762,-0.022556390977443663,-0.06311251440166943,-0.07268167801856718,72599974.925,0.40815509734703714,0.6473250981570318,-0.13666221913630427,-0.13666221913630427,-0.13666221913630427,0.012406015037594031,-0.08235060037378801,0.16001608623434335,-0.14081288154430283,19.83152827918171,9.8676293622142,32.25631768953068,25.992779783393498,0.0,20.872743682310468,False,True,True,False,True,True,False,False,4,8436,大江,TPEx,104000.0
6829.TWO,208.0,485,0.004830917874396157,-0.02117647058823524,-0.1440329218106996,-0.03703703703703709,0.5219511628704103,0.7060582298092433,-0.06253521126760564,-0.03577223209456848,-0.03025496375894421,201873043.525,0.3250336137428668,0.7660028311590934,-0.1937984496124031,-0.1937984496124031,-0.23902441856479484,0.040839148327071056,-0.1316872427983539,0.679011347911894,-0.38132295719844356,19.83754512635379,4.57280385078219,45.28279181708785,14.801444043321299,0.0,20.86401925391095,False,True,True,False,True,True,False,False,4,6829,千附精密,TPEx,208000.0
7769.TW,5580.0,467,-0.06610878661087871,-0.08897959183673465,-0.02276707530647981,-0.06672701284926152,0.37828484715122035,2.005833879717748,-0.08592022278646905,-0.10274928479573098,-0.11293654121039609,5597483204.25,0.7634721088056323,1.677149135812544,-0.19942611190817794,-0.19942611190817794,-0.3158634614848126,-0.06041701778425876,-0.0005247376900593022,0.6766244856967772,-0.22991072003454371,6.44404332129964,41.27557160048135,17.990373044524667,13.477737665463296,0.0,20.83513838748496,False,False,True,False,True,False,False,False,2,7769,鴻勁,TWSE,5580000.0
3141.TWO,87.0999984741211,485,0.00810181638749774,-0.061422461101187986,-0.12120922176891691,0.17054463622734328,1.0671319856008004,0.8505752790564187,-0.04825590496607157,0.11077725759452339,0.21028500667697303,482537992.2267742,0.2869267181713562,2.127884338161147,-0.14692989928480737,-0.14692989928480737,-0.14692989928480737,0.03840412182972697,-0.178057433844698,0.386962885178594,-0.18834691707861395,18.27316486161252,3.2490974729241873,43.02045728038508,23.586040914560773,0.0,20.7496991576414,False,True,True,False,True,True,False,False,4,3141,晶宏,TPEx,87099.9984741211
2201.TW,28.649999618530273,485,-0.020512833554520604,-0.04020103007048503,-0.10328641832888563,0.024987954344354968,0.10652107677996159,-0.17596175230857525,-0.04156562653353968,0.0018132025090105142,0.030999985300045108,110935774.73842554,0.513188845175016,0.9749192424505116,-0.10328641832888563,-0.10328641832888563,-0.10328641832888563,0.005308771027700804,-0.11161573644367062,0.20646726329979698,-0.10328641832888563,9.001203369434418,17.809867629362213,27.484957882069793,38.86883273164862,0.0,20.74488567990373,False,True,True,False,True,True,False,False,4,2201,裕隆,TWSE,28649.999618530273
7772.TWO,186.0,311,0.07204610951008639,0.3984962406015038,1.0552486187845305,0.49397590361445776,0.44747081712062253,1.7153284671532845,0.252947120242506,0.657630896791195,0.31274812586475353,100683677.4,0.2649336491606402,12.204048509463364,-0.010638297872340385,-0.010638297872340385,-0.4160125588697017,-0.19176604518604623,0.8905899842463779,0.9202363136910264,-0.34159997558593747,88.12274368231047,1.684717208182912,35.348977135980746,87.36462093862815,28.183701657458567,20.700474034478862,False,True,False,True,True,False,False,False,3,7772,耀穎,TPEx,186000.0
2324.TW,36.20000076293945,485,-0.01630430670000793,-0.030789765948141756,-0.08816120737376165,0.019718331350407237,0.24827588837722248,0.21983310999879113,-0.0423913550831474,-0.04209572645679327,0.012092005535259798,1774701910.057135,0.573487681266236,0.44064248993304955,-0.16203703417536008,-0.16203703417536008,-0.23060570988436324,0.005735995143432482,-0.09473398449056407,0.3750536105753909,-0.16550929165753092,11.612515042117929,23.465703971119133,28.441636582430807,19.975932611311674,0.0,20.63026474127557,False,True,True,False,True,True,False,False,4,2324,仁寶,TWSE,36200.00076293945
2356.TW,59.0,485,-0.032786885245901676,-0.043760141483842996,-0.11411409381749826,-0.07987188819748958,0.36728347449659626,0.42485328378719855,-0.04831035170785636,-0.0703990379501569,-0.02418046295656784,876823751.3931023,0.6539807971527297,0.5714460852224339,-0.1559370713581948,-0.1559370713581948,-0.28673911325136825,-0.00425836179152711,-0.08749013108500174,0.2618575859710713,-0.1559370713581948,6.2154031287605305,31.167268351383875,23.20096269554753,21.540312876052948,0.0,20.246089049338146,False,True,True,False,True,False,False,False,3,2356,英業達,TWSE,59000.0
1808.TW,31.600000381469727,485,-0.009404364910596485,-0.018872991746985757,-0.06869036990767452,0.09866644084350518,0.09866644084350518,0.027414907043684655,-0.033553622038095754,-0.010429522688839787,0.04266631745327576,61556522.69519262,0.3918816066564044,0.8653992642178469,-0.10770465944292118,-0.10770465944292118,-0.10770465944292118,0.0077682275663221445,-0.10157918352217624,0.35212115807778765,-0.10810811101936069,16.35379061371841,8.664259927797833,28.844765342960287,36.702767749699156,0.0,20.22202166064982,False,True,True,False,True,True,False,False,4,1808,潤隆,TWSE,31600.000381469727
2889.TW,16.100000381469727,485,-0.04166660043928061,-0.06936409875788596,0.00625002384185791,0.06839454456670402,0.10353912768366302,0.11825297882091657,-0.0359281153646237,0.032019007381363984,0.07783266046561232,241504981.65414762,0.440016593691544,1.2702982764630453,-0.06936409875788596,-0.06936409875788596,-0.06936409875788596,-0.04322910639974509,-0.016548157680376763,0.21777915047922528,-0.06936409875788596,11.61251504211793,12.515042117930205,17.605294825511432,54.151624548736464,0.0,19.762334536702767,False,True,True,False,True,False,False,False,3,2889,國票金,TWSE,16100.000381469727
6669.TW,2085.0,485,-0.009501187648456089,-0.036951501154734445,-0.20114942528735635,0.231510208437129,0.7556221770396674,1.0250770504854816,-0.06805229634596044,0.007294912668710074,0.1315462352493979,7215166549.75,0.41246484178269627,0.7148327088143469,-0.202676045410763,-0.202676045410763,-0.202676045410763,0.040786168673383,-0.27831949476639933,0.40206559668209235,-0.202676045410763,11.750902527075814,10.589651022864018,43.51985559566787,12.996389891696749,0.0,19.531588447653426,False,True,True,False,True,True,False,False,4,6669,緯穎,TWSE,2085000.0
2834.TW,17.450000762939453,485,-0.025139601406749534,-0.041208789481329,0.011594247126924806,0.04146472180330618,0.2422700013653145,0.2422700013653145,-0.022819515497459752,0.027372221448422884,0.07958532043004185,802820584.7867419,0.27754996633700363,0.6975265669638816,-0.06933329264322918,-0.06933329264322918,-0.06933329264322918,-0.028038163188480736,-0.002227326807510588,0.2425769804737338,-0.06933329264322918,15.517448856799039,2.6474127557160045,23.32731648616125,54.2719614921781,0.0,19.422081829121538,False,True,True,False,True,False,False,False,3,2834,臺企銀,TWSE,17450.000762939453
8932.TWO,91.0999984741211,485,-0.022532173206908035,0.0201567229658437,0.0033039142321644732,-0.08366687987758348,0.3402914265817878,0.04287435594708633,-0.007084485295682952,0.003166435473414886,0.04949864419700223,149278851.22445488,0.28682144351413946,0.3999299793627901,-0.15442624578396047,-0.15442624578396047,-0.15442624578396047,-0.023358151764949153,0.031192874191358966,0.35813098245150704,-0.3312741137208439,25.902527075812273,3.1287605294825513,29.34416365824308,22.021660649819495,0.0,19.34867629362214,False,True,True,False,True,False,False,False,3,8932,智通*,TPEx,91099.9984741211
2392.TW,41.400001525878906,485,-0.01779359366190103,-0.013110827820209225,-0.09010985657408999,0.1329326730103797,0.25658593178764355,-0.12077885811191846,-0.028909822143837083,0.03575151845833813,0.07292019178238784,105754855.00527343,0.41019785918209556,0.4005289165969336,-0.11254018924495823,-0.11254018924495823,-0.11254018924495823,0.004733870481621466,-0.13442074757754988,0.3584048714921027,-0.124330179250697,13.393501805054154,10.348977135980746,26.383874849578824,35.13838748495788,0.0,18.989470517448858,False,True,True,False,True,True,False,False,4,2392,正崴,TWSE,41400.001525878906
2615.TW,113.0,485,-0.004405286343612369,-0.017391304347826098,0.008928571428571397,0.4231737761764378,0.5326551052696009,0.46194674717121176,-0.012884909368857778,0.12214498793819484,0.2759003601951835,1755472972.55,0.28544175947599826,0.3747884180431975,-0.10671936758893286,-0.10671936758893286,-0.10671936758893286,-0.006637429200755218,-0.13212935396357453,0.40923413909660833,-0.12648221343873522,24.77135980746089,3.0084235860409145,20.054151624548734,37.30445246690734,0.0,18.943140794223826,False,True,True,False,True,False,False,False,3,2615,萬海,TWSE,113000.0
6186.TWO,28.899999618530273,485,-0.010274011526394844,-0.038269539025877375,-0.08108111550235919,-0.23626787334805288,-0.18585968860909186,-0.505480538478033,-0.03497788884717312,-0.13944810873649394,-0.1692334604968262,21550082.35295534,0.44477871399964275,0.9573434131399642,-0.2476930941628691,-0.2476930941628691,-0.25540470719103237,0.009996267349194954,-0.0023251577196748974,0.1702710535463173,-0.2476930941628691,12.99638989169675,12.876052948255115,40.49338146811071,6.979542719614922,0.0,18.932009626955477,False,True,True,False,True,True,False,False,4,6186,新潤,TPEx,28899.999618530273
2221.TWO,188.0,485,0.18611987381703465,0.7819905213270142,1.2596154674975861,2.9557646579114976,4.954914872862397,5.83712426947356,0.48587235276178364,1.3974285931532187,2.150377535796053,735155259.1622235,0.30420778523594233,5.200084730580698,-0.048101265822784844,-0.048101265822784844,-0.048101265822784844,-0.12878399305736188,0.274360581527087,0.9922930512394197,-0.2791096340046286,97.17208182912155,3.850782190132371,34.07340553549939,67.02767749699157,30.0,18.87936221419976,False,True,False,True,True,False,False,False,3,2221,大甲,TPEx,188000.0
6224.TW,80.80000305175781,485,-0.017031556550615057,-0.08493770940872802,-0.049411728802849275,0.07589886409386404,0.726002147353846,0.9949081011334899,-0.04474784893872763,0.1391780853656801,0.10094116474137449,175664482.18094978,0.4282569461042377,1.7367875525784735,-0.09417033838418654,-0.09417033838418654,-0.1494736520867599,-0.004678624349902738,-0.07471135016747062,0.6124868944888741,-0.3530201239873899,10.607701564380264,11.191335740072201,23.72442839951865,42.478941034897716,0.0,18.842659446450057,False,True,True,False,True,False,False,False,3,6224,聚鼎,TWSE,80800.00305175781
2359.TW,128.5,485,0.00390625,-0.007722007722007707,-0.11072664359861595,-0.044788471096868676,0.1874418229188881,-0.10737130413260898,-0.020765860163840744,-0.08405108405108397,-0.047249267855533406,314570340.925,0.265562577177308,0.2045499337462398,-0.276056338028169,-0.276056338028169,-0.276056338028169,0.03158791089965399,-0.09579715323299305,0.2831417810514783,-0.295774647887324,22.611311672683513,1.9253910950661854,41.96750902527076,5.054151624548736,0.0,18.61101083032491,False,True,True,False,True,True,False,False,4,2359,所羅門,TWSE,128500.0
7828.TWO,1850.0,345,-0.060913705583756306,-0.07730673316708225,0.051136363636363535,-0.038961038961038974,0.40012945136898614,3.3909384453168423,-0.05055170644085194,0.028396720248297536,0.0973664601235753,627891451.75,0.4615859750050608,1.8251837551406191,-0.1435185185185185,-0.1435185185185185,-0.20430107526881724,-0.07369779649284719,0.06412337662337653,0.8085365706143746,-0.43518518518518523,13.760529482551144,13.959085439229844,24.199759326113117,24.187725631768952,0.0,17.99398315282792,False,False,True,False,True,False,False,False,2,7828,創新服務,TPEx,1850000.0
6446.TW,1165.0,485,-0.008510638297872353,-0.03319502074688796,-0.10727969348659006,-0.1544403117972999,0.9995461900391018,1.675711232742675,-0.056489167847742494,-0.09043591411841245,0.11226610389172742,4062009235.5,0.4097714508129011,0.7609003411864871,-0.26498422712933756,-0.26498422712933756,-0.26498422712933756,0.01830928507377516,-0.05579958955415676,0.4854112028777327,-0.27444794952681384,13.676293622141998,10.22864019253911,38.261131167268346,5.776173285198556,0.0,17.603188929001202,False,True,True,False,True,True,False,False,4,6446,藥華藥,TWSE,1165000.0
6919.TW,79.9000015258789,485,-0.008684825824989861,-0.02083329632391273,-0.0930760169156063,-0.23540668396288122,-0.23540668396288122,-0.5964646387581873,-0.024777229338673212,-0.17757456677571903,-0.19395379690082115,480855077.69364166,0.34074788093445896,0.5922981924381742,-0.29603522884688194,-0.29603522884688194,-0.33138074036921417,0.014584178403911713,-0.014607122261312555,0.43510498034427914,-0.30396475770925113,15.12635379061372,5.6558363417569195,41.42599277978339,4.0914560770156445,0.0,17.20487364620939,False,True,True,False,True,True,False,False,4,6919,康霈*,TWSE,79900.0015258789
1515.TW,29.200000762939453,485,-0.01184428030990059,-0.0017093756260015969,-0.08749997615814209,-0.2963855237845915,0.3195394836757388,-0.014685864228161871,-0.024553168138271908,-0.11237205149429641,0.009316252729676622,21186249.5227458,0.2872472163353225,0.23163546674358101,-0.34894087499717197,-0.34894087499717197,-0.34894087499717197,0.010030713729634932,0.011295198436721735,0.3454845043958011,-0.389074681143181,17.352587244283995,3.369434416365824,42.3826714801444,2.0457280385078223,0.0,17.119133574007222,False,True,True,False,True,True,False,False,4,1515,力山,TWSE,29200.000762939453
6510.TWO,3070.0,485,-0.11654676258992802,-0.049535603715170295,-0.10625909752547302,0.08681601882346768,-0.0974978134917428,1.2205450283582717,-0.08868274582560298,0.04253332201375337,-0.044453606453444316,3683334859.25,0.7690829690696344,2.0356056338664676,-0.1702702702702703,-0.1702702702702703,-0.26510530062859294,-0.08998198820855977,-0.13519777046662892,0.6580335175325378,-0.20490367775831875,2.6293622141997597,41.75691937424789,3.694344163658243,17.930204572803852,0.0,16.929001203369435,False,False,True,False,True,False,False,False,2,6510,精測,TPEx,3070000.0
2442.TW,14.199999809265137,485,-0.024055008720384685,0.003533582479351205,-0.11032891789415011,-0.11032891789415011,-0.15426334846707535,-0.3372743027212126,-0.047879624748380145,-0.09349217290865164,-0.09727574389028393,21884900.400243472,0.3337333018099032,0.9286930175141439,-0.1393885788175706,-0.1393885788175706,-0.15426334846707535,0.0035272207531528432,-0.07355261192943341,0.23056370372308527,-0.1424189123236067,14.283995186522262,5.294825511432009,28.700361010830324,25.150421179302047,0.0,16.821299638989167,False,True,True,False,True,True,False,False,4,2442,新美齊,TWSE,14199.999809265137
3376.TW,174.0,485,-0.014164305949008527,-0.014164305949008527,-0.16346153846153844,-0.09723367070240763,-0.10179308762958339,-0.19161379160154168,-0.057038341688118166,-0.06841566457609993,-0.10500824940966547,811753891.575,0.25837158603534394,0.9783559326168785,-0.1981566820276498,-0.1981566820276498,-0.24959929214036136,0.026701078666376082,-0.13105031489406924,0.41738617699873554,-0.20967741935483875,12.839951865222625,1.444043321299639,38.91095066185319,13.959085439229844,0.0,16.106799037304455,False,True,True,False,True,True,False,False,4,3376,新日興,TWSE,174000.0
4303.TWO,33.349998474121094,485,-0.0375181239396738,-0.041666689503695786,-0.08126724035651345,0.05200185046391259,-0.11425728831589876,-0.3307446534796792,-0.0459162195133197,-0.0007401341160545583,-0.014880438845226274,26835946.632489584,0.6145430781690371,0.39572590444348543,-0.20783848734290655,-0.20783848734290655,-0.20783848734290655,-0.017201313850545435,-0.09860119051115097,0.25468562733868766,-0.20783848734290655,6.558363417569193,27.436823104693143,16.02286401925391,12.515042117930205,0.0,16.081528279181708,False,True,True,False,True,False,False,False,3,4303,信立,TPEx,33349.998474121094
7750.TW,1885.0,485,-0.033333333333333326,-0.00527704485488123,-0.1804347826086956,-0.09375,0.19303797468354422,1.0774181978714088,-0.07733724914341655,-0.12349362576045264,-0.14948017521761192,381056660.0,0.43446055604558625,0.4480865679516712,-0.2504970178926441,-0.2504970178926441,-0.3859934853420195,0.011775362318840576,-0.1491847826086956,0.5716200472904608,-0.2504970178926441,10.246690734055354,11.913357400722022,29.416365824308066,6.618531889290012,0.0,14.994885679903732,False,True,True,False,True,True,False,False,4,7750,新代,TWSE,1885000.0
2351.TW,211.5,485,-0.06415929203539827,-0.10381355932203384,-0.07641921397379914,0.046189717924528306,0.7308911723184566,1.6186913027460537,-0.08510868389748028,0.06908807202610823,0.11533992294121242,1443851411.55,0.6212380835143663,1.2021789157468665,-0.17704280155642027,-0.17704280155642027,-0.17704280155642027,-0.04505448854194849,-0.09181578661530858,0.6213060609440033,-0.3800474977921706,3.5800240673886883,27.79783393501805,9.452466907340554,16.967509025270758,0.0,14.321600481347772,False,False,True,False,True,False,False,False,2,2351,順德,TWSE,211500.0
6584.TWO,531.0,485,-0.020295202952029467,-0.043243243243243246,-0.18981457165303117,-0.2125524506950568,-0.17984307302427904,1.4013603442429443,-0.059392824989838555,-0.06368679008917677,-0.14626016356393223,230871333.574881,0.2547104832756387,0.32545071807949194,-0.21832552698468888,-0.21832552698468888,-0.3377614995559147,0.027158439961228326,-0.11896375475467891,0.3987457364228448,-0.3926974344849957,7.557160048134778,1.3237063778580023,39.6028880866426,10.589651022864018,0.0,14.153429602888087,False,True,True,False,True,True,False,False,4,6584,南俊國際,TPEx,531000.0
5321.TWO,68.5999984741211,485,-0.026950376253601527,0.010309233173954935,-0.10909092890751826,0.1301482308383266,1.8583332697550454,0.6896551983332591,-0.05366260216964547,0.03510710865803679,0.30987895758702133,39049966.93532066,0.3076697982008175,0.6235668487038437,-0.20876584903372442,-0.20876584903372442,-0.20876584903372442,0.0003223559732780379,-0.15247367252029378,0.6750208822919403,-0.23414067055252485,16.101083032490973,3.9711191335740073,23.664259927797836,12.274368231046932,0.0,13.778880866425991,False,True,True,False,True,True,False,False,4,5321,美而快,TPEx,68599.9984741211
2434.TW,63.0,485,-0.06528192027101787,0.024390243902439046,-0.03076923076923077,0.11504424778761058,1.1575341902031524,1.1875000579489616,-0.000555253738140804,0.030155198602888955,0.3022919241084061,54834922.67643547,0.506947644595272,0.8749928971456338,-0.30616742420053944,-0.30616742420053944,-0.30616742420053944,-0.057589612578710175,-0.06911731336510096,0.5700381366767009,-0.4642070496611389,18.71239470517449,17.328519855595665,9.290012033694344,3.2490974729241873,0.0,13.62214199759326,False,False,True,False,True,False,False,False,2,2434,統懋,TWSE,63000.0
6949.TW,44.5,485,-0.11530813767462578,-0.16195854465631299,-0.40268456375838924,-0.9536458333333333,-0.9374120956399438,-0.8944246737841044,-0.19913614630521848,-0.9349641815826937,-0.9384915218505191,511845656.97815454,0.6276134100894277,39.00943176953241,-0.9701342281879195,-0.9701342281879195,-0.9701342281879195,-0.014636996735028468,-0.08480261931394478,0.8709064519212233,-0.9701342281879195,0.43321299638989175,28.158844765342963,18.249097472924188,0.12033694344163659,0.0,13.15794223826715,False,False,True,False,True,False,False,False,2,6949,沛爾生醫*-創,TWSE,44500.0
2305.TW,60.20000076293945,485,-0.05345908479172534,0.2186234595843648,1.003327863273122,0.712659975807332,2.040404196090089,4.212121192104435,0.20424085975568884,0.6253065679827277,0.9772009070908769,877100905.1626991,0.5021884526076812,3.4270544210418787,-0.12879881197848086,-0.12879881197848086,-0.12879881197848086,-0.30429105061000583,0.7657745380040113,0.8800167341864032,-0.3434343181353605,52.6173285198556,16.967509025270758,34.99398315282792,29.121540312876053,29.556374851669247,4.435803247007044,False,False,False,False,True,False,False,False,1,2305,全友,TWSE,60200.00076293945
6538.TWO,372.5,485,-0.09257003654080387,-0.021024967148488782,0.4989939637826961,2.004032258064516,4.381193280385842,3.5769563233700064,0.02751534376939535,0.617104406338181,1.2414511406522681,802336856.6,1.0768410904275405,0.8719729765092686,-0.16386083052749723,-0.16386083052749723,-0.16386083052749723,-0.2173185274864779,-0.1690167889054759,1.0066163315888623,-0.2467948717948718,23.35138387484958,62.69554753309266,1.6185318892900118,19.133574007220215,30.0,0.0,False,False,False,False,True,False,False,False,1,6538,倉和,TPEx,372500.0
