ticker,price,history_days,ret_5,ret_10,ret_20,ret_60,ret_120,ret_252,above_ma_20,above_ma_60,above_ma_120,avg_turnover_20,volume_ratio_5,volume_ratio_20,breakout_60,distance_to_high_60,breakout_120,momentum_shift_5_20,momentum_shift_20_60,volatility_20,max_drawdown_60,momentum_score,trend_score,liquidity_score,risk_score,score,code,name,market,lot_cost
3441.TWO,249.5,486,0.23209876543209873,0.37845303867403324,0.8901515151515151,2.7072806639862894,6.7506296023302275,6.498390432407849,0.29947916666666674,0.9581938041576061,1.7080472283701207,3158053954.65,1.5209692529199665,1.0602185014074386,-0.021568627450980427,-0.021568627450980427,-0.021568627450980427,0.009560886644219946,-0.012275372843914667,0.806506484758919,-0.14177487291980306,99.67587034813926,99.0796318527411,90.51620648259305,39.43577430972389,89.11684673869547,3441,聯一光,TPEx,249500.0
1709.TW,61.0,486,0.1466165249097935,0.32752990178835817,0.8154762729225282,1.2402896122345477,2.290058666750063,2.86708426227074,0.30676949122648045,0.7475846132234512,1.23150783197618,1680765454.8633552,1.2791529456683042,2.451655730161888,-0.05132197348577883,-0.05132197348577883,-0.05132197348577883,-0.05725254332083857,0.402046402177679,1.0338686735260714,-0.19750895875894192,96.79471788715486,98.83953581432571,86.31452581032413,28.93157262905162,85.55442176870747,1709,和益,TWSE,61000.0
6213.TW,806.0,486,0.25545171339563866,0.4843462246777164,0.580392156862745,1.3127690100430418,2.225280348106939,6.192660770326083,0.336206896551724,0.6690826258024436,1.0873854594198331,11059511415.15,1.1457906834378397,1.2296106681474144,0.012562814070351758,0.012562814070351758,0.012562814070351758,0.1103536741799524,0.14280248684839775,0.7125582635274722,-0.34741144414168934,98.77551020408163,98.75950380152061,97.8391356542617,11.584633853541416,85.55242096838735,6213,聯茂,TWSE,806000.0
3443.TW,8360.0,486,0.05822784810126591,-0.0017910447761193549,0.40268456375838935,1.0796019900497513,1.510638622348996,5.460066276758621,0.12226063026479173,0.45038167938931295,0.6122126505678123,10768920969.25,0.6922062090231492,0.6889903585194986,-0.027906976744186074,-0.027906976744186074,-0.027906976744186074,-0.042443292838331426,0.04281723374180557,0.7615637112207289,-0.24771689497716898,97.38895558223288,93.31732693077231,97.59903961584634,22.689075630252102,85.19757903161263,3443,創意,TWSE,8360000.0
1303.TW,310.0,486,0.22047244094488194,0.3390928725701945,0.31914893617021267,0.4761904761904763,2.4419520776835486,6.681792676415918,0.23395362722658963,0.44533374776594936,0.8767155582032102,18360442599.625,1.2171044998493803,0.7054473740979966,-0.01273885350318471,-0.01273885350318471,-0.01273885350318471,0.14068520690232877,0.16041877744005392,0.5974474829033034,-0.378021978021978,96.60864345738295,96.9987995198079,99.15966386554622,15.546218487394958,84.92947178871547,1303,南亞,TWSE,310000.0
3653.TW,7165.0,486,0.0421818181818181,0.22898799313893647,0.2909909909909909,1.3483671365720404,0.6460016098912291,2.1413887394493485,0.14511746843535245,0.39981260527439066,0.592056521920328,7351913641.25,0.88987388663118,0.8555747355246472,-0.005551700208188737,-0.005551700208188737,-0.005551700208188737,-0.030565929565929628,-0.15846472119968924,0.6747756937455707,-0.1549865229110512,90.26410564225691,94.07763105242098,95.55822328931572,41.77671068427371,84.73849539815927,3653,健策,TWSE,7165000.0
3189.TW,1075.0,486,0.06435643564356441,0.18261826182618268,0.34375,0.3354037267080745,1.7365700209723736,8.487579764340344,0.1659436008676789,0.2855776130112413,0.4565813439809163,16852847649.9,0.8404016442689918,0.9547479875635281,-0.022727272727272707,-0.022727272727272707,-0.022727272727272707,-0.021581064356435586,0.23194875776397517,0.5165862842328962,-0.3183431952662722,94.97599039615847,92.51700680272108,99.03961584633853,26.050420168067227,84.63195278111243,3189,景碩,TWSE,1075000.0
6672.TW,555.0,486,0.3686806411837238,0.8377483443708609,0.8877551020408163,1.1223709369024855,2.46875,4.326007948199062,0.5521219324617215,0.9319467409276827,1.1480752793949267,2635414076.875,1.1446510343056513,1.43052525479182,0.0990099009900991,0.0990099009900991,0.0990099009900991,0.1467418656735197,0.5136314564066544,0.7448048730279807,-0.3246268656716418,98.31332533013205,99.63985594237694,89.67587034813926,12.54501800720288,84.48409363745498,6672,騰輝電子-KY,TWSE,555000.0
3037.TW,1270.0,486,0.04526748971193406,0.1339285714285714,0.3312368972746331,0.4530892448512587,0.9730241127394668,7.029025791346111,0.13789086999372824,0.25836016844191234,0.3262611532570694,15956870490.25,0.8458125785515948,0.576481743489313,-0.04150943396226414,-0.04150943396226414,-0.04150943396226414,-0.03754173460672422,0.18020714899088022,0.5335883648175221,-0.2649572649572649,94.50180072028812,89.23569427771109,98.79951980792316,30.972388955582232,84.30052020808324,3037,欣興,TWSE,1270000.0
2305.TW,64.69999694824219,486,0.04523417372118588,0.07833328247070304,0.9487950440189628,0.7510147662333948,2.6450702506051935,4.369294267562704,0.1637213386539318,0.6779770159913519,1.040955716921883,986911008.9854635,0.9377179727703654,2.9068680556125788,-0.06367585561563749,-0.06367585561563749,-0.06367585561563749,-0.1919645872835548,0.6984567886078312,0.922928815743218,-0.25820255161350814,97.97719087635053,96.47859143657463,80.79231692677071,17.406962785114043,82.93927571028411,2305,全友,TWSE,64699.99694824219
2221.TWO,192.0,486,0.07262569832402233,0.24675324675324672,1.237762158168903,2.9710445927473255,5.24468642104955,5.958051223294013,0.310938138057832,1.1854191600441575,1.963112750893198,636024184.9386196,0.11090791673895135,1.9699020252415473,-0.027848101265822822,-0.027848101265822822,-0.027848101265822822,-0.2368148412182034,0.24741396058646103,0.9215597267679526,-0.2791096340046286,99.66986794717887,99.35974389755903,74.06962785114045,13.745498199279714,82.86364545818327,2221,大甲,TPEx,192000.0
2030.TW,35.54999923706055,486,-0.0557769509617394,0.30458712796552456,0.49369749481770153,1.0431034492208426,1.2206283880377686,1.609238359830265,0.20488048650919666,0.531227529348502,0.7488018778614496,352141279.0604712,0.7725491045649941,3.168262125622464,-0.07421880665545433,-0.07421880665545433,-0.07421880665545433,-0.17920132466616479,0.14599634507742065,0.7456466268671404,-0.07421880665545433,91.48859543817527,96.79871948779511,64.46578631452581,51.14045618247299,82.71048419367747,2030,彰源,TWSE,35549.99923706055
1560.TW,1010.0,486,0.010000000000000009,0.06315789473684208,0.4086471408647141,0.5063290920310615,0.8690664923332292,2.053369814948095,0.12116334572903376,0.33066737499398124,0.43105870614269315,1830726184.25,0.46584524353312334,1.628486464027187,-0.028846153846153855,-0.028846153846153855,-0.028846153846153855,-0.09216178521617852,0.23987077685436028,0.6069826184386942,-0.21037413432326735,90.81032412965186,91.19647859143657,87.51500600240097,36.91476590636255,82.328231292517,1560,中砂,TWSE,1010000.0
6505.TW,110.5,486,0.1730361314206177,0.26720187921093164,0.38819098138456454,0.6691843669780428,1.0510230258073392,1.8829430213199294,0.20778227430800555,0.3773189075387877,0.65784861468138,2680470009.8222694,1.1232956483533625,1.393162845151652,0.032710280373831724,0.032710280373831724,0.032710280373831724,0.07598838607447655,0.1651295257252169,0.6229372248631324,-0.2800429112526206,91.58463385354142,95.6782713085234,89.79591836734694,22.809123649459785,82.0234093637455,6505,台塑化,TWSE,110500.0
3624.TWO,175.0,486,0.1589403973509933,0.43442622950819665,0.8115942315142177,0.4893617021276595,2.1509629197673896,3.3195575436471145,0.30281034803647877,0.7197890377068392,0.7216570108577058,3954796730.475,1.176114768024122,3.7069259666516894,0.09717868338557989,0.09717868338557989,-0.0002610750976634879,-0.04395816052756113,0.6484736641383312,0.8981662329702728,-0.5008771795975535,95.67827130852342,98.07923169267707,92.07683073229292,1.5006002400960385,81.61164465786317,3624,光頡,TPEx,175000.0
2395.TW,727.0,486,0.0055325034578146415,0.03413940256045511,0.10654490106544912,0.4038475794961236,1.0919305413687437,1.2850317758049221,0.03289053065283798,0.11132003205923202,0.3115113861752703,1690142367.85,0.7405550231905647,0.7184530991190471,-0.01756756756756761,-0.01756756756756761,-0.01756756756756761,-0.021103721808547637,-0.028070958766592075,0.23102190098451833,-0.08833333333333337,84.6938775510204,71.10844337735095,86.43457382953181,83.49339735894358,81.37855142056823,2395,研華,TWSE,727000.0
3016.TW,183.5,486,0.09226190476190466,0.3849056603773584,0.8078817733990147,0.47983870967741926,1.9430383955965982,2.386658066153128,0.2716562716562716,0.6018468443452425,0.6143917123973264,3000699375.2,0.273858319233466,3.8595489201810853,-0.05897435897435899,-0.05897435897435899,-0.05897435897435899,-0.10970853858784901,0.6479355368398749,0.7606475026206455,-0.3951219388139926,93.75750300120048,97.35894357743098,90.15606242496999,6.722689075630251,81.06242496998799,3016,嘉晶,TWSE,183500.0
3094.TW,69.30000305175781,486,0.023633769211819367,0.31749059053400974,0.6800000739820076,0.883152295882853,1.7735954388437989,1.5931571158093316,0.2538448198887093,0.591731336244796,0.7930556247980369,870907902.3132517,1.2116805664988914,2.7621827160213694,-0.014224750449352896,-0.014224750449352896,-0.014224750449352896,-0.14636624928368253,0.3856159753543899,0.8119317953460338,-0.24908426307456022,91.98679471788715,97.55902360944378,78.63145258103242,20.888355342136855,80.71178471388555,3094,聯傑,TWSE,69300.00305175781
6274.TWO,1740.0,486,0.1335504885993486,0.20833333333333326,0.29368029739776946,0.24731182795698925,0.8125,4.731756392069801,0.16096747289407842,0.22133832475432835,0.2117483881076878,13849763694.25,1.602223274023109,1.8417188983293324,-0.022471910112359605,-0.022471910112359605,-0.08421052631578951,0.06013041424990623,0.21124302141210638,0.5684107178793786,-0.2961672473867596,90.4501800720288,85.87434973989598,98.43937575030012,24.849939975990395,80.66456582633052,6274,台燿,TPEx,1740000.0
6957.TW,448.0,486,0.16666666666666674,0.47854785478547845,1.074074074074074,1.029588029298662,1.8036352371868891,1.5438979034941531,0.41425301870412756,0.7740677115167596,1.119343416580997,184194430.7,1.74258490538476,7.536998513273935,0.009009009009008917,0.009009009009008917,0.009009009009008917,-0.10185185185185175,0.7308780643078532,0.6308427492329955,-0.17786557091844746,92.19087635054021,99.19967987194877,52.22088835534213,41.116446578631454,80.28641456582633,6957,裕慶-KY,TWSE,448000.0
2033.TW,52.20000076293945,486,0.1213749005044169,0.399463856049481,1.0510805185889667,2.48000005086263,2.144578286950484,1.9575071892996552,0.3711584165972177,1.022798494437894,1.5130890494661084,97556524.81572647,1.0960084525572567,1.6296887143788663,-0.018796992211636,-0.018796992211636,-0.018796992211636,-0.14139522914282476,0.22441383496808998,0.864859999110632,-0.10211266399588603,94.7719087635054,99.51980792316927,40.69627851140456,43.87755102040816,80.21338535414165,2033,佳大,TWSE,52200.00076293945
2409.TW,36.599998474121094,486,-0.04438644378077339,-0.0013643396910231198,0.23648641900131606,0.3513494099509318,0.7985349612707824,1.7577537365208058,0.07560057049664937,0.2868559216040012,0.4167695266700757,19672304868.293385,1.0726659395227336,3.0337335009657873,-0.09517928841044065,-0.09517928841044065,-0.09517928841044065,-0.1035080485311024,0.11936994901767213,0.7901759611647695,-0.20205174655134284,86.69267707082832,86.7547018807523,99.2797118847539,30.132052821128447,80.11214485794318,2409,友達,TWSE,36599.998474121094
6197.TW,381.5,486,0.156060606060606,0.2015748031496063,0.26955074875207985,0.1847826086956521,1.1624654162726968,1.4403998189952674,0.18010981362616985,0.22816901408450696,0.294814555137185,692134513.325,2.436074459226627,1.2938775330908585,0.028301886792452935,0.028301886792452935,0.024161073825503365,0.08867291887258605,0.20795654585352916,0.3238049052461416,-0.20627802690582964,84.0846338535414,88.91556622649061,76.11044417767107,57.14285714285714,80.05497198879551,6197,佳必琪,TWSE,381500.0
3605.TW,163.0,486,-0.0842696629213483,-0.04956268221574345,0.314516129032258,0.9136764934026833,1.5821562159154037,1.2045553393566126,0.037060601240655355,0.32643625007093124,0.6189613162574523,3254523924.225,0.716189540880647,1.5218548416282178,-0.11171662125340598,-0.11171662125340598,-0.11171662125340598,-0.1628986951794128,0.009957297898030237,0.7560792274563688,-0.17803030303030298,89.54981992797119,82.91316526610643,90.8763505402161,35.414165666266506,79.96928771508604,3605,宏致,TWSE,163000.0
8046.TW,1475.0,486,0.03873239436619724,0.2660944206008584,0.4390243902439024,0.14341085271317833,1.0500630931551878,5.276413984541412,0.18999596611536917,0.2554972336501633,0.40015079819463195,13594144373.0,0.9293000755091194,0.8049139314074651,-0.019933554817275767,-0.019933554817275767,-0.019933554817275767,-0.07102370319477835,0.39122077267284294,0.6008977241581178,-0.40848056537102473,89.21968787515006,91.83673469387755,98.31932773109243,13.985594237695079,79.95378151260505,8046,南電,TWSE,1475000.0
2466.TW,198.5,486,0.5447470817120623,0.7186147186147187,1.0131846153334272,0.8904761904761904,2.0538461538461537,1.8520115567790842,0.5886354541816727,0.8292121068824392,1.3889518531734608,381390944.3,2.9074985413441583,1.5357983434609415,0.09972299168975063,0.09972299168975063,0.09972299168975063,0.2914509278787055,0.7163592185080303,0.757488240796171,-0.264754123375064,93.71548619447779,99.6798719487795,65.906362545018,19.687875150060023,79.93107242897158,2466,冠西電,TWSE,198500.0
3055.TW,223.0,486,0.06190476190476191,0.07990314769975781,0.5273972602739727,0.27065527065527073,2.6081924538445374,2.843778939408883,0.17709158089205612,0.5151686734487557,0.7732305260044143,1077586638.15,0.11512057530087037,1.8547492344530028,0.0,0.0,0.0,-0.06994455316373127,0.4371788367222158,0.6166590022923298,-0.531606209710472,93.23529411764704,96.07843137254902,81.75270108043217,10.624249699879952,79.83203281312524,3055,蔚華科,TWSE,223000.0
1301.TW,81.30000305175781,486,0.2170658583468199,0.25851400885600295,0.24884800241702965,0.27830196544484,0.5058963483177228,1.1234502658807863,0.22035429937226647,0.30264112396077203,0.4443507148237409,2826770698.3054247,3.2807850237161285,1.107643097114091,0.07824935552360568,0.07824935552360568,0.07824935552360568,0.1548538577425625,0.15608068060208297,0.5315880553297783,-0.18731115230830686,79.86194477791116,94.03761504601842,89.91596638655463,45.79831932773109,79.80442176870748,1301,台塑,TWSE,81300.00305175781
6226.TW,44.400001525878906,486,-0.07499996821085608,0.004524904060796864,0.5000000322187266,0.7176015810702476,2.338345931514282,5.209790340373028,0.07701640808166443,0.4966713088121648,0.9809269540542351,1037512124.3423564,1.4025333360623535,1.362512186338969,-0.07499996821085608,-0.07499996821085608,-0.07499996821085608,-0.19999997626553773,0.2607995051953107,0.9242991176026267,-0.3525179678421012,97.71308523409363,90.5562224889956,81.5126050420168,6.182472989195679,79.7642056822729,6226,光鼎,TWSE,44400.001525878906
3711.TW,744.0,486,0.04788732394366191,0.07359307359307365,0.20388349514563098,0.16068642745709827,0.6665935434501276,3.352466064691434,0.10287577823895644,0.18694993219708045,0.24226661255408133,9574102078.5,0.7834759566876816,0.837088732819616,0.0,0.0,0.0,-0.0030835498427458363,0.15032135265993155,0.403528109753169,-0.26939970717423134,85.49219687875149,82.83313325330133,97.23889555822329,39.19567827130852,79.64495798319327,3711,日月光投控,TWSE,744000.0
6278.TW,248.0,486,0.1454965357967668,0.1615925058548009,0.31564986737400536,0.43768115942028984,0.7839024182505232,1.3620188934736097,0.19532473792023142,0.3455104439822769,0.314608897597632,1818185081.85,3.2018484520817747,1.1814322205393069,-0.009980039920159722,-0.009980039920159722,-0.009980039920159722,0.06658406895326546,0.16975614756724208,0.5481910776913729,-0.2647887323943662,86.00240096038416,92.51700680272108,87.1548619447779,30.252100840336134,79.44137655062025,6278,台表科,TWSE,248000.0
3406.TW,1060.0,486,0.11578947368421044,0.1484290357529794,0.04950495049504955,0.8057921635434413,1.1273927677754698,1.4567180729766798,0.07833163784333674,0.3800436145859327,0.5520590305604272,5924245052.65,1.0224034373526516,1.1120719862817618,-0.04504504504504503,-0.04504504504504503,-0.04504504504504503,0.10341323606044805,-0.21909243735276424,0.8345149322923344,-0.20540540540540542,85.82232893157263,88.99559823929572,94.59783913565425,28.631452581032413,79.35334133653461,3406,玉晶光,TWSE,1060000.0
6187.TWO,1525.0,486,0.196078431372549,0.25514403292181065,0.10108303249097483,0.5679033634970991,0.3976333268781398,2.9906583941088214,0.16567934263328876,0.2627479763921985,0.3142386866428868,3051874437.25,1.751549210601973,0.6296520107363975,-0.006514657980456029,-0.006514657980456029,-0.006514657980456029,0.17080767324980528,-0.08821808867472489,0.6297739815599988,-0.2175926106102004,84.90996398559423,89.99599839935975,90.27611044417768,33.973589435774315,79.34593837535014,6187,萬潤,TPEx,1525000.0
8996.TW,1710.0,486,0.09265175718849838,0.0332326283987916,0.39591836734693886,0.4553191489361703,0.5336322869955157,4.14750935486458,0.15912557193695975,0.38945315674006653,0.3933496750887817,4990876405.5,0.4626973655413199,0.8699835356529336,0.0332326283987916,0.0332326283987916,0.0332326283987916,-0.00632783464823633,0.24414531770154876,0.8197408366993457,-0.3434599156118143,90.22208883553421,93.23729491796719,93.75750300120048,8.523409363745499,79.25140056022408,8996,高力,TWSE,1710000.0
8227.TWO,335.0,486,-0.07840440165061902,0.09836065573770503,0.8611111111111112,1.0180722891566263,1.4855925016136013,1.0487308159179172,0.10798743178435588,0.6520774257181605,0.7050637490135936,983714430.075,0.19773550082617503,4.643465355771737,-0.09946236559139787,-0.09946236559139787,-0.09946236559139787,-0.2936821794283968,0.5217536813922357,0.9065390172119071,-0.2168674698795181,88.60744297719087,93.23729491796718,80.55222088835534,25.510204081632654,79.09203681472589,8227,巨有科技,TPEx,335000.0
6257.TW,283.0,486,0.10331384015594547,0.13654618473895574,0.3540669856459331,0.2577777777777779,0.5970835061304514,2.0680366393954146,0.17014678519743653,0.2924833491912464,0.3073699307678457,4412264788.425,2.3779118285620435,2.4774109455516036,-0.010489510489510523,-0.010489510489510523,-0.010489510489510523,0.014797093744462197,0.2681410597200071,0.6136961922101069,-0.2710084033613446,85.82232893157263,90.91636654661865,93.15726290516207,24.789915966386555,79.04121648659465,6257,矽格,TWSE,283000.0
2455.TW,558.0,486,0.0219780219780219,0.02010968921389389,0.08349514563106797,0.7742448330683624,0.937205021792908,2.353966781418542,0.01676384839650158,0.2694320163797679,0.3850344459909225,4437944916.5,0.8361127319907752,0.608449423208678,-0.07920792079207917,-0.07920792079207917,-0.07920792079207917,0.0011042355702549078,-0.17458646539171951,0.5294043706439129,-0.23043478260869565,89.37575030012005,75.43017206882753,93.39735894357743,38.23529411764706,78.82152861144458,2455,全新,TWSE,558000.0
8150.TW,128.0,486,0.10822510822510822,0.21327014218009488,0.4174971835453145,0.23076923076923084,0.7589607870128992,3.3795742232601294,0.21620979971645005,0.33753635698352014,0.37422610632782316,6107814429.859654,1.6368141608795201,1.9456112242353751,-0.0038910505836575737,-0.0038910505836575737,-0.0038910505836575737,0.0038508123387795967,0.3405741066222376,0.7411541671879622,-0.46122448979591835,89.40576230492195,93.71748699479792,94.83793517406963,5.5222088835534215,78.71598639455782,8150,南茂,TWSE,128000.0
6196.TW,674.0,486,0.11960132890365438,0.25981308411214954,0.3399602385685885,0.25046382189239336,1.006267806423089,1.6542064543382295,0.18100578237252485,0.27762420030013435,0.3461074150676582,1005424854.45,1.1974333265144006,1.4714539236705864,-0.007363770250368162,-0.007363770250368162,-0.007363770250368162,0.03461126926150726,0.2564722979377907,0.5689157154919307,-0.26101694915254237,86.42857142857142,91.35654261704683,81.15246098439376,29.7719087635054,78.37064825930372,6196,帆宣,TWSE,674000.0
8039.TW,305.5,486,0.05892547660311953,0.16380952380952385,0.03735144312393879,0.6469002695417789,1.2382238419702296,3.858840433079651,0.09263233190271802,0.1757913980563841,0.5176336761523213,6270955928.125,1.525712271268999,0.5475611344040335,-0.1333333333333333,-0.1333333333333333,-0.1333333333333333,0.049587615822134834,-0.1782819800566542,0.6210152373244585,-0.3828125,90.66626650660262,85.03401360544217,94.9579831932773,13.685474189675869,78.3548419367747,8039,台虹,TWSE,305500.0
3008.TW,6660.0,486,0.07332796132151498,0.03981264637002346,0.024615384615384706,0.5758105101170794,1.3832738476473923,1.909822920107807,0.042539036512346806,0.2019238167256605,0.45766051044199263,12158434961.5,1.013386692808826,0.764195097251534,-0.14724711907810495,-0.14724711907810495,-0.14724711907810495,0.0671741151676688,-0.16732145209030844,0.6417404679947084,-0.23879641485275294,86.78271308523409,79.8719487795118,97.95918367346938,29.411764705882355,78.12585034013605,3008,大立光,TWSE,6660000.0
3498.TWO,225.5,486,0.02733485193621865,0.09732360097323611,0.1899736147757256,0.887029288702929,1.770270218340333,3.4389764446194935,0.08700891781152098,0.34877832343603066,0.5736126209079635,691429513.925,1.0633722652163764,1.142009814218154,-0.046511627906976716,-0.046511627906976716,-0.046511627906976716,-0.02015855175771275,-0.1057028147919174,0.8330859461317697,-0.33359071002503615,95.16806722689076,89.63585434173667,75.87034813925571,9.243697478991596,78.00170068027212,3498,陽程,TPEx,225500.0
6933.TW,382.0,486,-0.03168567807351075,0.19937205651491374,0.20314960629921264,1.3800331163949924,1.1257281975480393,1.0970021576678124,0.09033823319537593,0.5190880169671261,0.8538823864443501,722311073.9,0.8977077015517141,2.1618194284898027,-0.03168567807351075,-0.03168567807351075,-0.03168567807351075,-0.08247307964831391,-0.25686143249911814,0.9132891818720833,-0.2142857142857143,87.44297719087635,91.6766706682673,76.47058823529412,26.050420168067227,77.64665866346539,6933,AMAX-KY,TWSE,382000.0
3518.TW,49.5,486,0.2267658456479833,0.5348837209302326,0.7010309055363644,0.6981132297694268,0.8893129220827722,1.1710527042272703,0.3522742858115906,0.6170305465970412,0.5753461065735945,203489660.8332428,3.316059501967796,5.671291255819962,-0.015904557638066863,-0.015904557638066863,-0.015904557638066863,0.051508119263892205,0.46832649561322215,0.6515531687370324,-0.19863017098857483,87.89915966386555,97.83913565426171,54.26170468187274,36.49459783913565,77.62785114045617,3518,柏騰,TWSE,49500.0
2383.TW,6000.0,486,0.20603015075376874,0.23456790123456783,0.12359550561797761,0.21275596622048276,0.571681190456411,3.6364593117019943,0.1458034947006588,0.14084198251208124,0.17656094034596892,10783970599.5,1.3266450017742422,1.1129285320131193,-0.05080356106246042,-0.05080356106246042,-0.05080356106246042,0.17513127434927434,0.052676850211150025,0.5767516807355217,-0.2572537865313753,84.95198079231693,80.23209283713486,97.71908763505402,29.831932773109244,77.41906762705082,2383,台光電,TWSE,6000000.0
2426.TW,103.0,486,0.0,0.04251008925619115,0.05641025641025643,0.6427432017015375,0.9384200166856924,4.650627053782685,0.02732893458082275,0.2544530005758412,0.35387355010539023,3758521115.7249384,0.6098325113074059,0.7675153318978842,-0.0964912280701754,-0.0964912280701754,-0.0964912280701754,-0.014102564102564108,-0.1578374774902561,0.705843900446147,-0.2574334956201426,90.85234093637455,77.19087635054022,91.71668667466987,22.6890756302521,77.3421368547419,2426,鼎元,TWSE,103000.0
2492.TW,420.0,486,0.27659574468085113,0.35048231511254024,0.31868131868131866,0.07692307692307687,1.8432976406775419,3.021235243573667,0.2689780194878766,0.4089625674429007,0.3024506005551062,12516506255.975,2.3858314621255228,1.1093470464568391,-0.01869158878504673,-0.01869158878504673,-0.31567309380048525,0.19692541501052147,0.29304029304029305,0.7398009333826868,-0.4762532981530343,85.04201680672267,93.91756702681073,98.07923169267707,5.402160864345738,77.27050820328131,2492,華新科,TWSE,420000.0
3105.TWO,581.0,486,0.07992565055762091,0.1596806387225549,0.3159682899207248,0.535006605019815,0.1894825351408338,5.014857686177012,0.13531998045920868,0.3735765790614287,0.2710549799190962,14221793487.425,0.9397850023419566,0.9451620320522506,-0.05528455284552847,-0.05528455284552847,-0.05528455284552847,0.0009335780774397118,0.13763275491411978,0.6457892138241776,-0.30569948186528495,82.62304921968787,89.79591836734694,98.5594237695078,19.027611044417768,77.26740696278512,3105,穩懋,TPEx,581000.0
3044.TW,582.0,486,0.10018903591682427,0.07977736549165115,0.2024793388429753,0.3807829181494662,0.45698597040918965,0.9481848178075614,0.09754372731130068,0.24076179647526996,0.22764601867501333,1474322128.65,0.9581485006945939,0.7768886671861434,0.0,0.0,0.0,0.04956920120608044,0.0755516994598199,0.3555866337390775,-0.20305164319248825,78.45138055222088,83.35334133653461,84.63385354141657,54.921968787515006,77.0748299319728,3044,健鼎,TWSE,582000.0
2484.TW,90.5999984741211,486,0.0709219870947797,0.301724144545898,0.3130434561466826,0.13585932439500215,1.2689001966519022,2.975507445253226,0.2007952084045208,0.23903093147904197,0.39217773523370125,1370918265.5860283,3.119710581773342,1.2214844287299795,0.020498618624409604,0.020498618624409604,-0.05148683788875852,-0.007338876941890948,0.2677570146816819,0.6040126790480103,-0.3571428448663092,87.1128451380552,91.23649459783913,84.15366146458584,16.26650660264106,77.07292917166866,2484,希華,TWSE,90599.9984741211
3026.TW,877.0,486,0.02934272300469476,0.12435897435897436,0.17402945113788482,0.07607361963190185,2.6701693352388176,7.844446198712568,0.10711355172631443,0.267722700716738,0.3913533028838865,8652355110.35,1.3103735184415075,1.18102091170994,0.02934272300469476,0.02934272300469476,-0.127363184079602,-0.014164639779776445,0.14867157792725086,0.6393467546516967,-0.4898568019093079,86.5846338535414,88.515406162465,96.51860744297718,9.903961584633855,77.05532212885154,3026,禾伸堂,TWSE,877000.0
1326.TW,77.5999984741211,486,0.1462334117008548,0.16691727028753522,0.09915014378599318,0.15820893244956857,0.5064655673565532,1.6971427677410578,0.11614524953787964,0.18902903744283095,0.32633851757107,2081616192.3896434,1.696812769545068,0.7602048180993439,0.0237466404999247,0.0237466404999247,0.0237466404999247,0.1214458757543565,0.046413832969470326,0.4171204795868536,-0.21478379869804431,77.54501800720288,85.8343337334934,87.9951980792317,48.85954381752701,76.88205282112844,1326,台化,TWSE,77599.9984741211
3147.TWO,308.0,486,0.15140186915887854,0.3275862068965518,0.4128440366972477,0.42563869889088113,0.9282954267547077,0.7192660703617537,0.23993558776167467,0.33743485005683627,0.36224906409701796,292774237.325,3.6040960044368275,3.075036527371186,0.04406779661016946,0.04406779661016946,-0.0937011494252874,0.048190859984566625,0.27096447040028726,0.4915462211171885,-0.18443722033155852,81.72869147659064,93.75750300120048,61.46458583433373,48.9795918367347,76.78391356542618,3147,大綜,TPEx,308000.0
3167.TW,1055.0,486,0.08205128205128198,0.22106481481481488,0.12473347547974423,0.21264367816091956,0.5822741126007462,4.3272544188590585,0.1719617862697178,0.377629302371133,0.3543340803938084,4008655842.1,0.44366572893078177,0.970316669446669,0.029268292682926855,0.029268292682926855,0.029268292682926855,0.050867913181345925,0.05385224942610438,0.6673825567693533,-0.5044843049327354,85.69627851140456,92.87715086034414,92.1968787515006,7.743097238895558,76.77360944377752,3167,大量,TWSE,1055000.0
3374.TWO,497.0,486,0.08991228070175428,0.02053388090349073,0.04631578947368431,0.35978112175102606,1.7161405067732995,2.2753458650601095,0.07698141827834659,0.2858436462420768,0.5567899601047919,4376681572.6,1.0319782300261275,0.6251435815548857,-0.0030090270812437314,-0.0030090270812437314,-0.0030090270812437314,0.0783333333333332,-0.07361125110999105,0.6588169338743812,-0.3971291866028708,87.32893157262905,87.51500600240097,93.03721488595438,10.744297719087633,76.7439975990396,3374,精材,TPEx,497000.0
8021.TW,557.0,486,0.11463364854752034,0.1677148846960168,0.23777777777777787,0.1471746611827207,0.5753455907173961,4.9876621873196445,0.15283422422535775,0.27824897257750436,0.22848249406778653,2580514321.2690706,1.6019354579143406,0.7558030221644061,-0.007130124777183555,-0.007130124777183555,-0.037439485885542245,0.05518920410307587,0.18871955738353763,0.4824352867266206,-0.4473684210526315,85.02400960384153,87.55502200880352,89.55582232893158,20.408163265306122,76.64415766306523,8021,尖點,TWSE,557000.0
8111.TWO,93.69999694824219,486,0.20128201215695118,0.20903221868699595,0.3482013949387366,0.99149837338225,0.31538233491003553,0.7313988873547481,0.18330488260150513,0.40094687953723085,0.46074465491632055,1348510564.3791447,1.8254577718367668,1.3087477026401424,-0.00636273684091293,-0.00636273684091293,-0.00636273684091293,0.11423166342226704,0.017701937144653235,0.6795341995785588,-0.15725189674901596,75.73829531812726,94.91796718687475,83.91356542617046,41.23649459783914,76.5842336934774,8111,立碁,TPEx,93699.99694824219
6834.TW,132.0,486,0.1357339436442666,0.21722152603516043,0.33738605958843326,0.11864406779661008,2.587505865476907,3.4245902463144517,0.18035998375297257,0.32348389761821394,0.5023286968594356,958051627.3199879,1.9777845717813434,2.123409388429176,0.007633587786259444,0.007633587786259444,0.0,0.05138742874715829,0.29783803698956324,0.8456990870785441,-0.3459459596926028,88.27731092436974,93.8375350140056,80.31212484993998,7.863145258103241,76.41046418567427,6834,天二科技,TWSE,132000.0
6199.TWO,142.0,486,0.109375,0.2188841201716738,0.47150259067357503,0.3653846153846154,0.26222222222222213,0.3990147783251232,0.20476816541099518,0.36477222026331413,0.4044573393140163,641936067.2845185,1.6541108859488238,5.736607966052784,0.017921146953405076,0.017921146953405076,0.017921146953405076,-0.008500647668393757,0.3497077188787032,0.2732272627006671,-0.1251184544857079,67.55702280912365,94.27771108443376,74.30972388955583,74.24969987995198,76.25400160064027,6199,天品,TPEx,142000.0
2855.TW,58.599998474121094,486,0.03900703703408115,0.029876922717989807,0.12260531834561705,0.256162841529876,0.8232350806197009,1.6906771148157302,0.05938711948899056,0.18882179976306745,0.2590186097111211,283546437.6753256,0.6427938415810618,1.3275676751189396,0.0017093756260015969,0.0017093756260015969,0.0017093756260015969,0.008355707447676886,0.03721770450232505,0.36140357742371043,-0.1449893993714615,84.00360144057623,78.75150060024009,60.86434573829532,63.98559423769508,76.21698679471788,2855,統一證,TWSE,58599.998474121094
3017.TW,3440.0,486,-0.019943019943019946,0.014749262536873253,0.04718417047184165,0.632267608554373,0.41819960965450376,2.4092681032167977,0.0073943919759864585,0.14540776522349086,0.24349526648180264,9524471862.25,1.151741245387443,0.6985947813694424,-0.06648575305291726,-0.06648575305291726,-0.06648575305291726,-0.03173906256098036,-0.1635716990462827,0.5275697522621804,-0.1413935018174084,82.85114045618246,65.02601040416165,97.1188475390156,53.06122448979592,76.06652661064425,3017,奇鋐,TWSE,3440000.0
3265.TWO,238.5,486,0.2891891891891891,0.25857519788918215,0.43243243243243246,0.45871559633027514,0.4383650364994536,1.4258992939744939,0.306491372226787,0.39351446099912346,0.37492196178952186,371369067.95,2.225861810693447,0.8550120523373601,0.09907834101382496,0.09907834101382496,0.09907834101382496,0.181081081081081,0.2795272336556741,0.6316851265018905,-0.2222222222222222,83.00120048019207,95.19807923169266,65.42617046818727,33.31332533013205,75.96098439375749,3265,台星科,TPEx,238500.0
1714.TW,19.950000762939453,486,0.23148147057985513,0.23913045281047807,0.22769235464242787,0.18279873636329924,1.045306082781393,1.5854765427341153,0.20144539235312853,0.24037046026694653,0.37185639560163253,414248240.7949283,6.0426476975037815,1.377741405542473,0.015267234108558236,0.015267234108558236,-0.1135509199808532,0.17455838191924816,0.16675944252132813,0.5597895215101887,-0.2455089868752829,83.96158463385353,91.03641456582632,67.82713085234093,33.55342136854742,75.74889955982393,1714,和桐,TWSE,19950.000762939453
2301.TW,297.5,486,0.04569420035149374,0.04569420035149374,0.022336769759450092,0.4129151302744194,0.8648724625291098,0.6476446711806776,0.041393191563839915,0.12528014934707365,0.2636528818110193,4325832908.2,0.8779748473158171,0.443908969404568,-0.06299212598425197,-0.06299212598425197,-0.06299212598425197,0.04011000791163122,-0.11530160699868972,0.3287398448041391,-0.1513761231342612,74.8139255702281,72.54901960784314,92.9171668667467,65.24609843937574,75.52801120448179,2301,光寶科,TWSE,297500.0
3693.TWO,736.0,486,0.10843373493975905,0.05142857142857138,0.1001494768310911,0.5671448411755942,0.24043940019248544,2.0110666203968233,0.05686387133831139,0.26860517963427943,0.29353901560842743,1452202483.45,1.3192232861661521,1.453187307975639,0.005464480874316946,0.005464480874316946,0.005464480874316946,0.08339636573198628,-0.08889880356077362,0.4578731075552884,-0.21676304698997895,78.75750300120048,81.99279711884755,84.51380552220888,45.73829531812725,75.47689075630254,3693,營邦,TPEx,736000.0
2881.TW,153.0,486,0.01661129568106312,-0.009708737864077666,0.02684563758389258,0.22399999999999998,0.7996770922037177,0.830094972490192,0.008403361344537785,0.10223929879330007,0.2449686804629294,2245271109.25,0.8074805841118037,0.7290840245675132,-0.01607717041800638,-0.01607717041800638,-0.01607717041800638,0.009899886285089976,-0.04782102908277408,0.23844707293981382,-0.05384615384615388,74.2797118847539,62.14485794317727,89.19567827130852,87.09483793517407,75.40566226490597,2881,富邦金,TWSE,153000.0
2340.TW,52.900001525878906,486,0.20638548156618164,0.5513197622582113,0.6352396915318905,0.4859551627322063,0.6403101248334544,0.8792185521401028,0.38608678043538647,0.5598201861725995,0.48361091706762505,787024977.0425231,6.203550100730299,5.230982180358949,0.051689907122358436,0.051689907122358436,0.051689907122358436,0.04757555868320901,0.4732546372878218,0.7252189937226448,-0.30513176790005725,82.23889555822329,97.59903961584632,77.79111644657863,15.366146458583433,75.38085234093637,2340,台亞,TWSE,52900.001525878906
2408.TW,532.0,486,0.025048169556840083,0.07042253521126751,0.0018832391713747842,0.1875,1.4998119323644827,5.605319527742079,0.04549474304804946,0.1049188272352799,0.29207709162547757,21246494711.675,0.8264484817921778,0.5078330596742621,-0.02025782688766109,-0.02025782688766109,-0.02025782688766109,0.024577359763996387,-0.060616760828625216,0.5094289248048548,-0.31808731808731805,85.34813925570228,72.14885954381752,99.51980792316927,26.590636254501803,75.36044417767106,2408,南亞科,TWSE,532000.0
6147.TWO,226.0,486,0.0022172949002217113,0.03196347031963476,0.21179624664879348,0.21505376344086025,1.0071596302664587,3.11539933921092,0.06805293005671076,0.24884877509670278,0.1554792097427189,9463974928.025,0.9138255278755022,1.3602979837414213,-0.023758099352051865,-0.023758099352051865,-0.25101077976288244,-0.05073176676197666,0.1401116588351734,0.6844201781941932,-0.4205378973105135,88.9015606242497,78.031212484994,96.99879951980792,8.643457382953182,75.35984393757504,6147,頎邦,TPEx,226000.0
3081.TWO,2960.0,486,0.11278195488721798,0.04778761061946901,0.03315881326352521,0.6943331425300514,0.37910842112938203,5.780854852387341,0.05066997959002584,0.15745568300312818,0.22820591244333954,9137048246.25,1.3658712990927555,0.8537126209244434,-0.16147308781869685,-0.16147308781869685,-0.16147308781869685,0.10449225157133668,-0.19828556757982527,0.6513491312893938,-0.24929178470254953,84.35174069627851,75.3501400560224,96.75870348139256,26.590636254501803,75.29821928771509,3081,聯亞,TPEx,2960000.0
2357.TW,996.0,486,0.032124352331606154,0.04512067156348376,0.02892561983471076,0.4167852062588904,0.7989380636335024,0.5490854267178027,0.03523542251325229,0.11173122000223246,0.273989636345797,2142179409.35,0.6120380844058667,0.5543469385494467,-0.028292682926829293,-0.028292682926829293,-0.028292682926829293,0.024892947372928464,-0.11000278225158602,0.3022795769464228,-0.09853658536585364,73.08523409363745,70.78831532613044,88.47539015606243,75.1500600240096,75.12925170068027,2357,華碩,TWSE,996000.0
4556.TWO,145.0,486,0.3004484304932735,0.7038778213855608,0.8709677419354838,0.20331950207468874,3.8974705234116476,5.345418312560123,0.440922191294183,0.5540709522244021,0.9633945814481673,184601950.87664908,2.4753870345465248,5.260532580731575,0.0,0.0,0.0,0.08270649500940258,0.8031945745772542,0.8943880072942461,-0.4996226184772995,93.80552220888354,98.63945578231294,52.34093637454982,1.7406962785114048,74.98459383753502,4556,旭然,TPEx,145000.0
3532.TW,509.0,486,0.07383966244725748,0.1714614499424627,0.278894472361809,-0.0019607843137254832,1.62935969338531,3.164047198609297,0.12935433769691596,0.2877653855073685,0.474313109759781,3627143079.875,1.1293988142468465,0.8480998286691179,-0.026768642447418722,-0.026768642447418722,-0.026768642447418722,0.004116044356805237,0.2795480671330508,0.5552885533997172,-0.49330783938814526,80.32412965186074,91.43657462985193,91.47659063625451,14.945978391356544,74.96838735494197,3532,台勝科,TWSE,509000.0
6658.TW,214.5,486,0.18508287292817682,0.2152974504249292,0.25072886297376096,0.22571428571428576,1.7676659192690471,2.568230664901099,0.18918918918918926,0.2820640533944314,0.23852885026968584,107077588.525,5.549681018844215,1.4150532388526087,0.05665024630541882,0.05665024630541882,-0.16536964980544744,0.12240065718473658,0.1754907677356657,0.4597344521181373,-0.2571428571428571,89.87995198079231,89.11564625850339,42.49699879951981,37.755102040816325,74.76270508203281,6658,聯策,TWSE,214500.0
0050.TW,116.05000305175781,485,0.035698347979092215,0.042209291801014626,0.055959976710561854,0.10355559524862357,0.40500825589467926,1.079088973147042,0.04563681951211196,0.09316383520459448,0.13280412686124743,7728765689.273279,0.9527276893076215,1.031247845307951,-0.00386263474885995,-0.00386263474885995,-0.00386263474885995,0.021708353801451752,0.021441444961020663,0.15553791100142783,-0.11589320509518664,68.25330132052821,65.38615446178471,96.03841536614645,87.51500600240095,74.59353741496598,0050,元大台灣50,TWSE,116050.00305175781
4908.TWO,243.5,486,0.19070904645476783,0.09438202247191008,0.0703296703296703,0.5864548426490488,0.5813372661601597,1.6613166883634305,0.06355099366673955,0.3188266141629812,0.23595689029983857,1387581827.075,1.3368964563683425,1.4014496588578684,-0.04133858267716539,-0.04133858267716539,-0.1648815622382408,0.17312662887235025,-0.12515527722001263,0.7844910429156072,-0.22829578007633722,83.34933973589435,82.07282913165267,84.27370948379351,25.81032412965186,74.53801520608243,4908,前鼎,TPEx,243500.0
3455.TWO,284.0,486,-0.010452961672473893,0.14747474747474754,0.23747276688453156,0.28226155919530727,0.5476758158773563,1.8815587106650757,0.10818456735928206,0.2488651388326677,0.20922308016462843,734891405.05,1.4733626014434558,1.0820973127302598,-0.010452961672473893,-0.010452961672473893,-0.07139449503018436,-0.06982115339360678,0.1433855804860958,0.49259611708344414,-0.33111111599931864,84.47779111644658,84.11364545818327,76.5906362545018,25.870348139255704,74.41256502601041,3455,由田,TPEx,284000.0
2883.TW,37.54999923706055,486,0.017615113395748283,-0.04452926295097026,0.006702413005724717,0.27288133006984894,0.8373827370888887,1.573552508466788,-0.02207177030391183,0.10698928878555658,0.28736322958589944,1840842232.4663482,0.8829988007719389,1.0412179395653225,-0.07169348507246276,-0.07169348507246276,-0.07169348507246276,0.015939510144317104,-0.08425803035089159,0.3289412845076432,-0.08776264944630308,80.1440576230492,55.422168867547015,87.63505402160864,74.60984393757502,74.25710284113644,2883,凱基金,TWSE,37549.99923706055
6691.TW,789.0,486,0.07639836289222379,0.24251968503937005,0.2829268292682927,0.2727061857750821,0.3636138375995879,1.0208510570444775,0.16698713208105298,0.23799598203940664,0.27952758253392607,578986986.6,1.6725805374540896,1.235729973330783,-0.006297229219143552,-0.006297229219143552,-0.006297229219143552,0.005666655575150614,0.19202476734326535,0.5217768711539962,-0.19496015384289656,76.41656662665066,88.3953581432573,72.86914765906363,45.55822328931573,74.25040016006403,6691,洋基工程,TWSE,789000.0
0056.TW,58.45000076293945,486,0.026338893413608844,0.022747142648314345,0.046553309934701304,0.14644289071217909,0.528381096665062,0.7620835119683957,0.03391856150827155,0.09597713411640174,0.16956977437360732,1556193814.2200005,1.7507440236816778,0.9611442368364137,0.006024135938217823,0.006024135938217823,0.006024135938217823,0.014700565929933518,-0.0022609869693583917,0.10164040741792402,-0.10234278723039258,69.1236494597839,65.74629851940777,85.71428571428571,92.01680672268907,74.20188075230092,0056,元大高股息,TWSE,58450.00076293945
3324.TWO,1520.0,486,-0.003278688524590123,-0.050000000000000044,0.13432835820895517,0.7592592592592593,0.4712240382097814,0.6747593561669953,0.023052330472825178,0.2772572580983992,0.3596415704586957,5696188815.25,0.9352899019387326,1.0563641467092246,-0.11111111111111116,-0.11111111111111116,-0.11111111111111116,-0.036860778076828915,-0.11875806154413127,0.6798722363346905,-0.1515151515151515,76.45858343337335,76.91076430572228,94.47779111644657,41.896758703481396,74.09023609443777,3324,雙鴻,TPEx,1520000.0
6426.TW,341.0,486,0.004418262150220897,-0.042134831460674205,0.11074918566775249,0.9577802747192385,0.6543954814740347,3.705684073990822,-0.016015005049776376,0.32828081634135176,0.40722537069450104,1235462973.675,0.8519982348995436,1.3496470558684046,-0.12899106002554284,-0.12899106002554284,-0.12899106002554284,-0.023269034266717226,-0.208510905905327,0.8531998651495729,-0.23611109813595066,90.54621848739495,67.4669867947179,83.07322929171669,22.448979591836732,73.44087635054022,6426,統新,TWSE,341000.0
2454.TW,4690.0,486,-0.05823293172690758,-0.09459459459459463,-0.00424628450106157,0.2814207650273224,1.4897216024456772,2.4231182328662464,-0.029889337056572596,0.11555996035678873,0.18557351076513595,33148858568.75,0.7542475005955039,0.8564316451384852,-0.11258278145695366,-0.11258278145695366,-0.11258278145695366,-0.057171360601642185,-0.0980532061768357,0.5312227992824374,-0.18709677419354842,84.72989195678271,52.060824329731894,99.87995198079231,46.03841536614646,73.031412565026,2454,聯發科,TWSE,4690000.0
6214.TW,192.0,486,0.015873015873015817,0.007874015748031482,0.037837837837837895,0.3665480427046264,0.623751666847651,0.637006838971417,0.011857707509881354,0.12626484821821382,0.28682274433978727,294672255.325,0.34734445237628453,0.4579082829834141,-0.01285347043701801,-0.01285347043701801,-0.01285347043701801,0.006413556413556343,-0.08434484306370423,0.12349869782950268,-0.07467532467532467,72.82713085234093,66.1064425770308,61.58463385354141,96.15846338535414,72.96028411364544,6214,精誠,TWSE,192000.0
6805.TW,2370.0,486,-0.008368200836820106,-0.052000000000000046,0.09976798143851506,0.8080101155233668,0.2560912049082624,1.4527988790549031,0.015859408486926796,0.2245604502984062,0.2679906269529184,3711580088.0,1.3544369708889374,0.9102116043344446,-0.08846153846153848,-0.08846153846153848,-0.08846153846153848,-0.03331019619644887,-0.1695687237359405,0.6766726492391566,-0.15463917090289625,77.56302521008402,71.42857142857143,91.59663865546219,41.77671068427371,72.76650660264106,6805,富世達,TWSE,2370000.0
6533.TW,352.5,486,-0.038199181446111896,0.38506876227897835,0.376953125,0.5666666666666667,0.6132723112128147,0.11023622047244097,0.23240975439209866,0.38148010050831305,0.48310903016040885,1260378267.65,0.9911005688171035,2.8421314615797844,-0.038199181446111896,-0.038199181446111896,-0.038199181446111896,-0.1324374626961119,0.18806423611111112,0.8970791243293976,-0.16542750929368033,68.79351740696278,95.4781912765106,83.31332533013205,34.27370948379352,72.46468587434973,6533,晶心科,TWSE,352500.0
4958.TW,592.0,486,0.1607843137254903,0.21063394683026582,0.1722772277227722,-0.05882352941176472,1.3237684072578473,2.405980737142168,0.15828604969673243,0.20915032679738554,0.20394853277523017,16104032898.225,1.6398672328102226,0.8885234329345886,-0.05882352941176472,-0.05882352941176472,-0.08359133126934981,0.11771500679479724,0.19188507086002712,0.5086158799679018,-0.39158576051779936,73.85954381752701,84.91396558623448,98.91956782713085,20.70828331332533,72.4094637855142,4958,臻鼎-KY,TWSE,592000.0
2302.TW,50.099998474121094,486,0.0774193220241095,0.14645303431228474,0.19856457867352395,0.17192978886832977,1.7578775155022037,1.7654331541884107,0.11649670581158,0.16117813600702235,0.3143395784787246,250680894.0605606,2.059071920525553,1.209825749407026,0.005015045288913722,0.005015045288913722,-0.09566792248700628,0.027778177355728517,0.14125464905074736,0.5999662950805192,-0.26805251193637114,85.38415366146458,84.35374149659864,58.82352941176471,26.41056422569028,72.29641856742698,2302,麗正,TWSE,50099.998474121094
1815.TWO,135.0,486,0.1637931034482758,0.10655737704918034,0.05410117672793713,0.6097697970020417,0.2320663447762623,1.0906097233617018,0.10882956878850103,0.33724423864812625,0.3502644588109687,6786451629.95,1.2892024808228981,0.7297873269440694,0.018867924528301883,0.018867924528301883,0.018867924528301883,0.15026780926629152,-0.14915542227274345,0.5658492534639294,-0.3395399729808316,72.36494597839135,89.4357743097239,95.31812725090036,20.468187274909962,72.29111644657863,1815,富喬,TPEx,135000.0
6716.TWO,138.5,486,0.17872340425531918,0.17372881355932202,0.17372881355932202,0.5303867403314917,0.8531696513154885,1.7797545479149894,0.13084302918963053,0.24832879854695378,0.3524165331539071,120090922.2,3.3800813590386682,0.91699256803191,-0.09771986970684043,-0.09771986970684043,-0.09771986970684043,0.13529120086548868,-0.003066766551175215,0.739717084811162,-0.24813634369682425,88.28931572629051,88.5954381752701,45.85834333733494,23.4093637454982,72.26920768307323,6716,應廣,TPEx,138500.0
6209.TW,90.0999984741211,486,0.08948007012031933,0.16861219529548377,0.16258062547253016,0.15597993869078786,0.4925069989778308,1.1477970669996083,0.105046895722547,0.1991417013195651,0.18700733774221034,840837050.5148071,1.6563883201310943,0.9494940080564394,-0.008800913512966857,-0.008800913512966857,-0.06641536735626541,0.04883491375218679,0.11058731257560087,0.42183307691652366,-0.2605363759076864,75.69027611044417,81.35254101640656,78.27130852340936,39.61584633853542,72.08183273309324,6209,今國光,TWSE,90099.9984741211
3219.TWO,130.0,486,-0.011406844106463865,0.1981566820276497,0.4606741573033708,0.8009493600312261,0.9292146374921624,0.5291470045586266,0.20537783959202605,0.5446342338494821,0.6438364992314825,221496494.2661976,1.4411758383539248,2.4466491279003453,-0.07473309608540923,-0.07473309608540923,-0.07473309608540923,-0.12657538343230657,0.1936910372929621,0.8944584695122436,-0.2366745616177699,80.41416566626651,96.67867146858744,56.062424969988,21.788715486194477,72.03371348539416,3219,倚強科,TPEx,130000.0
6669.TW,2240.0,486,0.06161137440758302,0.05910165484633567,-0.042735042735042694,0.3621732737721026,0.8580989674887765,1.199989305820679,0.0229478250941888,0.06306125853464284,0.1962476164055278,6582188613.75,0.7965001268333791,0.6785237431089804,-0.1434025619760716,-0.1434025619760716,-0.1434025619760716,0.07229513509134369,-0.16345946732574357,0.3936002354484318,-0.202676045410763,77.5750300120048,59.82392957182873,95.19807923169267,52.4609843937575,72.01360544217687,6669,緯穎,TWSE,2240000.0
6207.TWO,146.0,486,0.006896551724137945,0.2640692640692641,0.2532188841201717,0.08614112827610132,1.5634450407854947,1.3880952841496539,0.15369419201896495,0.2694069718620977,0.30821527214847966,1503564487.95,1.4448938654947683,2.2436920683105,-0.03947368421052633,-0.03947368421052633,-0.11402387312139062,-0.056408169305904976,0.22450517469480458,0.7441422589839519,-0.4129697562852258,79.72989195678271,89.59583833533414,84.99399759903962,6.422569027611043,71.98989595838334,6207,雷科,TPEx,146000.0
2254.TW,92.30000305175781,486,-0.019128538273656903,0.12423879131802762,0.46275761146986993,0.5564924829556044,0.3261494982083528,0.5306800036413595,0.11486897519451089,0.3572531844737987,0.39510282578884115,198281510.18822822,2.191108494685718,5.295802640494435,-0.09064036402209052,-0.09064036402209052,-0.09064036402209052,-0.1348179411411244,0.27726011715133514,0.5593662894876908,-0.09950737412927191,72.43697478991596,90.95638255302121,53.9015606242497,56.90276110444178,71.95638255302121,2254,巨鎧精密-創,TWSE,92300.00305175781
2241.TW,50.5,486,0.1464245374495461,0.2302070874195743,0.47660815419407543,0.2849873022994278,0.8100358670420749,0.7324185475425464,0.24529930454360138,0.3919834689008783,0.36535689252239134,193139258.31716806,4.975428977154127,9.6703838060649,-0.028846153846153855,-0.028846153846153855,-0.028846153846153855,0.02727249890102723,0.38161238676093284,0.6600560414723418,-0.24441684021330878,80.15606242496999,94.51780712284915,53.54141656662665,27.43097238895558,71.84553821528611,2241,艾姆勒,TWSE,50500.0
6456.TW,100.0,486,0.13765640800994405,0.35869568034246035,0.4970059196332408,0.4388489208633093,0.3020832815931924,0.5698586939135457,0.2698412667656762,0.43181004392701516,0.3929193298395621,1510424342.874146,2.7533348672490017,4.2325559318426755,-0.019607843137254943,-0.019607843137254943,-0.019607843137254943,0.01340492810163385,0.3507229460121377,0.7353640257003747,-0.277856140182858,71.60864345738295,95.4781912765106,85.1140456182473,18.007202881152462,71.56162464985995,6456,GIS-KY,TWSE,100000.0
2851.TW,47.95000076293945,486,0.04013020282108881,0.011603359058127038,0.050383333191274415,0.27357234580670053,0.7189987039615398,1.1325653377598184,0.022987903969195367,0.14359536229313585,0.2749242266013563,119260138.6812561,0.5849663163470747,0.5379763075432796,-0.004153702110101909,-0.004153702110101909,-0.004153702110101909,0.027534369523270208,-0.04080744874429243,0.25141095532444996,-0.11688311688311692,78.69747899159664,70.18807523009202,45.73829531812726,77.43097238895558,71.43627450980392,2851,中再保,TWSE,47950.00076293945
2887.TW,41.0,486,-0.0060606060606061,-0.0442890782820311,-0.04205605769034515,0.20268191062073404,0.7088206011706193,1.4362899832067217,-0.03546434021124234,0.06495078720165037,0.25937854374868663,2152478353.666337,0.6577892444472717,0.7921825882772612,-0.07657660831153768,-0.07657660831153768,-0.07657660831153768,0.004453408361980188,-0.10961669456392316,0.23487516564644811,-0.0867117602816827,74.51380552220888,47.899159663865554,88.5954381752701,83.19327731092437,71.27430972388956,2887,台新新光金,TWSE,41000.0
5013.TWO,53.0,486,0.24413149996230077,0.6408669118229753,0.8928571428571428,1.0996098904914273,0.7795054434597248,0.938389827020564,0.44492913096065667,0.7912377769813908,0.8668207290656651,23499588.893914033,6.930034835950453,13.102137150574071,0.00569258506105208,0.00569258506105208,0.00569258506105208,0.02091721424801507,0.5263205126933337,0.8905121687404077,-0.06893202402059317,85.66626650660262,99.07963185274109,3.721488595438175,49.09963985594238,71.24289715886354,5013,強新,TPEx,53000.0
3234.TWO,183.0,486,0.06395348837209291,0.05780346820809257,-0.07106598984771573,0.6486486486486487,0.6266666666666667,4.000000208453411,0.02092050209205021,0.2078725915097921,0.36816780416772943,549485106.575,1.2534623919129084,0.6056726651448257,-0.1327014218009479,-0.1327014218009479,-0.1327014218009479,0.08171998583402185,-0.28728220606393196,0.6841446033568845,-0.23348017621145378,83.62545018007202,74.22969187675069,71.90876350540216,28.391356542617046,71.23389355742297,3234,光環,TPEx,183000.0
3042.TW,211.0,486,-0.034324942791762014,0.14986376021798375,0.2267441860465116,0.14054054054054044,0.5374498411583406,1.1829917893683293,0.07324516785350976,0.16226761533165024,0.15324229747133122,4101018752.025,1.6367739355549933,1.25130218177635,-0.08459869848156187,-0.08459869848156187,-0.15261044176706828,-0.09101098930338991,0.17989733919966477,0.6130842877485392,-0.27968337730870707,76.88475390156063,75.59023609443777,92.43697478991596,23.529411764705884,70.890656262505,3042,晶技,TWSE,211000.0
1727.TW,107.0,486,-0.044642857142857095,0.009433962264151052,0.1810154724292119,0.2186787731308375,0.9775405869689944,2.0932956557191833,0.020992370128603666,0.18456741298112056,0.2129058216605637,1711200063.058506,1.729920868272095,2.4864964652916024,-0.13008130081300817,-0.13008130081300817,-0.13008130081300817,-0.08989672525016007,0.10812254805226607,0.8399782554086955,-0.33652824041871154,86.64465786314526,70.02801120448179,86.5546218487395,8.823529411764705,70.80382152861144,1727,中華化,TWSE,107000.0
6538.TWO,332.5,486,-0.1001353179972937,-0.25364758698092027,0.03582554517133962,1.1314102564102564,3.543706710190839,3.046140821287456,-0.09566872917658265,0.3715582138805815,0.9094542135895323,836499688.8,1.7793728166117526,0.7289967491586404,-0.25364758698092027,-0.25364758698092027,-0.25364758698092027,-0.1090917042901286,-0.3413112069654125,1.111957164713547,-0.3221099887766554,92.27490996398559,64.6658663465386,78.15126050420169,8.94357743097239,70.75440176070428,6538,倉和,TPEx,332500.0
6173.TWO,302.1276550292969,486,-0.059288887959802694,-0.060841201065315764,0.04045743844559624,0.1906489957236972,2.414229128921639,4.967788645167766,-0.04035454964208307,0.22234734863900774,0.3006738012830721,5353447865.08242,0.4229005455254014,1.0293442554919254,-0.09661866606125635,-0.09661866606125635,-0.18272808195933554,-0.06940324757120175,-0.02309222679563616,0.5732314724146886,-0.42764576205632876,87.64705882352942,59.66386554621849,93.99759903961584,14.8859543817527,70.68967587034814,6173,信昌電,TPEx,302127.6550292969
6526.TW,801.0,486,-0.033775633293124274,0.048429319371727786,0.2457231726283049,0.23993808049535614,0.6244126109113883,0.5159174646643385,0.07755431492567433,0.24144344277116203,0.24125822336437652,1165039633.75,0.7414392101604065,3.0853568860819904,-0.04869358669833734,-0.04869358669833734,-0.04869358669833734,-0.0952064264502005,0.1657438124631862,0.634012091241649,-0.2332814930015552,73.19327731092437,82.03281312525012,82.83313325330131,31.032412965186076,70.5250100040016,6526,達發,TWSE,801000.0
3236.TWO,58.900001525878906,486,0.2131823367963661,0.3665894109310641,0.3555811390483907,0.09318479696587278,0.6642060076955187,1.7971160521094651,0.26252615774161003,0.31560963079439164,0.24211424623424627,310119830.7799166,6.903057789326291,1.8524086852534363,0.04804271754956879,0.04804271754956879,-0.1838551525814126,0.12428705203426843,0.32451954005976646,0.5972615912505764,-0.3555758481259823,79.22569027611044,90.87635054021608,62.665066026410564,16.986794717887154,70.31842737094837,3236,千如,TPEx,58900.001525878906
2368.TW,1285.0,486,0.17351598173515992,0.23557692307692313,0.1953488372093024,0.26600985221674867,0.11081025353570384,1.8789631409346965,0.17330168005843682,0.2593512136160203,0.10763628619659693,10498954676.1,1.294428487896914,0.998421906005615,0.01984126984126977,0.01984126984126977,-0.1343853376254227,0.12467877243283432,0.10667888647038619,0.6842913022546665,-0.2965853658536586,71.98679471788715,82.19287715086034,97.35894357743096,17.827130852340936,70.22018807523008,2368,金像電,TWSE,1285000.0
4760.TWO,367.0,486,0.27209705372616977,0.3954372623574145,0.34678899082568804,0.3087941112483963,0.407199598312604,1.4715364011360244,0.29601836320296626,0.4198836858192776,0.2663275600947703,194995256.05,4.286202824788533,1.339321779304067,0.05308464849354366,0.05308464849354366,-0.20018143448971215,0.18539980601974776,0.24385762040955594,0.7321661861408814,-0.30579963918072806,81.21848739495798,93.07723089235695,53.78151260504202,15.066026410564227,70.14475790316128,4760,勤凱,TPEx,367000.0
3543.TW,56.099998474121094,486,0.09784736104311587,0.19361698881108702,0.2941176574114863,0.8009630549320699,0.32835788135529675,0.5753665153853496,0.1824217221928237,0.3626978355217507,0.47802101260219,134242250.79509622,2.206414853019361,0.7056288862208603,0.0071812873555252565,0.0071812873555252565,0.0071812873555252565,0.024317946690244285,0.02712997243412968,0.4804541014391868,-0.22935779816513757,73.24129651860744,94.35774309723888,48.37935174069628,41.95678271308523,70.0984393757503,3543,州巧,TWSE,56099.998474121094
3231.TW,188.5,486,-0.01049868766404205,0.04432132963988922,0.01072386058981234,0.32280701754385954,0.45830219342601386,0.6083332340618299,0.016172506738544534,0.04408031387029787,0.15407332911144356,7305862834.875,0.6977389625511994,0.7386625195665573,-0.04797979797979801,-0.04797979797979801,-0.04797979797979801,-0.013179652811495135,-0.09687847859147418,0.28353126274676194,-0.1091370558375635,68.6734693877551,53.9015606242497,95.43817527010803,75.69027611044417,70.04771908763504,3231,緯創,TWSE,188500.0
6152.TW,21.0,486,0.35922331775089145,0.3680781418970427,0.5613383121042119,0.6470588235294117,0.18644062682585516,1.1989528356631447,0.31291028211549454,0.4873399033806731,0.4632446871902751,70745751.11499515,7.93382199492272,3.3345246261384394,0.06060610147364853,0.06060610147364853,0.06060610147364853,0.21888873972483847,0.345652037594408,0.6356729247314182,-0.16666665462532415,76.21248499399759,96.79871948779511,33.61344537815126,42.31692677070828,69.88485394157662,6152,百一,TWSE,21000.0
3264.TWO,256.0,486,0.042769857433808456,-0.07414104882459316,0.13777777777777778,0.17701149425287355,0.491934303447189,1.9736732190205224,0.04160309225918013,0.1463969847370974,0.15844147976812417,3916563135.95,1.1279820963887308,2.7347414268007464,-0.09859154929577463,-0.09859154929577463,-0.09859154929577463,0.008325412989364012,0.07877394636015325,0.7001036681883059,-0.3221052631578948,80.2280912364946,70.70828331332534,91.95678271308523,14.765906362545017,69.78811524609846,3264,欣銓,TPEx,256000.0
6708.TWO,69.19999694824219,486,0.2183098217911763,0.7789201602525819,0.8210525512695312,0.7997398068959605,0.7974025181361608,0.7171215448710164,0.44166660881704733,0.667168509957069,0.686228250577609,24206128.305209734,5.51023419904841,20.794464934858173,-0.05075451989288704,-0.05075451989288704,-0.05075451989288704,0.013046683973793494,0.5544726156375444,0.8187970125729483,-0.0800000190734863,82.69507803121247,98.47939175670268,4.921968787515006,48.07923169267707,69.7828131252501,6708,天擎,TPEx,69199.99694824219
2061.TWO,67.30000305175781,486,0.0907617863788106,0.22141569719583054,0.42584749923564624,-0.004437802206136543,3.1543209803865704,2.9127907015427565,0.19379162033458885,0.22999137427224303,0.4392387479772779,144036927.8099827,1.8182305467382063,1.0825779132104025,-0.016081848678101474,-0.016081848678101474,-0.18915658973785765,-0.015700088430100956,0.42732676663769176,0.6450364387122333,-0.3080882465138155,81.31452581032413,91.4765906362545,49.339735894357744,18.907563025210084,69.69777911164466,2061,風青,TPEx,67300.00305175781
6944.TW,860.0,486,0.07499999999999996,0.1911357340720221,0.21813031161473084,0.15991277999603537,0.2666454513909491,1.1762173153055824,0.14202244206891979,0.15736022905441693,0.17758307548820462,349593998.45,2.3703523808196008,1.8293196655528396,-0.052863436123347984,-0.052863436123347984,-0.052863436123347984,0.020467422096317245,0.16482605161605238,0.4698445830457153,-0.20506634499396859,72.0828331332533,81.35254101640658,64.22569027611044,46.69867947178871,69.4140656262505,6944,兆聯實業,TWSE,860000.0
5228.TWO,61.29999923706055,486,0.40274595347483566,0.5479798383608669,0.47710841535085646,0.22599998474121086,0.8162962736906829,2.627218971641111,0.417422972288481,0.45631643483634554,0.26894314060726043,43321230.738115504,12.108546364880572,2.700980718082443,0.0985663095914,0.0985663095914,-0.19553803553696025,0.28346884963712154,0.4017750871037862,0.7188933832484126,-0.3093306335902747,88.70948379351739,94.03761504601842,23.04921968787515,15.126050420168067,69.15496198479391,5228,鈺鎧,TPEx,61299.99923706055
2413.TW,57.20000076293945,486,0.10852717934917999,0.07924529741395192,0.24483133434621362,0.31501162228303636,0.14348834540208566,1.6541519942819738,0.08662615903587478,0.25440075162467535,0.20765789456177486,491507146.3471958,1.7550873296550364,6.52072138808993,-0.015490494575185143,-0.015490494575185143,-0.07423185623383344,0.047319345762626586,0.13982746025186815,0.5871347948612468,-0.23366562142916358,73.23529411764706,82.31292517006803,70.22809123649459,33.793517406962785,69.13735494197678,2413,環科,TWSE,57200.00076293945
5434.TW,596.0,486,0.051146384479717755,0.11610486891385774,0.12030075187969924,0.11043482117372272,0.4628482674144849,1.0563606500380267,0.07271418286537079,0.10837042522626739,0.20895623158913756,366635798.6,1.807627552496082,0.8873526419756335,-0.03870967741935483,-0.03870967741935483,-0.03870967741935483,0.021071196509792944,0.08348914482179168,0.3199786875131872,-0.20218120805369133,71.4405762304922,73.86954781912765,65.1860744297719,58.16326530612245,69.11804721888755,5434,崇越,TWSE,596000.0
6174.TWO,64.0,486,0.28,0.45785871925931954,0.47465432603355007,0.13879002012761865,1.360437732666739,1.7656632907227428,0.3425634495803833,0.39969745889033637,0.4140050581860235,88300359.59248371,6.80519811933014,1.3371405038457762,0.05785123966942152,0.05785123966942152,0.015873015873015817,0.1613364184916125,0.4283909859910105,0.8547086998542269,-0.36622070218371006,84.8079231692677,96.15846338535414,38.775510204081634,6.002400960384154,68.91986794717887,6174,安碁,TPEx,64000.0
6168.TW,40.349998474121094,486,-0.14148939416763628,-0.08295458013361146,0.4133099668087925,0.5027932179087886,0.43085097100951897,0.8637413018513616,0.03137576926671071,0.34544843223325183,0.3952281639257593,634338168.4928473,1.1145701101315455,3.44121380602921,-0.14331210655365012,-0.14331210655365012,-0.14331210655365012,-0.2448168858698344,0.24571222750586297,0.8618209094808321,-0.2826087332102356,78.91956782713085,80.91236494597838,73.8295318127251,13.865546218487395,68.89615846338535,6168,宏齊,TWSE,40349.998474121094
5347.TWO,186.5,486,0.01084010840108407,0.07803468208092479,0.22697368421052633,0.07183908045977017,0.44086019223707384,0.862575434717777,0.07959479015918958,0.15646961554361294,0.14150910034912312,3246194655.7,1.1085620127006004,1.4896150786180684,-0.023560209424083767,-0.023560209424083767,-0.13220918147755123,-0.04590331265154751,0.20302732405726961,0.4027786079960419,-0.29066666666666663,68.42136854741896,75.4701880752301,90.75630252100841,36.554621848739494,68.75380152060825,5347,世界,TPEx,186500.0
6227.TWO,138.5,486,0.010948905109489093,0.025925925925925908,0.2366071428571428,0.26843256471472077,0.5463705744566634,0.5890409184247887,0.03823088455772106,0.1544436934988549,0.1985011776719101,234625793.35,0.844496537964873,3.127110925973397,-0.028070175438596467,-0.028070175438596467,-0.028070175438596467,-0.048202880604796605,0.14712962128556922,0.4903600974144529,-0.11922462666006639,74.02160864345738,72.18887555022009,57.262905162064826,58.5234093637455,68.72488995598239,6227,茂綸,TPEx,138500.0
2884.TW,45.0,486,-0.007717717439854388,-0.022801286741727433,-0.012074626701926605,0.30434782608695654,0.4214000811524248,0.39809851642372984,-0.01375266613919024,0.10739700113210682,0.24006535813753915,1539871407.1839635,0.34595548037508467,0.7115388588176276,-0.048625777466365094,-0.048625777466365094,-0.048625777466365094,-0.004699060764372737,-0.11352390206424545,0.2402186139417855,-0.0528541234740908,63.46938775510205,55.78231292517006,85.59423769507804,87.03481392557023,68.40116046418566,2884,玉山金,TWSE,45000.0
2890.TW,44.04999923706055,486,0.016844165077660955,-0.029735732234476453,0.01380894047377934,0.16530934410647258,0.3875229142174368,0.8820575264581352,-0.008938857765562802,0.06727493592175038,0.1967309754984099,1082091350.9044461,0.6977733287574576,0.9800524748888393,-0.04134932523029111,-0.04134932523029111,-0.04134932523029111,0.01339192995921612,-0.04129417422837819,0.2514864230400855,-0.05722950704398988,67.34093637454983,51.66066426570628,81.99279711884753,85.65426170468187,68.3656462585034,2890,永豐金,TWSE,44049.99923706055
2404.TW,1305.0,486,0.0,0.14473684210526305,0.23696682464454977,0.1366479042756561,0.44056436981002056,0.36743932961376924,0.10804500106134585,0.15427139382324762,0.16315471956409233,2136918825.75,0.8047941997903528,1.4236486217676048,-0.022471910112359605,-0.022471910112359605,-0.027489051865140057,-0.05924170616113744,0.19141752321933106,0.5958940329547421,-0.19599999999999995,65.0720288115246,78.87154861944778,88.35534213685474,40.696278511404564,68.3580432172869,2404,漢唐,TWSE,1305000.0
2330.TW,2550.0,486,0.015936254980079667,0.03658536585365857,0.03542767005180503,0.05682081368767511,0.229894171732546,0.993259809359035,0.030417190761896862,0.05878805770775397,0.08432699900999019,47611259880.962,0.9433054700851248,1.1047703727493352,-0.013539651837524147,-0.013539651837524147,-0.013539651837524147,0.00707933746712841,0.01648739882257999,0.19022444575330943,-0.10931173125830118,59.66986794717887,54.78191276510605,100.0,84.87394957983193,68.2780112044818,2330,台積電,TWSE,2550000.0
3311.TW,46.900001525878906,486,0.03875968861256718,0.2761905177109907,0.4865294028529583,0.3100559364629125,0.4439818654197665,0.3479887705556557,0.17198728756134662,0.33564329485155686,0.34113281107790216,120554145.02199201,4.117349814854686,18.543925948999114,-0.05538771229577155,-0.05538771229577155,-0.05538771229577155,-0.0828726621006724,0.38317742403198746,0.7106019794582845,-0.13259671390182082,70.57623049219688,92.11684673869547,45.978391356542616,43.87755102040816,68.26690676270508,3311,閎暉,TWSE,46900.001525878906
2360.TW,2330.0,486,0.12019230769230771,-0.04508196721311475,0.028697571743929284,0.2802197802197801,0.14619860706498278,2.9490875859741035,0.04041080598347846,0.10204564266288285,0.07567176033299106,5491094644.75,1.288573677533433,1.1897096187645038,-0.04508196721311475,-0.04508196721311475,-0.10487344470766813,0.11301791475632539,-0.06470902166266408,0.6507773864630457,-0.1694915254237288,72.59303721488595,60.82432973189276,94.3577430972389,40.93637454981993,68.16706682673069,2360,致茂,TWSE,2330000.0
7792.TWO,403.5,437,-0.04156769596199528,0.06746031746031744,0.2748815165876777,0.7429805615550755,0.16457344956148434,0.9097936251322998,0.07650236777162678,0.3876311113658508,0.4084579997937816,365792191.525,1.0533696587934658,1.454146565798895,-0.10631229235880402,-0.10631229235880402,-0.10631229235880402,-0.1102880751089147,0.02722132940265251,0.7583235374231347,-0.23027718550106613,71.96278511404562,88.15526210484192,65.06602641056422,26.230492196878753,68.11654661864745,7792,安葆,TPEx,403500.0
6225.TW,71.5999984741211,486,0.07025406339376672,0.39571149198761124,0.1642276174653836,1.9046652974508302,2.8702701877903296,3.3003003071805095,0.13246338989514173,0.5141142790927582,1.0266290505953255,22599504.658740424,1.2519352875444152,2.034487043875306,-0.044058784840179444,-0.044058784840179444,-0.044058784840179444,0.029197159027420816,-0.47066081501822643,1.1311025672731474,-0.38317757247338957,95.95438175270108,94.87795118047218,2.4009603841536618,3.6614645858343335,67.80832332933173,6225,天瀚,TWSE,71599.9984741211
2801.TW,27.950000762939453,486,0.014519112049223626,-0.014109333797107215,0.0256881013922734,0.2547596627715403,0.38699430128240087,0.5185808885250318,0.0008056793564990006,0.10621431145608362,0.220437342793377,765475799.7433579,0.511445353380351,1.3438045942967305,-0.05574322963736211,-0.05574322963736211,-0.05574322963736211,0.008097086701155276,-0.05923178619824003,0.28057394557659143,-0.08108106714865881,65.22809123649459,59.22368947579031,77.19087635054022,80.0720288115246,67.74799919967987,2801,彰銀,TWSE,27950.000762939453
6218.TWO,56.0,486,-0.10828024394381874,-0.08196721311475408,0.19914344936030304,0.584158484221613,0.46596855710876306,1.821158635960372,-0.02123568928887709,0.2827120277312336,0.3831429518694307,323391986.889678,0.7993711707652528,3.02385143280187,-0.17282123302290597,-0.17282123302290597,-0.17282123302290597,-0.1580661062838945,0.004423954619765386,0.97955990419744,-0.21744967467032827,84.92797118847538,65.1860744297719,63.1452581032413,24.909963985594235,67.72238895558223,6218,豪勉,TPEx,56000.0
2882.TW,110.0,486,-0.004524886877828038,-0.017857142857142905,-0.03083700440528636,0.1446410171340644,0.535425633039118,0.7261905189495297,-0.01212393354288277,0.05239659380587591,0.14944980468233737,2134249070.425,0.8171930964288998,0.8470587077569868,-0.04347826086956519,-0.04347826086956519,-0.04347826086956519,0.003184364223493552,-0.07905067678330782,0.22720214686775633,-0.044670066252577745,65.26410564225691,46.89875950380152,88.23529411764706,88.89555822328931,67.66316526610645,2882,國泰金,TWSE,110000.0
6182.TWO,129.0,486,-0.007692307692307665,0.08403361344537807,0.1834862385321101,-0.30831099195710454,2.4864864864864864,3.174757333092024,0.08244178728760221,0.12274797718813035,0.27118644203186615,9094557119.7,1.3313825035037363,1.0985349299594178,-0.30831099195710454,-0.30831099195710454,-0.3192612137203166,-0.05356386732533519,0.2862565691844783,0.6236046122302378,-0.5281337217368123,71.25450180072028,78.031212484994,96.63865546218487,10.264105642256903,67.6077430972389,6182,合晶,TPEx,129000.0
6271.TW,245.5,486,0.06507592190889366,0.07675438596491224,0.10089686098654704,0.08869179600886912,0.34382483749572357,1.021199933443603,0.06855277475516863,0.17656455928751158,0.14713064687818544,772991951.8,1.0117342547150514,0.666490883341346,0.016563146997929712,0.016563146997929712,-0.1460869565217391,0.0398517066622569,0.07133292898359067,0.2252065082801776,-0.3348214285714286,67.13085234093637,75.11004401760704,77.31092436974791,46.818727490996395,67.60584233693478,6271,同欣電,TWSE,245500.0
6668.TW,51.099998474121094,486,0.08492569277253348,0.03441289262615954,0.27114421652524934,0.41747571582716336,0.455840475656905,0.1380845598561664,0.10040374016702991,0.2711442406497784,0.2966388938410891,218944807.4389593,1.2855768454747598,2.17637078526075,-0.007767019919978746,-0.007767019919978746,-0.007767019919978746,0.017139638641221144,0.13198564458286155,0.5988100340335457,-0.11883406767683735,65.96638655462185,86.63465386154462,55.70228091236494,51.800720288115244,67.46898759503802,6668,中揚光,TWSE,51099.998474121094
5864.TWO,39.45000076293945,486,0.03137256896573737,0.07201091252225189,0.05906042316615978,0.12073863374669691,0.7553475599985877,2.1772419519231434,0.06794804557873424,0.1447779081788909,0.13857355381252434,112370616.85753098,1.02495543459069,1.0303329636433691,-0.008793931679154099,-0.008793931679154099,-0.17308724099158712,0.016607463174197423,0.018814211917260813,0.3899577685798355,-0.23448275862068968,78.76950780312126,72.94917967186875,44.057623049219686,46.998799519807925,67.34203681472589,5864,致和證,TPEx,39450.00076293945
3707.TWO,85.9000015258789,486,0.10838711646295374,0.23597124497667488,0.4316666920979817,0.10695880431654636,0.5703839182407873,0.4198347359649406,0.20790270844657854,0.3150475426471182,0.2053955330005035,1536790941.6714299,2.9659485700639756,5.297427750297373,-0.04449388133601473,-0.04449388133601473,-0.14527361665792138,0.00047044343845831227,0.3960137573257996,0.6146340766806593,-0.390625,67.0048019207683,89.27571028411364,85.47418967587035,13.565426170468188,67.32703081232492,3707,漢磊,TPEx,85900.0015258789
5351.TWO,115.0,486,0.05022831050228316,0.08490566037735858,-0.017094017094017144,0.20798323200075908,0.7293233082706767,2.0913977860605018,0.04048857724496724,0.07604017063011637,0.21050507918230998,950214032.1,1.2216818094334452,0.5026269658618625,-0.1512915129151291,-0.1512915129151291,-0.1512915129151291,0.054501814775787444,-0.08642176109427017,0.511051565462224,-0.3674641294342479,78.63745498199279,66.4265706282513,80.19207683073229,21.84873949579832,67.29961984793917,5351,鈺創,TPEx,115000.0
6727.TWO,530.0,486,0.08606557377049184,0.11578947368421044,0.0076045627376426506,0.26511171995428495,0.36677252761280243,1.8347873820504197,0.06655933994063479,0.1791534568107236,0.15833089966332303,599603878.675,1.1116427551959278,0.6777706026153156,-0.08620689655172409,-0.08620689655172409,-0.18821997575369587,0.08416443308608118,-0.08076601058045234,0.5335657354347357,-0.3256658595641646,75.30612244897958,75.51020408163265,73.22929171668667,23.649459783913564,67.29711884753901,6727,亞泰金屬,TPEx,530000.0
3491.TWO,1685.0,486,0.1308724832214765,0.1385135135135136,0.1308724832214765,0.41745618353389324,-0.032079843427650356,2.6663641359534247,0.11221122112211224,0.23961729966212464,0.1254182137727733,2235207093.75,1.4167802182545624,0.8894576062340352,-0.017492711370262426,-0.017492711370262426,-0.23006350690936606,0.09815436241610737,-0.008279577956487927,0.6639921393435471,-0.3152373140717746,69.70588235294117,79.91196478591438,89.07563025210085,16.80672268907563,67.2279911964786,3491,昇達科,TPEx,1685000.0
6108.TW,25.600000381469727,486,0.024000015258789142,0.08474576134203637,0.15056181489751586,0.46704866832094094,0.43820233026578803,0.7534246378487197,0.05938342739137914,0.18559686737785164,0.2554404636073395,46871420.62181978,1.0357383349419838,0.451127435287377,-0.015384600712702867,-0.015384600712702867,-0.015384600712702867,-0.013640438465589821,-0.005121074542797782,0.3812906475294962,-0.14807693774883568,75.8703481392557,78.55142056822729,25.090036014405765,62.30492196878751,66.88875550220088,6108,競國,TWSE,25600.000381469727
8358.TWO,535.0,486,0.05940594059405946,0.08850457782299093,0.028846153846153744,0.16836633330465323,0.6067220482890598,1.162770739119098,0.04563666568943625,0.197497881031518,0.11295884371788989,7527671384.75,2.1198106731617727,0.6368763464441658,-0.06140350877192979,-0.06140350877192979,-0.23221638761272012,0.05219440213252102,-0.027275957255397332,0.7092518318559735,-0.4113723867100406,74.5858343337335,70.66826730692277,95.6782713085234,7.983193277310924,66.77991196478592,8358,金居,TPEx,535000.0
8042.TWO,138.5,486,0.17372881355932202,0.24215246636771304,0.2256637168141593,-0.08881578947368418,1.1175358742869848,2.6778257368173137,0.197933327396284,0.2254439922257132,0.12413763678284573,759060598.1077064,2.12883491474006,1.144147018345705,-0.08881578947368418,-0.08881578947368418,-0.3420427553444181,0.11731288435578219,0.25526897997205406,0.6463889481491967,-0.40726070592899133,73.05522208883554,82.59303721488595,77.07082833133254,11.224489795918368,66.76740696278512,8042,金山電,TPEx,138500.0
1569.TWO,70.0,486,0.09717869650597044,0.09034273095735124,0.43149279786738926,0.476793201404903,0.32325137960073036,0.06870229007633588,0.16939526975557806,0.426969737473577,0.38572701718532465,298278230.1862234,2.020198868443479,8.832584242841726,-0.030470873147256383,-0.030470873147256383,-0.030470873147256383,-0.010694502960876873,0.2725617307324216,0.5350159824289755,-0.21353062657573008,62.016806722689076,93.8375350140056,61.944777911164465,40.63625450180072,66.75410164065626,1569,濱川,TPEx,70000.0
6715.TW,464.0,486,0.024282560706401668,0.027685492801771794,0.4276923076923076,0.26258503401360533,0.11090131802131165,3.864541539812194,0.09498525073746311,0.19511915330928176,0.11613963800003213,914232480.3,1.1289007107476747,1.6430291949864673,-0.05691056910569103,-0.05691056910569103,-0.18097871962206524,-0.08264051621667523,0.3401639630211058,0.7632998583928592,-0.375,76.80072028811524,76.31052420968386,79.35174069627851,7.563025210084033,66.67517006802721,6715,嘉基,TWSE,464000.0
6122.TWO,63.0,486,0.011235967439997108,0.1909262416406572,0.24752475247524752,0.3196711408237589,0.343283538386183,0.3196711408237589,0.1317704091854044,0.249963419902415,0.31688076537494037,75408232.08968315,2.315516436854775,4.1873680239539945,-0.014084530585095734,-0.014084530585095734,-0.014084530585095734,-0.05064522067881477,0.14096770553399457,0.4802013769002265,-0.1064163206475649,66.71668667466987,88.43537414965986,35.05402160864346,61.404561824729896,66.60014005602241,6122,擎邦,TPEx,63000.0
6239.TW,308.0,486,0.052991452991453025,0.0547945205479452,0.11796733212341204,0.03311068193401567,0.4779559997905902,1.079905102746967,0.06898047722342726,0.11198960549224934,0.09739153064146722,4250956233.85,1.9236578553300006,1.158245684823711,-0.008051529790660261,-0.008051529790660261,-0.17133070448365406,0.023499619960600016,0.10693043814540681,0.3961250461441565,-0.30892797518221826,67.49699879951982,67.70708283313324,92.79711884753901,35.17406962785114,66.49609843937576,6239,力成,TWSE,308000.0
6811.TWO,281.0,486,0.1540041067761806,0.11729622266401596,0.2544642857142858,0.2979214780600461,0.5115654073473002,0.1813837849128448,0.13684636391220795,0.19727311461440133,0.27155714847985046,143719208.325,2.122610970326167,5.321464427192738,0.0293040293040292,0.0293040293040292,0.0293040293040292,0.09038803534760914,0.1551571263609371,0.6034998284572914,-0.12627291242362526,66.74069627851141,85.87434973989598,49.21968787515006,50.42016806722689,66.44787915166067,6811,宏碁資訊,TPEx,281000.0
4927.TW,54.20000076293945,486,0.23744296134779708,0.24597702903309093,0.25900120147459105,0.3516210180885151,0.1386555147140731,1.0766283513704447,0.19759157424891938,0.39810836705780206,0.20357521654223798,351303397.8975174,5.118443555522076,1.6676555929488426,-0.0055045731570742,-0.0055045731570742,-0.12439419342696245,0.17269266097914932,0.14179419544508604,0.6261716584920208,-0.33167702811104915,70.43217286914766,90.07603041216487,64.34573829531813,17.106842737094837,66.43137254901961,4927,泰鼎-KY,TWSE,54200.00076293945
5464.TWO,94.5999984741211,486,0.022702686206714562,0.03614452696669157,0.2563080297499767,0.09872241754516198,2.17449667436476,3.0513917314191774,0.04605516705672397,0.21370224512659663,0.29704529413481384,91122501.46755676,0.5863002134390254,1.7205113476457774,0.007454706462909577,0.007454706462909577,-0.12000001419422235,-0.04137432123077961,0.2234005572349227,0.6876063091311452,-0.3374165035862401,86.08043217286914,78.75150060024009,39.375750300120046,13.385354141656663,66.33823529411765,5464,霖宏,TPEx,94599.9984741211
2880.TW,45.79999923706055,486,0.012154679272056379,-0.016111708105096878,0.014396405076732455,0.2169580131977895,0.3286675792116369,0.6330120135829138,-0.003210198832175881,0.08140947411031418,0.20816332617599254,584729232.5255617,0.6545616757932944,0.492859852170512,-0.043841382503584936,-0.043841382503584936,-0.043841382503584936,0.008555578002873265,-0.057922932655864054,0.2488095488045255,-0.08862201662707814,64.53781512605042,55.58223289315726,72.98919567827132,81.69267707082834,66.13985594237695,2880,華南金,TWSE,45799.99923706055
1708.TW,57.0,486,0.06343286609458532,0.13772458554949996,0.13545815007398754,0.007067164958702188,0.4887333289494922,0.9499967602733428,0.09399741776420689,0.11467823266787347,0.191318062390321,206302522.1958765,2.4725214567935496,1.2149727039995946,-0.005235588849127115,-0.005235588849127115,-0.07617505194201779,0.029568328576088432,0.1331024284210868,0.3214581879021223,-0.1851851826933848,65.89435774309723,75.83033213285314,54.621848739495796,61.344537815126046,66.00500200080032,1708,東鹼,TWSE,57000.0
2103.TW,29.200000762939453,486,0.044722717920546495,0.06764169490553806,0.1339806121529885,0.16800003051757817,0.5285573917052062,0.7871655049685999,0.06355857371061124,0.11422032820923556,0.24646565971316203,100308193.33427992,1.1543618355430387,0.5301099070688735,0.006896578032394851,0.006896578032394851,0.006896578032394851,0.011227564882299368,0.07798060198046244,0.36728077898588685,-0.19921876193257027,72.9171668667467,74.66986794717887,41.17647058823529,55.342136854741895,65.9579831932773,2103,台橡,TWSE,29200.000762939453
2892.TW,38.650001525878906,486,-0.0012919699244148264,-0.03132831960392923,0.02113614488795279,0.1965176294419031,0.393859919077465,0.3470861497715827,-0.011887982524034668,0.08105903477975462,0.1941177725425416,928457665.019442,0.47999187926570874,0.6326975846337334,-0.05153370488640718,-0.05153370488640718,-0.05153370488640718,-0.006576006146403024,-0.04436973159268158,0.21045557884844718,-0.07582863329385281,61.308523409363744,52.50100040016006,79.71188475390156,88.17527010804321,65.89715886354541,2892,第一金,TWSE,38650.001525878906
2615.TW,111.5,486,-0.008888888888888835,-0.0429184549356223,-0.004464285714285698,0.4042820888820602,0.5044437856178148,0.4589119589323234,-0.020856201975850697,0.08470069690095672,0.24233431400558847,1563367787.575,0.389408531971363,0.3268263976651066,-0.11857707509881421,-0.11857707509881421,-0.11857707509881421,-0.0077728174603174105,-0.13922498200830577,0.39424397088912644,-0.12648221343873522,67.19087635054021,52.2609043617447,85.8343337334934,64.28571428571429,65.81912765106041,2615,萬海,TWSE,111500.0
3675.TWO,344.0,486,-0.04178272980501396,0.13907284768211925,0.27337789703505244,0.050920285436723,0.7621492351774148,1.1405248070294305,0.10154742789880689,0.23202372303317897,0.1642854036953758,614808705.9585098,1.3947965657336394,2.026080682561981,-0.0444444444444444,-0.0444444444444444,-0.22465436076344658,-0.11012720406377707,0.2564044685561448,0.8119324796666633,-0.3919753233847576,74.13565426170467,81.63265306122449,73.46938775510205,5.282112845138055,65.58193277310924,3675,德微,TPEx,344000.0
6416.TW,120.5,486,0.0,0.04329004329004338,0.14218009478672977,0.2655894985928746,0.5372358483220432,0.4095700475503705,0.028595817328211703,0.1556688031045217,0.28449370150210607,128945956.9,0.725953289254238,1.60121964460839,-0.012295081967213073,-0.012295081967213073,-0.012295081967213073,-0.03554502369668244,0.05365026192243823,0.4059745721293298,-0.1648682323000742,70.05402160864345,72.70908363345337,47.77911164465786,57.863145258103245,65.54791916766706,6416,瑞祺電通,TWSE,120500.0
2344.TW,177.0,486,-0.01666666666666672,0.03508771929824572,-0.058510638297872286,0.07598784194528885,0.9754464622130814,4.194939804090389,0.01476279203095876,0.040462427745664664,0.11106461314703808,14271125986.6,0.7206366399459546,0.535176680820516,-0.058510638297872286,-0.058510638297872286,-0.20270270270270274,-0.002039007092198647,-0.0838399189463019,0.4825354066148034,-0.3434903047091413,76.19447779111644,50.22008803521408,98.67947178871549,25.510204081632654,65.47098839535813,2344,華邦電,TWSE,177000.0
6532.TWO,108.5,486,-0.11428571428571432,0.10152284263959399,0.10827373144952501,0.48426815683739366,0.43043674487174877,0.8438306702788756,0.047448952650074316,0.22253520426125561,0.19608509356965387,129644016.06407204,1.2849151986837477,1.5910123024001448,-0.11428571428571432,-0.11428571428571432,-0.11428571428571432,-0.14135414714809558,-0.053148987496272865,0.7134279193190133,-0.20159151797526798,75.89435774309723,76.03041216486595,47.89915966386555,33.01320528211284,65.296918767507,6532,瑞耘,TPEx,108500.0
1721.TW,27.75,486,0.04323306774579572,0.13963037229016484,0.12804876299526624,0.19354838709677424,0.4879356872709073,1.1264367505298374,0.12279991214543107,0.2714776613782732,0.14736588253294647,70023219.03945264,3.014661708351845,4.029330973884196,-0.0431034482758621,-0.0431034482758621,-0.20143884892086328,0.011220876996979157,0.06353263396300816,0.6083258389171015,-0.22483939675505682,76.10444177671069,83.27330932372949,33.373349339735896,34.57382953181272,65.25740296118447,1721,國慶科技,TWSE,27750.0
8086.TWO,154.0,486,0.33913043478260874,0.3999999999999999,0.3999999999999999,0.21575259154137427,0.10797314528519264,0.32956774514988174,0.3298791018998273,0.33318490730832084,0.16271614601271556,784451193.175,6.859976892304143,1.3355309538482396,0.10000000000000009,0.10000000000000009,-0.12723904258475516,0.23913043478260876,0.3280824694862085,0.604478186334951,-0.21969697413888034,57.81512605042016,89.03561424569828,77.67106842737095,35.414165666266506,65.23849539815926,8086,宏捷科,TPEx,154000.0
2885.TW,68.30000305175781,486,0.013353138063852077,-0.03257783954777793,-0.03257783954777793,0.09632086884497171,0.4422998257585704,1.080358392962276,-0.01293441756701097,0.037725605144193874,0.12080903456377357,1324027833.2970746,0.86326819510055,0.8118410481059846,-0.03531073294124565,-0.03531073294124565,-0.03531073294124565,0.02149759795079656,-0.06468479582943518,0.23251937927309108,-0.07340035028223502,65.00600240096037,42.21688675470188,83.55342136854742,85.89435774309723,65.22408963585433,2885,元大金,TWSE,68300.00305175781
2464.TW,187.0,486,-0.03359173126614989,-0.018372703412073532,-0.03856041131105403,0.17911330049261087,1.5542099168579249,1.6184219536476512,-0.013452914798206317,0.051691518957853955,0.16178060593786148,2178864428.35,0.8514875907760896,0.6308855302606777,-0.1576576576576577,-0.1576576576576577,-0.1576576576576577,-0.023951628438386385,-0.09826484480859099,0.586553288261423,-0.2319748819425982,77.85114045618246,46.73869547819128,88.83553421368548,34.33373349339736,65.19307723089236,2464,盟立,TWSE,187000.0
6155.TW,70.9000015258789,486,0.018678205176127838,0.2660714558192663,0.25709219162603625,0.06456461186599993,0.3604183756367396,1.7843581953695278,0.15303303902851884,0.21367743205348644,0.13461747891387654,235299759.2048832,3.5845587559742365,1.3732898787360721,-0.022068944470635787,-0.022068944470635787,-0.2735227848554481,-0.045594842730381224,0.2355706543373696,0.6019701018510211,-0.3096296522352431,72.64105642256902,81.83273309323728,57.38295318127251,21.12845138055222,64.9233693477391,6155,鈞寶,TWSE,70900.0015258789
3665.TW,2360.0,486,-0.07632093933463802,0.05122494432071267,0.21963824289405687,0.3412281669347996,-0.005979101679691068,1.1256071790609257,0.05415968732551657,0.08910510325731646,0.07159687321635322,8200438086.0,1.247593405906976,1.2793841522093385,-0.09055876685934494,-0.09055876685934494,-0.19024490112529835,-0.13123050005815223,0.10589552058245699,0.5937276846453546,-0.2088607594936709,65.04201680672269,61.50460184073629,96.15846338535414,38.055222088835535,64.77711084433773,3665,貿聯-KY,TWSE,2360000.0
6488.TWO,1130.0,486,0.041474654377880116,0.16374871266735314,0.18324607329842935,-0.2512416605537082,1.1006829915652347,1.2307024248902838,0.12069820489933547,0.1242047237342696,0.20400584177305658,13005911449.3,1.519209271451142,1.273110851152788,-0.2512416605537082,-0.2512416605537082,-0.2512416605537082,-0.004336863946727221,0.2669932934829988,0.6488408981131181,-0.4722919526331103,64.05762304921969,79.19167667066826,98.19927971188476,9.483793517406964,64.77631052420968,6488,環球晶,TPEx,1130000.0
2303.TW,147.5,486,-0.08668730650154799,-0.078125,0.07664233576642343,-0.023178807947019875,1.1965498259688454,2.484886406620973,-0.019607843137254832,0.09753828982451784,0.14902702304538495,26227475406.725,1.090060512255171,1.1160128078019569,-0.11144578313253017,-0.11144578313253017,-0.15952742545889653,-0.10584789044315385,0.08436860508209672,0.4553289902217609,-0.3825301204819277,74.38775510204081,50.38015206082432,99.75990396158463,24.849939975990395,64.7610044017607,2303,聯電,TWSE,147500.0
6141.TW,51.29999923706055,486,-0.017241408289746296,0.009842519832859109,0.03846149094117535,0.4171270208806197,0.8063380255677401,3.137096839938528,0.004208656136889921,0.14209381395939613,0.27700619194333154,109822565.87009163,0.7358268280061219,0.48540129744677174,-0.1290322935811664,-0.1290322935811664,-0.1290322935811664,-0.026856781025040133,-0.10058084935236455,0.5881913080985567,-0.3314285714285714,87.1188475390156,64.46578631452581,43.09723889555822,19.687875150060023,64.73769507803121,6141,柏承,TWSE,51299.99923706055
2527.TW,51.099998474121094,486,0.04073319882187221,0.06126680902920989,0.17877739960306038,0.2667475825703929,0.33215898722344184,1.09867892137567,0.08429257897158937,0.13690083328983316,0.2682160544899552,35802116.14369144,1.5650668768898948,1.079751073891292,-0.013513528441109202,-0.013513528441109202,-0.013513528441109202,-0.003961151078892888,0.08986153874626275,0.35197754137619536,-0.19702974732376966,75.49819927971188,79.03161264505802,16.56662665066026,56.72268907563026,64.72549019607844,2527,宏璟,TWSE,51099.998474121094
2481.TW,172.5,486,-0.028169014084507005,0.00877192982456143,0.13114754098360648,-0.019886363636363646,0.6046511627906976,1.412938347126048,0.026022304832713727,0.1454817110287201,0.1638432695058185,6035040421.85,0.711429826022263,1.0902408999882813,-0.04432132963988922,-0.04432132963988922,-0.2417582417582418,-0.060955899330408625,0.13777632886239435,0.5424965005380744,-0.3868194842406877,68.54141656662665,67.547018807523,94.71788715486194,18.127250900360146,64.65716286514606,2481,強茂,TWSE,172500.0
4967.TW,269.5,486,-0.009191176470588203,-0.009191176470588203,-0.039215686274509776,0.23929120938647408,0.30620127061735825,2.235126291526298,-0.012277808319589578,0.04589198528766314,0.0370482755230519,559523417.475,0.6646584634382016,0.4335033252896252,-0.04262877442273538,-0.04262877442273538,-0.08630258210495312,0.0006127450980392413,-0.1189794227366678,0.25263478407287016,-0.09544469599175043,72.41896758703481,36.57462985194078,72.3889555822329,80.0720288115246,64.6013405362145,4967,十銓,TWSE,269500.0
2347.TW,96.4000015258789,486,0.010482180125843454,0.07230255717102385,0.08436445299516371,0.16004817444009567,0.23117824329491232,0.6166589812930672,0.042105840876943024,0.07206406845114444,0.11408308744536555,270337677.9133789,0.8510662791500007,0.9408310625561358,-0.007209031506099861,-0.007209031506099861,-0.007209031506099861,-0.010608933122947473,0.031015061515131816,0.2171598852575006,-0.11431512511382214,62.29891956782714,61.26450580232093,59.783913565426175,81.75270108043216,64.5811324529812,2347,聯強,TWSE,96400.0015258789
2379.TW,749.0,486,-0.017060367454068248,-0.007947019867549643,0.08236994219653182,0.028644522288135077,0.43629254514859817,0.42835729464480776,0.017386579733768004,0.04651576693162185,0.11699368817150169,1828074682.05,0.536695213663459,1.043429428267206,-0.017060367454068248,-0.017060367454068248,-0.13822443256532113,-0.0376528530032012,0.0728217681004868,0.21335305074058852,-0.10367456735045188,57.46698679471788,51.94077631052421,87.39495798319328,83.73349339735894,64.51460584233693,2379,瑞昱,TWSE,749000.0
8289.TWO,60.900001525878906,486,0.19411767697801774,0.3747178910768718,0.40809252082957004,0.14044943418897327,0.29304900014206514,1.8993785918574755,0.2891617606912895,0.33199675444596677,0.1579694811117407,73639721.54124832,7.8132324918289315,2.94616854265627,0.06468532716063757,0.06468532716063757,-0.19376591805996823,0.09209454677062523,0.36127604276657893,0.6486159734966357,-0.3045540608103271,76.14645858343337,88.3953581432573,34.093637454981994,18.967587034813924,64.32392957182873,8289,泰藝,TPEx,60900.001525878906
2399.TW,49.20000076293945,486,-0.0409356433791912,0.03578948974609375,0.07776558857392502,0.19128333345802684,0.40571430751255577,1.49746187094047,0.02356063537797759,0.11469840060342196,0.08528415616595497,327475980.9355713,1.0884815899199825,0.9967064260822665,-0.0409356433791912,-0.0409356433791912,-0.10545453158291906,-0.060377040522672454,0.014004477421249398,0.3986784723356536,-0.2709832359152369,75.45018007202881,59.66386554621849,63.26530612244898,39.25570228091236,64.24669867947179,2399,映泰,TWSE,49200.00076293945
4174.TWO,53.70000076293945,486,0.24593973698590754,0.8111298972624175,1.0653846447284403,0.8908451226844938,0.41688650662116666,0.04882812427240424,0.5384615594784596,0.8365253362858187,0.7905968914412724,64719498.60793714,2.671582245233978,5.4498387301611775,0.03071021757540171,0.03071021757540171,0.03071021757540171,-0.020406424196202533,0.7684362705002756,0.7969454196212792,-0.16468591700591995,65.16206482593037,99.0796318527411,31.57262905162065,36.07442977190876,64.23989595838336,4174,浩鼎,TPEx,53700.00076293945
5292.TW,243.0,486,0.025316455696202445,0.1146788990825689,0.11724137931034484,0.4005763688760806,0.20763498551656823,0.7611343983947993,0.07760532150776056,0.20580573129884616,0.21047190567627339,43617101.675,2.7026592525871664,0.5763721999990701,-0.02409638554216864,-0.02409638554216864,-0.02409638554216864,-0.0039938891313837654,-0.016284076981682022,0.33609179070363715,-0.14929577464788735,68.8295318127251,80.15206082432972,23.169267707082835,64.94597839135655,64.22859143657463,5292,華懋,TWSE,243000.0
4939.TWO,78.30000305175781,486,-0.007604543251172102,0.020860575843246965,-0.1251396307066166,0.4159132754432895,1.1006221055634993,2.1657262945802764,-0.010238872137283805,0.0922533650932098,0.2735848831241581,627974931.6473194,0.7795758350161965,0.4380319147091358,-0.163461492219933,-0.163461492219933,-0.163461492219933,0.023680364425482048,-0.2637773891877131,0.6360999705177542,-0.3605769603613147,81.94477791116446,56.54261704681873,73.7094837935174,14.04561824729892,64.17406962785114,4939,亞電,TPEx,78300.00305175781
3362.TWO,190.0,486,0.0826210826210827,0.10144927536231885,0.01333333333333342,0.10465116279069764,0.6740088105726871,0.6593886462882097,0.06532099803756664,0.062491262407381676,0.18319862869393733,666613780.6,1.835084343125225,0.5951704134058384,-0.09523809523809523,-0.09523809523809523,-0.09952606635071093,0.07928774928774934,-0.021550387596899125,0.532197866889362,-0.19999999999999996,65.78031212484994,66.78671468587434,75.03001200480192,43.757503001200476,64.11594637855141,3362,先進光,TPEx,190000.0
6861.TW,262.5,486,-0.10102739726027399,-0.016853932584269704,0.34271099744245515,0.10759493670886067,0.7853945979234949,3.2826320043794217,0.0334645669291338,0.19530983189769668,-0.06711720615387817,691902106.625,0.5869857146002326,7.555444047051611,-0.16267942583732053,-0.16267942583732053,-0.4280554063345976,-0.18670514662088777,0.3068460185395016,0.9716729438803059,-0.30400000000000005,84.30372148859544,51.420568227290914,75.99039615846338,11.044417767106843,63.84703881552621,6861,睿生光電,TWSE,262500.0
6179.TWO,37.79999923706055,486,0.05146031807677298,0.054393329035901994,0.14199398729924728,0.38456993004941054,0.5678632311481444,0.07818041713399593,0.026337206499154497,0.2551505130817129,0.38403527971024376,478128088.5819939,0.4591849888311216,3.6984381683879866,-0.08805793627734704,-0.08805793627734704,-0.08805793627734704,0.01596182125196116,0.013804010616110446,0.8115177026692411,-0.17657658578244684,64.05762304921969,77.39095638255303,69.62785114045619,34.213685474189674,63.749899959984006,6179,亞通,TPEx,37799.99923706055
5274.TWO,17485.0,486,-0.08167016806722693,-0.16359722554412814,-0.090270551508845,0.34655371582595307,0.33440674310413465,2.6804211941845093,-0.07268436265280687,0.040613794505805156,0.08461455928476469,4630647306.0,1.3552554981636744,0.8023492681491082,-0.16359722554412814,-0.16359722554412814,-0.16359722554412814,-0.059102530190015684,-0.2057884567841627,0.5363414840861798,-0.16924066924066927,75.13205282112844,34.693877551020414,93.63745498199279,47.77911164465786,63.695378151260506,5274,信驊,TPEx,17485000.0
1605.TW,39.099998474121094,486,0.014267165964864548,0.056756715516786294,0.02624672021126817,0.17593980373296514,0.23582463032104428,0.6224936114243806,0.03782344987713593,0.07287399124195648,0.09126178046777755,738098251.7243259,1.6672966731377474,0.7076887903323407,-0.022500038146972656,-0.022500038146972656,-0.07096091064381027,0.007705485912047505,-0.032399881033053544,0.277775638023916,-0.1828571319580078,61.158463385354146,59.143657462985196,76.83073229291718,65.42617046818728,63.64575830332134,1605,華新,TWSE,39099.998474121094
6603.TWO,29.549999237060547,486,-0.008389261959748318,0.057245024345137896,0.2037323004024456,0.22085857759630168,0.29732709441273064,0.7983905304892855,0.07415483472929685,0.12670303983171727,0.18347594350864815,105209339.38251981,1.6389456441586796,1.9286192822827264,-0.008389261959748318,-0.008389261959748318,-0.008389261959748318,-0.05932233706035972,0.1301127745370117,0.5718063725444088,-0.17368591281030843,70.71428571428571,74.66986794717887,42.136854741896755,45.378151260504204,63.61614645858343,6603,富強鑫,TPEx,29549.999237060547
2034.TW,24.049999237060547,486,0.0190677478100445,0.095671908935272,0.1479712821588528,0.23257170892517087,0.21772148035749606,0.2697347168124127,0.08077740367230501,0.16455487800578328,0.19875833683020505,110787326.07964353,1.0005033316912963,4.023393321481119,-0.030241936414224457,-0.030241936414224457,-0.030241936414224457,-0.0179250727296687,0.07044737918379584,0.362066248113734,-0.09135804352936916,59.29771908763505,78.31132452981193,43.45738295318127,71.48859543817527,63.503701480592234,2034,允強,TWSE,24049.999237060547
3701.TW,63.0,486,0.24999996215578224,0.5144231324717863,0.5517241962498329,0.5180722891566265,-0.006309172180628875,0.47255338305962,0.3570274636510502,0.4907420179146602,0.298266405266733,204168869.7770523,6.169701188009819,4.17201837380941,0.031096588761514443,0.031096588761514443,-0.1984732668825352,0.11206891309332401,0.37903343319762406,0.714990483871319,-0.21453695658901495,59.80192076830732,94.83793517406961,54.38175270108043,30.4921968787515,63.35144057623049,3701,大眾控,TWSE,63000.0
5483.TWO,216.5,486,0.023640661938534313,0.11025641025641031,0.20277777777777772,-0.13502762983308714,0.7231340211193626,0.7791709428937241,0.11153895520472346,0.1319807200949139,0.23197141860642034,4436232989.625,1.678472241133634,1.0363515610929817,-0.21281288212175076,-0.21281288212175076,-0.21281288212175076,-0.027053782505910118,0.2477869877221401,0.550626439735947,-0.44551484768391225,59.93997599039615,80.0720288115246,93.27731092436974,15.726290516206483,63.34153661464585,5483,中美晶,TPEx,216500.0
2428.TW,282.0,486,0.08045977011494254,0.10588235294117654,0.11242603550295849,-0.007695251709686102,0.5779271990797366,0.8334010564811052,0.09472049689440976,0.13962442768312733,0.1411796785999757,296658211.875,1.6391245873578677,0.589367262916619,-0.021150309737888007,-0.021150309737888007,-0.15935758180810367,0.05235326123920292,0.11499111940618718,0.2841590373349854,-0.32542377100582187,63.99759903961584,75.43017206882753,61.7046818727491,42.25690276110444,63.25070028011205,2428,興勤,TWSE,282000.0
3490.TWO,45.20000076293945,486,-0.07282049717047279,-0.0065933898255065015,0.04027617880947565,0.5167785879244859,0.581115103701678,0.9058669191542865,0.008140981750185405,0.1340874600149904,0.23997106031756688,224441633.10238534,1.6583906782355577,0.8380913011141329,-0.17216113505272312,-0.17216113505272312,-0.17216113505272312,-0.0828895418728417,-0.13198335049868634,0.662738400481365,-0.25183150886931116,77.10084033613445,64.26570628251301,56.662665066026406,25.510204081632654,63.08773509403761,3490,單井,TPEx,45200.00076293945
3680.TWO,571.0,486,0.0362976406533575,0.0613382899628252,0.09596928982725528,0.14543630892678028,0.3238760354916126,0.5909430871689767,0.05726056566217652,0.16011716302930767,0.12243114757360574,989296772.775,0.7871494918781665,1.3872930218130888,0.007054673721340388,0.007054673721340388,-0.06512006947196014,0.01230531819654368,0.04749052018499519,0.5101034490673839,-0.30414312617702444,64.12965186074429,71.50860344137655,80.91236494597838,27.971188475390157,63.068027210884345,3680,家登,TPEx,571000.0
6531.TW,980.0,486,0.05037513397642024,0.04925053533190571,0.05263157894736836,0.14219114219114215,0.6838306089260751,1.86007178181094,0.00838606780881812,0.0928758619407839,0.06087407372552356,3427673618.45,1.215853815849907,1.0706571531049602,-0.07109004739336489,-0.07109004739336489,-0.1708195440589909,0.03721723923957815,0.005234531550320977,0.7345153245000224,-0.3563096500530223,78.22929171668667,50.62024809923969,91.23649459783914,9.903961584633855,63.029311724689876,6531,愛普*,TWSE,980000.0
1409.TW,26.049999237060547,486,0.06762293624288418,0.08091281430394326,0.06543960835151874,0.023822495980483138,0.5852736955012554,0.8770079444740955,0.04966250496785829,0.09674770365112151,0.15418726615861478,477157298.9941354,1.2132854213032,1.2289768405426982,-0.02979520048578077,-0.02979520048578077,-0.14735285304032963,0.051263034155004494,0.05749877635802436,0.49984881786774005,-0.22307690668264502,65.24609843937574,67.82713085234093,69.5078031212485,41.77671068427371,63.010204081632644,1409,新纖,TWSE,26049.999237060547
2327.TW,635.0,486,0.054817275747508276,0.11208406304728546,0.11992945326278659,-0.1838046272493573,0.9678654582757968,2.5829482583354375,0.10281347690170217,0.08215579066960177,-0.0025292864479585786,24083225460.4,1.8292814389487624,0.9107865937243187,-0.2042606516290727,-0.2042606516290727,-0.4429824561403509,0.02483491243181163,0.1811976623459057,0.5233393263396503,-0.4279448621553885,68.31332533013205,58.42336934773908,99.63985594237695,18.067226890756302,63.00290116046418,2327,國巨*,TWSE,635000.0
2342.TW,49.150001525878906,486,-0.00405262318998989,0.16607354084441006,0.26187421214750417,0.06964092948438827,0.6356074134358847,0.570287626962086,0.1018944425500905,0.20210341026004475,0.16156099315668948,413418588.7541914,1.1385764206478297,3.1489962899877617,-0.041910287390967915,-0.041910287390967915,-0.16976349843819727,-0.06952117622686593,0.2386605689860414,0.5764375114070025,-0.3850102609088395,67.26290516206483,80.43217286914766,67.58703481392557,16.386554621848738,62.97238895558223,2342,茂矽,TWSE,49150.001525878906
3287.TWO,43.45000076293945,486,0.04321726701359507,0.019953106086018302,0.2222222699133909,0.5240472678283477,0.53700687757241,0.3290588945836288,0.10146399470206013,0.25203306119390945,0.324723655434636,27998770.282785036,0.8799082158493551,1.0980023521428937,0.019953106086018302,0.019953106086018302,0.019953106086018302,-0.01233830046475265,0.047539847303941674,0.6527466662623362,-0.10416666252745543,72.03481392557023,86.71468587434974,8.883553421368548,50.30012004801921,62.971888755502206,3287,廣寰科,TPEx,43450.00076293945
0055.TW,49.81999969482422,486,0.01116296391212801,-0.016387005055283344,0.0244704626891159,0.16920908193371575,0.49609612120885815,0.6946048885665481,0.004830521357372941,0.08610108848432652,0.1985036697723186,45153807.38440075,1.0310726290116894,2.2247540965353334,-0.020255630485831122,-0.020255630485831122,-0.020255630485831122,0.005045348239849035,-0.03193256462212268,0.16740738978666667,-0.042281175529942816,67.84513805522208,57.66306522609043,24.369747899159663,95.55822328931573,62.93527410964385,0055,元大MSCI金融,TWSE,49819.99969482422
3229.TW,55.400001525878906,486,-0.06101692329018804,-0.03315877376055454,0.0036232021770863376,0.5198902706802375,0.9821109128317813,2.833910190805484,-0.06867274959482905,0.062371184625632736,0.17560724201617717,247523377.02696744,0.2383216900091489,2.004011729902436,-0.17925923665364585,-0.17925923665364585,-0.17925923665364585,-0.061922723834459625,-0.16967355471632617,0.8185667755828971,-0.21359224799186738,86.8547418967587,43.21728691476591,58.463385354141664,27.490996398559428,62.78211284513805,3229,晟鈦,TWSE,55400.001525878906
3564.TWO,66.9000015258789,486,0.3117647358015472,0.36530615358936536,0.38796681466689353,0.2767175491939413,0.6027546189208648,0.2092726305493584,0.2883967554333926,0.3860497571961652,0.4260932155104531,41425148.13942204,5.566397250271661,2.291975150954049,0.0842787795565616,0.0842787795565616,0.0842787795565616,0.2147730321348238,0.2957276316022464,0.627118736138952,-0.23506744516868971,68.93157262905162,95.55822328931572,21.12845138055222,30.79231692677071,62.69687875150059,3564,其陽,TPEx,66900.0015258789
5876.TW,49.650001525878906,486,0.02582644546677626,-0.0010060208509661273,0.018461569761618613,0.16698571242843885,0.3123084224500934,0.24200608490371134,0.011201648620461802,0.08820271453532547,0.1754068797066921,287213103.20986235,0.5285750305458898,0.6786928909280733,-0.006005990640207015,-0.006005990640207015,-0.006005990640207015,0.021211053026371607,-0.037200334381194335,0.18643589479165645,-0.07040705630853972,55.86434573829532,58.583433373349344,61.104441776710686,91.41656662665066,62.66296518607444,5876,上海商銀,TWSE,49650.001525878906
2449.TW,304.5,486,0.028716216216216228,-0.039432176656151396,0.13407821229050287,0.10101536974754954,0.13208456560024384,0.876877115820113,0.058946270213875884,0.1525843852121982,0.09775283416434588,7693482071.325,1.0121687554910825,1.1913213442756228,-0.039432176656151396,-0.039432176656151396,-0.09337294030813226,-0.00480333685640949,0.10040642237465303,0.5191411502631148,-0.3255000445567483,59.897959183673464,69.7078831532613,95.91836734693877,24.96998799519808,62.51430572228891,2449,京元電子,TWSE,304500.0
5230.TWO,25.0,486,0.10375277797122617,0.14942528735632177,0.3123360105634079,0.26582278481012667,0.4396066914384633,0.4196675600243658,0.18567703015982717,0.318507454430341,0.34561378268433396,26109420.103823375,1.3167995889147772,6.5307652972838675,0.0706637940716992,0.0706637940716992,0.04166666666666674,0.025668775330374205,0.22372841562669898,0.6323779502445851,-0.14898984693237638,70.13205282112845,92.1968787515006,7.202881152460984,45.01800720288115,62.44177671068427,5230,雷笛克光學,TPEx,25000.0
3045.TW,124.0,486,0.016393442622950838,0.008130081300812941,0.05084745762711873,0.13761467889908263,0.17667515867954342,0.2210780048640486,0.013071895424836555,0.06735528297826554,0.09741899476280858,886737808.425,0.6794728648984898,0.6725986349594322,-0.004016064257028162,-0.004016064257028162,-0.004016064257028162,0.003681578216171155,0.004975897994091184,0.15072890179021947,-0.052631578947368474,51.104441776710686,52.22088835534213,78.75150060024009,96.75870348139256,62.37875150060024,3045,台灣大,TWSE,124000.0
4542.TWO,329.0,486,0.0030487804878047697,-0.010526315789473717,0.1963636363636363,-0.039416058394160625,0.9183673469387754,4.25075261778511,0.0727094880991197,0.12257954448520003,0.12748457847840977,292164634.25,0.9013378656466327,1.2230738170869784,-0.11559139784946237,-0.11559139784946237,-0.3340080971659919,-0.046042128603104304,0.20950232249502318,0.7760632543668857,-0.38844086021505375,76.46458583433373,71.22849139655862,61.34453781512605,6.362545018007203,62.37224889955982,4542,科嶠,TPEx,329000.0
3661.TW,4345.0,486,0.154050464807437,0.16958277254374154,0.07816377171215882,0.17555998406792406,0.2601326100606576,0.16461728474880566,0.1538972248041428,0.16943107926288015,0.08056601982183009,9324731821.0,1.3885239631275303,1.1747887387224638,0.02431837559637362,0.02431837559637362,-0.1853096159642167,0.1345095218793973,0.019643777022850806,0.6405333666989641,-0.2612731976905869,55.42617046818728,76.07042817126852,96.87875150060023,25.210084033613448,62.27270908363346,3661,世芯-KY,TWSE,4345000.0
6204.TWO,111.5,486,0.06698564593301426,0.08252427184466016,0.27712262625789497,0.2599029718376944,0.7304221833672107,0.5509179682753542,0.09965363516338033,0.28546932807627967,0.23856509908507095,56505405.472307585,1.4557609191163865,1.8672153247913794,-0.013274336283185861,-0.013274336283185861,-0.10294905126202536,-0.002295010631459482,0.19048830231199682,0.7088479563498846,-0.28654289813542555,75.28811524609844,85.23409363745498,29.29171668667467,17.767106842737093,62.24699879951981,6204,艾華,TPEx,111500.0
4919.TW,155.5,486,0.023026315789473673,0.16479400749063666,0.31779661016949157,-0.025078369905956133,0.32340425531914896,1.3453995903832348,0.1654487539816376,0.2112164091912243,0.032393703836897325,2281930530.225,2.993996895363201,5.683561663350453,-0.0771513353115727,-0.0771513353115727,-0.2899543378995434,-0.05642283675289922,0.3261560668048103,0.6978511985611808,-0.3679525222551929,64.42376950780312,73.14925970388155,89.4357743097239,10.324129651860744,62.24199679871949,4919,新唐,TWSE,155500.0
7788.TW,305.0,471,0.04991394148020656,0.04991394148020656,0.046312178387650116,0.12701620996955754,1.0308610723416431,1.0109505034147008,0.01236411916023572,0.13268904586907615,0.26472432402300394,656693134.425,1.609694457005894,0.81015739649169,-0.16552667578659375,-0.16552667578659375,-0.16552667578659375,0.03833589688329403,0.003973441731130935,0.8608552475848679,-0.3505679854835144,74.4357743097239,65.94637855142058,74.54981992797119,7.142857142857143,62.23659463785515,7788,松川精密,TWSE,305000.0
6016.TWO,23.950000762939453,486,0.010548522867177779,0.012685038023177109,0.034557285425129036,0.07262019217422022,0.5869760440729153,1.1118514345655508,0.026905388343135606,0.11359505780001378,0.09065589444712452,107177221.97891693,0.7975903750379892,1.0048721423896563,-0.016427088799336187,-0.016427088799336187,-0.2461863719200702,0.0019092015108955196,0.010350554700388963,0.29063693245964795,-0.19034209936159985,69.24369747899159,60.664265706282514,42.61704681872749,63.1452581032413,62.19007603041216,6016,康和證,TPEx,23950.000762939453
2377.TW,154.5,486,0.013114754098360715,0.006514657980456029,0.013114754098360715,0.08204143348279125,0.751763019458503,0.3200006726907252,0.011953495988210161,0.04024469349134607,0.1514144529353083,866466497.5,0.5900164018988896,0.36063792781339155,-0.058816093126092706,-0.058816093126092706,-0.058816093126092706,0.009836065573770536,-0.014232390395903034,0.2792010777840188,-0.14714726885212281,59.657863145258105,51.66066426570628,78.39135654261705,70.46818727490997,62.09013605442177,2377,微星,TWSE,154500.0
3149.TW,76.5999984741211,486,0.030955522582698736,0.19500780495410752,0.2724252076966396,-0.06572415691411104,0.8194774643806029,0.7213482803173279,0.13380695675483656,0.13427605010246668,0.10359330168380998,663770044.9761579,1.7103882759835987,1.398143704704688,-0.12767608794662,-0.12767608794662,-0.2669856605347264,-0.03715077934146116,0.29433326000134324,0.5353402800238989,-0.32355035588496506,63.055222088835535,75.31012404961984,74.66986794717887,23.82953181272509,61.97729091636654,3149,正達,TWSE,76599.9984741211
5285.TW,94.4000015258789,486,0.0021231909141845584,0.009625684768758358,0.09895226832375803,0.06186726552978672,0.8404821382512828,0.9295376746641999,0.038675267473930575,0.13117113084650978,0.1515833302233791,231038656.11595076,3.4160637553701414,2.0308782034307176,-0.05599998474121093,-0.05599998474121093,-0.12995390298729115,-0.02261487616675495,0.07832984648049579,0.5187333807625213,-0.30916843343808975,71.33253301320528,68.90756302521008,57.14285714285714,26.830732292917165,61.92256902761104,5285,界霖,TWSE,94400.0015258789
6290.TWO,280.5,486,0.0108108108108107,0.016304347826086918,0.06049149338374282,0.10200867214800069,0.2698643224099093,1.3384086833873026,0.023816041609635796,0.14325841361082436,0.04329900923288954,899844507.05,0.8463039998142524,0.7598263765267511,-0.03275862068965518,-0.03275862068965518,-0.216282629331915,-0.004312062535125005,0.02648860266774259,0.4531583136394022,-0.26396583977342203,66.8187274909964,57.462985194077625,79.23169267707082,37.21488595438175,61.901160464185665,6290,良維,TPEx,280500.0
3006.TW,267.0,486,-0.04982206405693945,-0.04129263913824055,-0.10552763819095479,0.22758620689655173,0.7086588354126211,2.3324151380340057,-0.0526875997871209,0.03891050583657596,0.13185400712801698,3187449616.725,0.5552167271120354,0.7719490765670934,-0.14423076923076927,-0.14423076923076927,-0.14423076923076927,-0.023440154509200756,-0.181389707156472,0.5315671634648284,-0.3138075313807531,77.73709483793516,38.095238095238095,90.63625450180072,25.150060024009605,61.873449379751904,3006,晶豪科,TWSE,267000.0
4912.TW,109.5,486,0.02336448598130847,0.12422996185381119,0.09857149724124481,0.300429151884104,0.2376425747312778,0.42368547709050586,0.109928805795384,0.18209594095035286,0.18771863926647847,65256083.45850716,1.3000362373023444,0.8732783327465293,0.0,0.0,-0.031410231535486166,-0.0012783883290027331,-0.0015715533867898673,0.5035929517564937,-0.14149542278330207,63.4093637454982,81.15246098439377,32.172869147659064,54.74189675870348,61.85954381752701,4912,聯德控股-KY,TWSE,109500.0
8064.TWO,133.5,486,-0.06968641114982577,-0.003731343283582045,-0.0074349442379182396,0.04705882352941182,0.785982890070895,2.059943414667244,0.011746873815839498,0.1711382424058887,0.10197854968419628,1501388707.5,0.3531167603692108,2.7121329771663474,-0.08247422680412375,-0.08247422680412375,-0.2203796047120885,-0.0678276750903462,-0.023121218747722178,0.7394696701187216,-0.36183207271663287,72.29891956782713,60.74429771908763,84.75390156062424,9.363745498199279,61.838235294117645,8064,東捷,TPEx,133500.0
2059.TW,10615.0,486,-0.10308407266582176,-0.16219415943172855,-0.15215654952076674,0.33238793398638133,2.092145627344274,2.2776742111376893,-0.1329031204051625,-0.08161085736913787,0.22746017835974564,5399674875.5,1.767816873036502,0.855552026171693,-0.26585517670654957,-0.26585517670654957,-0.26585517670654957,-0.06504493528563007,-0.26295252751622716,0.6898804583800766,-0.26585517670654957,82.68307322929171,28.81152460984394,94.11764705882352,21.728691476590637,61.78721488595437,2059,川湖,TWSE,10615000.0
8043.TWO,146.5,486,0.05776173285198549,0.11832061068702293,0.061594202898550776,-0.03936012198825245,0.5670373593274927,3.2010890599337394,0.07918968692449346,0.06173910857240572,0.039669406962780096,322322465.225,2.035635912331489,0.4438320172002197,-0.04557793834216284,-0.04557793834216284,-0.34897034706689867,0.0423631821273478,0.07471424356130159,0.40301718747375637,-0.25566344344996317,70.09603841536614,57.943177270908365,63.02521008403361,41.95678271308523,61.77631052420968,8043,蜜望實,TPEx,146500.0
4770.TW,282.0,486,0.025454545454545396,0.1279999999999999,0.20512820512820507,0.32705882352941185,0.2395604395604396,-0.05216335869390509,0.09450805356103253,0.219371576823292,0.22922682940118788,344390755.725,0.7314513644038422,2.7810109234456237,-0.015706806282722474,-0.015706806282722474,-0.015706806282722474,-0.02582750582750587,0.09610859728506778,0.6788309173667775,-0.11823647294589179,54.177671068427365,82.4329731892757,63.985594237695075,47.29891956782713,61.680872348939566,4770,上品,TWSE,282000.0
2069.TW,24.649999618530273,486,-0.04271846141630009,-0.037109404249349165,0.10044643028202116,0.38095233006939866,0.40201109311245475,0.7466131552333866,-0.002932564441988972,0.1532163564224689,0.23811752166401656,47284079.35911064,0.617905734368316,2.9365349482545633,-0.07677906688507119,-0.07677906688507119,-0.07677906688507119,-0.06783006898680538,-0.026537679741111736,0.5356598590945744,-0.07677906688507119,73.34933973589436,62.34493797519008,25.33013205282113,61.644657863145255,61.63965586234494,2069,運錩,TWSE,24649.999618530273
2027.TW,48.25,486,0.004162346849429177,0.037634408602150504,-0.022289736740274235,0.2340153934260374,0.3446274637873439,0.3129476572011767,0.021488306464840568,0.030854418254617988,0.12597345004490546,529875338.1226454,0.6837555775710968,0.611971997625766,-0.05392156862745101,-0.05392156862745101,-0.05392156862745101,0.009734781034497736,-0.1002948678822867,0.24503241108877938,-0.11764705882352944,58.475390156062424,51.460584233693474,71.54861944777912,77.91116446578631,61.59803921568627,2027,大成鋼,TWSE,48250.0
2637.TW,98.4000015258789,486,0.032528839190461234,-0.02089550720518496,0.003058135131744688,0.17422431912208425,0.38053171325067936,0.7461734421027919,-0.010458557950454916,0.06915848624075571,0.18810503596764772,298586773.46223414,0.6096713776260664,0.38124042338283876,-0.039999985113376546,-0.039999985113376546,-0.039999985113376546,0.03176430540752506,-0.05501663790895006,0.41044390212500503,-0.10588238286037066,65.5642256902761,51.3405362144858,62.064825930372145,66.3265306122449,61.59773909563825,2637,慧洋-KY,TWSE,98400.0015258789
5425.TWO,100.5,486,0.03076923076923066,0.07486631016042788,0.1216518048159021,-0.03786524949867265,0.721545509150133,0.8717894448312999,0.05556138807269373,0.11548856727902712,0.09730701397298613,1237743779.246408,1.8289745386169727,0.679650529984586,-0.04739336492891,-0.04739336492891,-0.28508044295182544,0.0003562795652551354,0.13427355464879298,0.4723346246914371,-0.35965441843815094,63.94957983193277,66.50660264105643,83.19327731092437,24.729891956782716,61.59243697478992,5425,台半,TPEx,100500.0
2603.TW,232.5,486,-0.02310924369747902,-0.04123711340206182,0.015283842794759916,0.19537275064267345,0.24412257348201827,0.3661618443873489,-0.02187631468237272,0.03134703533934635,0.10585387172210625,1745356942.575,0.8181245552319396,0.4176743028943532,-0.07554671968190851,-0.07554671968190851,-0.07554671968190851,-0.026930204396169,-0.049840407419464564,0.21636743068192968,-0.08946322067594437,57.68307322929172,38.49539815926371,86.91476590636255,85.23409363745498,61.40356142456983,2603,長榮,TWSE,232500.0
3702.TW,117.5,486,-0.012605042016806678,0.03982300884955747,0.12440191387559807,0.017590667293040596,0.23831045482961222,0.850868922783317,0.03706972639011474,0.064149638258028,0.08631515937591794,889331235.55,0.6249072600536757,0.6929169449512387,-0.06459935765061442,-0.06459935765061442,-0.06459935765061442,-0.043705520485706195,0.1185383581112512,0.31952095706408373,-0.20709870169624944,59.0516206482593,57.302921168467385,78.87154861944778,57.38295318127251,61.33713485394158,3702,大聯大,TWSE,117500.0
1809.TW,45.45000076293945,486,-0.006557360372908105,0.11945818894327798,0.19291345362679602,-0.01004656362971812,0.6876697973703279,1.351457537389226,0.08693055647575432,0.1530836971496783,0.09984100176172328,242496472.80814552,1.144266103535287,4.252741989019483,-0.05015669357815422,-0.05015669357815422,-0.23261993182719742,-0.05478572377960711,0.1962623081700354,0.5945066804028342,-0.33875583125273834,70.32412965186074,72.82913165266106,57.74309723889556,18.727490996398558,61.32372949179671,1809,中釉,TWSE,45450.00076293945
2308.TW,1965.0,486,0.03149606299212593,0.03421052631578947,0.08864265927977844,0.059299191374662996,0.07060980133972539,1.177811414038894,0.07318405243036596,0.10150885224459283,0.007725283678674755,19951783889.0,0.8949134533551032,1.189991572866366,-0.04146341463414638,-0.04146341463414638,-0.21616068674757583,0.00933539817218132,0.06887626215489077,0.5479216162267477,-0.21522309711286092,57.47899159663865,58.38335334133654,99.39975990396158,39.49579831932773,61.295718287314926,2308,台達電,TWSE,1965000.0
2441.TW,127.0,486,0.02008032128514059,0.0,0.10917030567685582,0.010258348609064827,0.45612662646126423,1.0331252673293543,0.04312114989733051,0.07946437384059113,0.09158592901798324,489605369.25,0.8691447715611561,0.9843524108773704,-0.06242211795017483,-0.06242211795017483,-0.10121837148613766,-0.007212255134073364,0.10575085614050088,0.30006862733946427,-0.32661875819937036,65.60624249699879,60.664265706282514,70.10804321728692,40.57623049219688,61.29151660664265,2441,超豐,TWSE,127000.0
2313.TW,248.0,486,0.1046770601336302,0.11711711711711703,0.07359307359307365,0.0997782705099779,-0.03664373797873888,2.1826257199515857,0.08427150508252268,0.12936890440590498,0.05868075203870937,5451322376.225,2.238393292994403,0.6684191696342923,-0.015873015873015928,-0.015873015873015928,-0.16089563236316962,0.08627879173536179,0.04033365008974769,0.46484717843266504,-0.3790322580645161,59.12364945978391,67.30692276910764,94.23769507803121,24.24969987995198,61.20548219287715,2313,華通,TWSE,248000.0
2609.TW,59.70000076293945,486,0.015306148597900915,-0.018092080393491083,0.04188484394126535,0.24375001589457201,0.21926132538172238,0.11238510623386411,0.002014109571467637,0.06645231826545372,0.13668372228032943,1576080297.0169654,0.44320414848753403,0.3070924253923123,-0.07441859282264418,-0.07441859282264418,-0.07441859282264418,0.004834937612584578,-0.03936516135692532,0.24593489283019532,-0.12868215871411703,52.995198079231685,51.740696278511415,85.95438175270108,76.1704681872749,61.10174069627851,2609,陽明,TWSE,59700.00076293945
1710.TW,18.100000381469727,486,0.06470590479233684,0.08059703769968518,0.1419558325456245,0.17532472920912534,0.3068591973243686,0.4715447236418573,0.08578287066308055,0.15091143158067455,0.21564899141670857,97080613.22636347,1.4294474600261768,1.143901394494505,0.02840909029334049,0.02840909029334049,-0.03978779760329765,0.02921694665593072,0.0835142561425827,0.33727131580032554,-0.27635325576274716,64.03961584633853,78.67146858743497,40.57623049219688,42.9171668667467,61.00970388155262,1710,東聯,TWSE,18100.000381469727
0053.TW,262.0,486,0.039476281800318036,0.05094262652538162,0.05517517833210195,0.0953177397267746,0.37532808398950124,1.153419841276759,0.04916457011138675,0.09394191367890525,0.11948868137835267,34699166.30714188,1.537316102697948,3.0593546606309863,-0.004180942903828089,-0.004180942903828089,-0.004180942903828089,0.02568248721729255,0.02340259842317708,0.18317303091775525,-0.14925996306336164,67.85114045618246,64.90596238495398,15.366146458583433,79.59183673469389,61.00320128051221,0053,元大科技市值,TWSE,262000.0
3481.TW,51.0,486,-0.024856582333166566,0.00990099009900991,0.045081983551931826,-0.1083916202839722,0.9147826901453173,2.7137244615963785,0.01639181371398779,0.03525272773440791,0.06799264908206659,10605344473.132082,0.7977770979604705,1.0414989905350553,-0.1282051282051282,-0.1282051282051282,-0.2806770253540163,-0.03612707822114952,0.08121252364658924,0.5194010101458789,-0.29230766622429216,67.94117647058823,46.13845538215286,97.47899159663865,28.331332533013203,60.9796918767507,3481,群創,TWSE,51000.0
6547.TWO,62.0,486,-0.009584640395305044,0.04553121075340649,-0.03125,0.37624863595991975,0.22287966601611164,0.6041396520640916,0.0190664043207478,0.1165471065488648,0.20797850183152766,262993937.490851,0.6123350475968474,0.7706190287140283,-0.08957413525404367,-0.08957413525404367,-0.08957413525404367,-0.001772140395305044,-0.1566662119866399,0.5180149571055139,-0.14684288141063806,61.27250900360144,65.5062024809924,59.42376950780313,53.06122448979592,60.82192877150861,6547,高端疫苗,TPEx,62000.0
6127.TWO,64.0999984741211,486,0.12852111505483066,0.33125641625721713,0.32987546596486794,-0.044709389988392134,0.24951265940396872,1.7276595095370677,0.2376906453241021,0.2478099804604874,0.09762620874356598,390146766.7481092,4.926523003776406,2.3876942391478337,-0.06695776824541466,-0.06695776824541466,-0.33849331821731676,0.046052248563613674,0.34477859596099864,0.6652628177893568,-0.3857350416662687,63.373349339735896,81.95278111244498,66.86674669867946,10.804321728691477,60.65686274509804,6127,九豪,TPEx,64099.998474121094
6442.TW,1785.0,486,0.20608108108108114,0.18211920529801318,0.053097345132743445,0.36913661844400814,-0.13233026742516885,1.143350740055006,0.11353711790393017,0.18179310344827582,0.05656790536474188,3564400086.25,1.3419391493387909,0.7210434877405173,-0.016528925619834656,-0.016528925619834656,-0.24033137833842644,0.19280674479789528,-0.0699481943485926,0.7611066942734919,-0.26573426573426573,57.755102040816325,72.34893957583033,91.35654261704683,19.14765906362545,60.65266106442577,6442,光聖,TWSE,1785000.0
1617.TW,24.100000381469727,486,-0.028225761174410002,0.22959183226620739,0.373219454652594,0.06304856263475478,0.5644865564270989,0.6979751302742474,0.1679186066536742,0.26203369758439465,0.35524654220918706,48082227.00414648,2.307993345217266,3.342129068683011,-0.028225761174410002,-0.028225761174410002,-0.0683395597195553,-0.1215306248375585,0.35220326710767574,0.5715279814966222,-0.3306000375784921,68.72148859543817,90.79631852741096,25.810324129651864,21.008403361344538,60.64655862344938,1617,榮星,TWSE,24100.000381469727
3114.TWO,38.349998474121094,486,0.06380025757936969,0.20219432390977543,0.2783332824707032,0.13117300151191058,0.5545609382394603,0.6782913558301433,0.1316022083517936,0.19657882541825433,0.17875133881641925,42972284.986663535,5.825341128232582,3.335447490568808,-0.12041284825081255,-0.12041284825081255,-0.2873806426149299,-0.005783063038306113,0.23460894863339968,0.7068279748558484,-0.22764224713541625,71.53061224489795,82.47298919567827,22.689075630252102,28.751500600240096,60.523109243697476,3114,好德,TPEx,38349.998474121094
2376.TW,363.0,486,-0.014925373134328401,-0.009549795361528002,0.01680672268907557,0.12701719132740963,0.33958627599064184,0.33958627599064184,0.005749116852531655,0.03780910166559526,0.0927170880285102,2118414299.025,1.692956061429562,0.7180564577244112,-0.08679245283018866,-0.08679245283018866,-0.08679245283018866,-0.019127053806597294,-0.02553234108672764,0.31030291277203687,-0.14591194968553456,56.9327731092437,45.81832733093237,88.11524609843937,67.6470588235294,60.43867547018808,2376,技嘉,TWSE,363000.0
6133.TW,27.049999237060547,486,-0.07679181087329356,-0.005514761826157288,0.15106379732172548,0.21556295381148938,0.2261330975245961,0.6395965031319646,0.02724766576237614,0.18466089763745774,0.20072194579710811,169038042.22850132,0.7711695324561704,6.24254716199781,-0.08614868620088056,-0.08614868620088056,-0.08614868620088056,-0.11455776020372493,0.07920947938456235,0.6971494327332075,-0.18843687350685934,65.51020408163265,71.10844337735094,50.90036014405762,36.07442977190876,60.302921168467385,6133,金橋,TWSE,27049.999237060547
3221.TWO,55.0,486,0.024208551556627267,0.14583333333333326,0.13285274694743676,0.05162525434658494,0.20936772817275418,1.4240398568298769,0.09934039743899681,0.12922819023151422,0.08024060646159015,185676885.05952853,2.226957782888052,1.3231558034453985,-0.017857142857142905,-0.017857142857142905,-0.16639357588728287,-0.009004635180231924,0.11564432883190845,0.4511889145998511,-0.2596684838348513,64.38175270108043,70.7482993197279,52.581032412965186,38.175270108043215,60.27230892356943,3221,台嘉碩,TPEx,55000.0
0052.TW,67.6500015258789,485,0.03361351688643288,0.048024761077632094,0.06117649452359064,0.09112905686901462,0.405035504118874,-0.6909923884708895,0.04786248583484887,0.09317140689911474,0.12611993073081296,970353868.5071522,1.3533222929416238,1.0233094254919597,-0.0044149438680886055,-0.0044149438680886055,-0.0044149438680886055,0.01831939325553522,0.0308001422339191,0.157553456386818,-0.12771085562954942,42.118847539015604,65.26610644257703,80.43217286914765,85.53421368547419,60.164965986394556,0052,富邦科技,TWSE,67650.0015258789
2421.TW,168.0,486,0.024390243902439046,0.0059880239520957446,0.0,0.2584269662921348,0.18155621328445437,0.3208270788764862,0.01602661022074381,0.10157914868040008,0.12688164137459412,374670119.3,0.8060862568424719,0.4487502642974391,-0.06406685236768805,-0.06406685236768805,-0.06406685236768805,0.024390243902439046,-0.08614232209737827,0.29387227480610145,-0.13309352517985606,55.060024009603836,59.18367346938775,65.78631452581033,71.06842737094838,60.10114045618246,2421,建準,TWSE,168000.0
2412.TW,146.5,486,0.0068728522336769515,0.010344827586206806,0.05395683453237421,0.10150375939849621,0.11481587876555666,0.13986802211013138,0.016831511365608343,0.049614902382231874,0.06976921123102597,1611289007.575,0.710596977348887,1.2436740668262667,0.003424657534246478,0.003424657534246478,0.003424657534246478,-0.006616356399416601,0.020122248066208805,0.09667123835541169,-0.04255319148936165,44.771908763505394,48.37935174069628,86.19447779111644,99.51980792316927,60.099339735894354,2412,中華電,TWSE,146500.0
4707.TWO,32.79999923706055,486,0.14285708589302404,0.10437705031945188,0.1590106049934792,-0.11795606974840434,1.3768760596093035,2.3870487477588433,0.13171739010252193,0.07212112508600876,0.2980007526299977,107048839.17840251,3.0762204991117486,0.840392202718677,-0.24732254991377978,-0.24732254991377978,-0.24732254991377978,0.10310443464465424,0.19832929490961396,0.5526742665599716,-0.48444446253556983,71.16446578631452,77.47098839535813,42.37695078031212,15.246098439375752,60.035214085634244,4707,磐亞,TPEx,32799.99923706055
3031.TW,33.20000076293945,486,0.08852461517834276,0.15679442091900175,0.3949580599667224,0.21540356166026853,0.04598368585423329,0.6320313670542794,0.15992664852662464,0.3142048881558781,0.20738126822099656,148704229.1659419,3.0451856340482273,6.525091160903463,-0.029239765429585618,-0.029239765429585618,-0.029239765429585618,-0.010214899813337841,0.3231568727466329,0.6087960900549024,-0.2831662270818307,60.20408163265306,87.91516606642658,49.69987995198079,23.229291716686674,60.010004001600635,3031,佰鴻,TWSE,33200.00076293945
6491.TW,403.0,486,-0.043890865954922864,-0.0024752475247524774,0.07180851063829796,0.15783823499755822,0.4055252222278869,0.3037076702374355,0.011609664261060582,0.08278875872674041,0.1872219232079506,150364163.65,1.5870424958037315,0.9591682104281058,-0.04952830188679247,-0.04952830188679247,-0.04952830188679247,-0.061842993614497355,0.019195765639111885,0.34905632222173927,-0.1191780864268035,61.014405762304925,58.74349739895958,49.81992797118848,68.42737094837935,59.87945178071229,6491,晶碩,TWSE,403000.0
4720.TW,25.549999237060547,486,0.341207362746486,0.33769626841727307,0.38108103984111064,0.1613636016845703,0.20583855399019613,0.6551477956376099,0.27893877651444354,0.31514601485598526,0.1531312642610343,56162283.136268616,18.120623147379153,3.0677398801430216,0.009881423222882546,0.009881423222882546,-0.1250565717663108,0.24593710278620834,0.3272931726129205,0.765874866287527,-0.21700225050066835,65.24009603841537,87.75510204081633,29.051620648259302,28.031212484993997,59.859243697478995,4720,德淵,TWSE,25549.999237060547
6548.TWO,77.30000305175781,486,0.08111892380080854,0.05027180236882334,0.09490091674849888,-0.043316830047122834,0.5614145505664903,1.2370942825609768,0.05334881529829527,0.07194864131481182,0.08448729297864976,275957154.34180677,3.0860280254017924,1.3733265777771193,-0.043316830047122834,-0.043316830047122834,-0.2081510872709229,0.05739369461368382,0.10933986009753982,0.35943494830781636,-0.2649254060636035,64.7719087635054,60.54421768707482,60.26410564225691,43.33733493397359,59.823629451780704,6548,長科*,TPEx,77300.00305175781
8028.TW,285.0,486,0.017857142857142794,0.0815939278937381,0.2050739957716703,-0.022298456260720356,0.5015970048712086,0.5799771569486136,0.0987951807228915,0.0794432345421836,0.041316259211189976,1801678847.3,0.7511884188771907,2.415808126791206,-0.18571428571428572,-0.18571428571428572,-0.19339179093939063,-0.03341135608577478,0.21250681452524375,0.4511748142998707,-0.3671428571428571,60.12004801920769,62.224889955982384,87.03481392557023,26.230492196878753,59.6000400160064,8028,昇陽半導體,TWSE,285000.0
1718.TW,12.199999809265137,486,0.145539929225722,0.14018691838677877,0.1730769477652383,-0.1223021479078924,0.73541955123181,0.8827160144066633,0.12884568836165644,0.12392327977737949,0.2415301894901314,207347857.83083668,3.3977358465471137,0.8038540500949001,-0.18120804552956515,-0.18120804552956515,-0.19736842352927886,0.10227069228441243,0.21384433040120243,0.42786017181763525,-0.42013419030040233,61.01440576230492,80.71228491396558,54.741896758703476,24.8499399759904,59.573329331732694,1718,中纖,TWSE,12199.999809265137
6770.TW,72.19999694824219,486,-0.03087252418466857,0.005570945396701887,-0.0027624941080316434,0.04678221750761713,0.34143195488793743,2.392848983250238,-0.005783573775964057,0.0490275731881864,0.05837886990662855,8301956363.076474,0.9605840509149534,0.5619940825009392,-0.07605451351771175,-0.07605451351771175,-0.18334465971032954,-0.03018190065766066,-0.01835656661057069,0.41669533524419966,-0.35228757685991696,67.4249699879952,40.97639055622249,96.3985594237695,29.591836734693878,59.48389355742297,6770,力積電,TWSE,72199.99694824219
2451.TW,284.5,486,-0.01727115716753025,-0.0017543859649122862,-0.005244755244755206,0.19037656903765687,0.19990959325718083,1.4494022510075464,0.00343885018957768,0.012155351319300456,0.00353355781662934,543632888.725,1.0678055896335024,0.36212502259591606,-0.09968354430379744,-0.09968354430379744,-0.1846556188512425,-0.015959968356341447,-0.06870361159064083,0.268189475845357,-0.13607594936708856,66.08043217286914,31.972789115646254,71.78871548619448,73.16926770708284,59.47308923569427,2451,創見,TWSE,284500.0
1711.TW,46.25,486,0.14056722244596132,0.19509041571623698,0.1708860759493671,0.10513743575402401,0.060779853638110115,1.3596938316249103,0.1325374961738599,0.17577272174882075,0.04505997161005282,452170501.459782,10.309684409523022,1.7335242125525445,-0.04835387958648685,-0.04835387958648685,-0.2540322580645161,0.09784570345861954,0.1358402640313591,0.5454975952340013,-0.3348519419589052,61.71068427370948,72.22889155662266,68.90756302521008,21.908763505402163,59.44947979191677,1711,永光,TWSE,46250.0
2891.TW,67.30000305175781,486,-0.008836501629420623,-0.03304591196533535,-0.013196392034553805,0.035384662334735584,0.3070512849482445,0.6156606410537135,-0.018807364017499717,0.018488203002295256,0.06780349265567231,2005671845.9446144,0.6837728777893837,0.9215009390596759,-0.05477519752310411,-0.05477519752310411,-0.05477519752310411,-0.005537403620782172,-0.024991279479465667,0.21655762325773945,-0.05477519752310411,54.08163265306122,33.493397358943575,87.87515006002401,89.79591836734693,59.36074429771909,2891,中信金,TWSE,67300.00305175781
5432.TWO,179.5,486,0.13249211356466883,0.16938110749185675,0.10802469135802473,0.3395522388059702,0.35902701265171455,0.45726996878202053,0.10922292600030903,0.2671631776890948,0.26504867647509855,55831044.1,4.770001263123481,1.3400806245198198,-0.0818414322250639,-0.0818414322250639,-0.0818414322250639,0.10548594072516265,-0.005159388243965335,0.7778231800322178,-0.2581131845150354,67.8811524609844,86.19447779111643,28.45138055222089,19.92797118847539,59.35204081632653,5432,新門,TPEx,179500.0
8103.TW,114.5,486,-0.0766129032258065,-0.0653061224489796,-0.04184100418410042,0.36634839892882587,0.2808478319479861,0.9291405389615461,-0.04543559816590248,0.141992754735919,0.13714574708400296,599763594.225,0.4756451950082735,0.9287652796302699,-0.13257575757575757,-0.13257575757575757,-0.13257575757575757,-0.06615265217978139,-0.1639571371603757,0.5881963052711023,-0.21095577458892412,67.01080432172868,49.979991996798724,73.34933973589436,37.93517406962785,59.34253701480591,8103,瀚荃,TWSE,114500.0
5309.TWO,67.80000305175781,486,0.07961789610574677,0.3088803870724768,0.3372781465778216,0.15699666923540323,0.15258617128546614,0.013864786190318279,0.19925716672805138,0.2533699568092327,0.12857188814528264,381953509.791848,3.619935475927432,4.892285092177586,0.00892866266017478,0.00892866266017478,-0.17114913786912322,-0.00470164053870864,0.2849459234993539,0.4512524666199539,-0.2419627682955403,49.111644657863145,84.03361344537815,66.02641056422569,41.596638655462186,59.252100840336134,5309,系統電,TPEx,67800.00305175781
3030.TW,313.5,486,0.08477508650519039,0.16977611940298498,0.1611111111111112,0.07547169811320753,0.040404625565384045,0.6910006380284723,0.12627986348122855,0.0974649202135418,-0.013234360885667651,401374340.275,3.7039288998037896,1.2823279411698982,0.0,0.0,-0.23612723152292214,0.04449730872741259,0.1359538784067087,0.248200198219727,-0.1967741935483871,53.391356542617046,60.42416966786715,67.10684273709484,66.08643457382954,59.11114445778312,3030,德律,TWSE,313500.0
2605.TW,36.70000076293945,486,0.03672314070693439,-0.010781609909247258,0.005479472957245379,0.21724713854999633,0.06358256317529087,0.6580741340755645,0.01150694372679939,0.06911370975734688,0.12451009218587084,373603096.7053965,0.8309402160822448,0.5495360266917723,-0.029100489320714407,-0.029100489320714407,-0.029100489320714407,0.03535327246762304,-0.0669362398927534,0.3552247070270415,-0.08994703121179315,55.444177671068424,53.621448579431764,65.66626650660264,72.26890756302521,59.0455182072829,2605,新興,TWSE,36700.00076293945
2478.TW,134.5,486,0.08032128514056236,0.12083333333333335,0.11157024793388426,-0.14603174603174607,0.8329219032037278,1.7699144146387717,0.09706362153344217,0.07572748215233083,0.019005087059621895,387054923.85,2.491561826625467,0.4249910715555848,-0.2225433526011561,-0.2225433526011561,-0.4380049661875641,0.052428723157091295,0.16024749661113294,0.336567579988905,-0.42254334378104674,65.7983193277311,59.143657462985196,66.38655462184873,31.272509003601442,59.04401760704281,2478,大毅,TWSE,134500.0
3014.TW,145.0,486,0.021126760563380254,0.043165467625899234,0.11538461538461542,0.07011070110701101,0.2530758327058209,0.13705023988482457,0.04598737601442737,0.09056722030711373,0.07799603333491545,300724709.275,1.9922295371535605,3.071794044152048,-0.02684563758389258,-0.02684563758389258,-0.08901015539626633,-0.007719393282773601,0.09201438168227842,0.2597711523226623,-0.10820895522388063,50.21008403361345,60.90436174469787,62.18487394957983,78.09123649459784,58.86204481792717,3014,聯陽,TWSE,145000.0
2351.TW,216.0,486,0.016470588235294015,-0.09433962264150941,-0.05054945054945059,0.1178889222846422,0.7822081046679836,1.6678451909143317,-0.0556344955732867,0.08499808367113992,0.12365320370595567,1328829054.65,0.5804453563748974,0.996280734147222,-0.15953307392996108,-0.15953307392996108,-0.15953307392996108,0.029107950872656663,-0.08984575797766467,0.5711037500877781,-0.3491271554902351,72.37094837935174,43.29731892757102,83.6734693877551,19.327731092436974,58.84143657462985,2351,順德,TWSE,216000.0
4167.TWO,22.0,486,0.12244895774590314,0.11392405063291133,0.16402118751528283,0.1907378694919526,0.2326232330848923,0.3665293700476009,0.12330864692479526,0.14878236973403802,0.19640491108353464,26110702.581650544,4.924728636224697,1.3228865142610806,0.05011929349988353,0.05011929349988353,0.05011929349988353,0.08144366086708243,0.10044189768463196,0.3402820036545119,-0.13596778188629122,61.20048019207683,80.55222088835535,7.322929171668667,66.80672268907563,58.79771908763506,4167,松瑞藥,TPEx,22000.0
4931.TWO,244.5,486,-0.01609657947686116,0.016632016632016633,0.012422360248447228,0.10633484162895934,0.7588452941230708,0.6098878653218409,0.006690684508491973,0.037922739493420066,0.09177511978843333,996702344.025,1.4077345008800148,0.6873060731340281,-0.12678571428571428,-0.12678571428571428,-0.12678571428571428,-0.01920216953897297,-0.023022586961205883,0.41695114832206587,-0.2790178571428571,65.6062424969988,46.058423369347736,81.03241296518607,36.97478991596638,58.738495398159266,4931,新盛力,TPEx,244500.0
6620.TWO,127.5,486,-0.11764705882352944,0.007905138339920903,0.02822580645161299,0.49122807017543857,0.7729282297229385,0.09816828042624093,-0.04708520179372211,0.2493875488929802,0.4124637929926609,537598771.15,0.7945824675178063,2.0605214806088448,-0.14429530201342278,-0.14429530201342278,-0.14429530201342278,-0.12470351043643269,-0.13551688360686653,0.9384013840351875,-0.22533752741392687,64.26770708283313,61.74469787915166,71.66866746698679,24.069627851140453,58.71738695478191,6620,漢達,TPEx,127500.0
4906.TW,41.79999923706055,486,0.032098746594087624,0.08010331816555838,0.1578947646500759,0.11170215248360127,0.08211235122412908,0.6636412737971564,0.07864007441949972,0.14966764189873194,0.07928805943870687,343937440.9565117,2.2385367366351057,1.4562166344778833,-0.027906994486963987,-0.027906994486963987,-0.2086800232854613,-0.007374944568431352,0.1206607138222088,0.4257506511476764,-0.2538659450465319,56.68067226890756,70.14805922368949,63.86554621848739,40.57623049219688,58.70958383353341,4906,正文,TWSE,41799.99923706055
2006.TW,85.30000305175781,486,0.008274285936906267,-0.009291468484796006,0.04151405937159325,0.2150998113952729,0.20140849368672975,0.523366676213447,0.009049539490207481,0.055366567069152106,0.14830607751534863,140732737.16661492,0.5570751222692798,0.9698040131839224,-0.03615815760725638,-0.03615815760725638,-0.03615815760725638,-0.002104228905992045,-0.03018587776016439,0.3149076194941078,-0.096045197740113,59.8079231692677,53.061224489795926,48.97959183673469,74.54981992797119,58.708283313325325,2006,東和鋼鐵,TWSE,85300.00305175781
2444.TW,15.5,486,0.03333333333333344,0.06529208225509686,0.3419913198299107,0.3304721465695146,0.22529647963743193,0.2757202046624394,0.11410601976639723,0.2864849899901334,0.23436307966433967,34165723.36855779,2.158176955098905,9.284379903690397,-0.06060606060606055,-0.06060606060606055,-0.06060606060606055,-0.05216449662414424,0.23183393764007248,0.728483041573088,-0.13223143231631718,62.79711884753901,86.39455782312923,14.525810324129651,43.27731092436975,58.52781112444977,2444,兆勁,TWSE,15500.0
5340.TWO,94.4000015258789,486,0.17412934992910079,0.1346154445727219,0.14424244273792608,0.21963823856406517,-0.23984239989968759,1.026006249031878,0.12407717531361961,0.21365362423884982,0.05965358841685786,362786602.44701195,2.258388165114636,1.1892683972389717,0.04888890584309902,0.04888890584309902,-0.29089777800599714,0.13806873924461927,0.07102969654990436,0.39633929472361684,-0.29648239857433833,54.831932773109244,74.50980392156863,64.94597839135653,36.314525810324135,58.49089635854342,5340,建榮,TPEx,94400.0015258789
1312.TW,15.149999618530273,486,0.0376711796363105,0.0306122323199971,0.08992806002193032,0.1564884868217502,0.07446802898249993,0.6117021524836013,0.03043697055386474,0.13045638055278475,0.16301382685852506,223490566.70468217,0.7816577229186843,0.4502276883440483,-0.03194888256789341,-0.03194888256789341,-0.03194888256789341,0.015189164630827923,0.03776523108134692,0.3567324832049042,-0.21863800949367418,56.18247298919568,67.66706682673069,56.30252100840336,52.1608643457383,58.468387354941974,1312,國喬,TWSE,15149.999618530273
3673.TW,74.4000015258789,486,0.015006799840709073,0.13414639110440496,0.16431924490248395,0.05609038851492576,0.11476195603988093,0.9401966049891473,0.08628998919731634,0.14587881158901284,0.07586491623166225,741128934.4335152,2.7466135800498677,2.0383842395798806,-0.07692304051634535,-0.07692304051634535,-0.188832746819508,-0.026073011384911915,0.14562244873084204,0.6226470307226112,-0.3011050081810501,58.265306122448976,70.10804321728692,76.95078031212485,20.948379351740698,58.4312725090036,3673,TPK-KY,TWSE,74400.0015258789
2850.TW,164.5,486,0.047770700636942776,0.03459119496855356,0.04444444444444451,0.13058419243986252,0.38954164417770976,0.5108990627473846,0.03377847604084838,0.039768238082696694,0.1277507316690929,43762997.55,0.57973471485421,1.168108519413811,-0.023738872403560873,-0.023738872403560873,-0.023738872403560873,0.03665958952583165,0.0009163802978236699,0.21836339159662901,-0.0771513353115727,61.758703481392544,56.30252100840337,23.409363745498197,86.91476590636253,58.4156662665066,2850,新產,TWSE,164500.0
5465.TWO,32.75,486,-0.03249626362500613,0.029874238545021692,0.35051546391752586,0.39957267238865835,0.3209879079178424,-0.008307482787319409,0.1094173484743477,0.2981865015156242,0.32219758679779686,34378537.90624428,0.5507427284560271,12.58847145724838,-0.05619598616902932,-0.05619598616902932,-0.05619598616902932,-0.12012512960438759,0.2173245731213064,0.6406553642885024,-0.11205072563527407,58.763505402160874,88.55542216886755,15.126050420168067,50.12004801920768,58.369347739095645,5465,富驊,TPEx,32750.0
6190.TWO,76.5,486,0.07443824829951295,0.10869565217391308,0.15909090909090917,0.03621521223069868,0.24116280287436598,0.901611997498909,0.0877292715491449,0.11446530304357427,0.052330090618843084,192986583.78184777,2.5741062868095037,1.5306062691407618,-0.011627926461706739,-0.011627926461706739,-0.1473750831514835,0.03466552102678566,0.14701917168067627,0.4262455298897823,-0.24901821591857487,61.4825930372149,65.86634653861545,53.301320528211285,41.53661464585835,58.359443777511004,6190,萬泰科,TPEx,76500.0
7810.TWO,245.0,426,0.042553191489361764,0.08167770419426046,0.11872146118721472,0.25444204340911103,0.000566889361480083,0.9247545765054916,0.06800348735832595,0.16848120429082014,0.158580129011765,34999170.45,1.863234147806234,1.703570681577134,-0.016064257028112428,-0.016064257028112428,-0.024592464434419536,0.012872826192558084,0.033907446717511044,0.39415190491338886,-0.12406951971221247,60.84033613445378,75.4701880752301,15.72629051620648,64.8859543817527,58.337535014005596,7810,捷創科技,TPEx,245000.0
6870.TWO,319.0,486,0.014308426073131875,0.06688963210702337,0.09433962264150941,0.1834299750939481,0.8412328677844771,0.5894049724252548,0.0147117296222663,0.13647003276828062,0.27809448214314836,58827550.925,0.35897818610487053,2.6436967843028816,-0.0520059435364042,-0.0520059435364042,-0.0520059435364042,-0.009276479587245479,0.03319629761019338,0.6253654212327959,-0.24917344761404125,72.55702280912365,67.58703481392557,30.372148859543817,28.211284513805523,58.33493397358943,6870,騰雲,TPEx,319000.0
6285.TW,256.5,486,0.08917197452229297,0.09850107066381164,0.08686440677966112,0.036363636363636376,-0.02313220491532908,1.155567768883933,0.09218650202256762,0.07034808916089985,0.027138026804991888,1074473269.925,3.041832668099499,1.1565637085197307,-0.0393258426966292,-0.0393258426966292,-0.1823707884394804,0.0674558728273777,0.07474319465844899,0.33520904032824855,-0.2359550561797753,52.244897959183675,58.98359343737494,81.63265306122449,50.7202881152461,58.10904361744698,6285,啟碁,TWSE,256500.0
3354.TWO,32.0,486,0.07382553084778065,0.1111111405455043,0.13074207995363052,0.30612244897959173,0.1428571428571428,0.8028169014084507,0.06925068712110871,0.2991846259799036,0.18030368105604877,75696656.47438869,1.160020321042069,3.4359773827816,-0.004665677099833565,-0.004665677099833565,-0.09604523670411036,0.04114001085937302,0.028701263627099946,0.8260593996704334,-0.2530120214287941,66.06842737094837,80.5922368947579,35.17406962785114,19.627851140456183,58.09913965586233,3354,律勝,TPEx,32000.0
3450.TW,522.0,486,0.013592233009708687,-0.0076045627376425395,-0.009487666034155628,0.09663865546218497,0.5338625647198885,1.0233931936448153,-0.006329415123971005,0.02471821884866432,0.07913457057731588,4178673493.525,1.6143037857808933,0.7723258338050407,-0.19195046439628483,-0.19195046439628483,-0.19195046439628483,0.015964149518247595,-0.041700551188217284,0.5158708275228404,-0.2947916666666667,66.80672268907563,39.13565426170468,92.55702280912365,28.57142857142857,58.016206482593034,3450,聯鈞,TWSE,522000.0
5328.TWO,58.29999923706055,486,-0.0017123679144775972,0.1211538314819336,-0.007629431579198931,-0.08360781735613665,1.1562167786536865,2.4910181576175914,0.0600481767534744,-0.03108358584643034,0.1308600026213964,287033662.34576416,2.83762999880482,0.5768001379609782,-0.14754218420926102,-0.14754218420926102,-0.28823912453430245,0.00019498998032213555,0.02023984087284662,0.4803567128814359,-0.2469712163338178,67.22689075630251,51.300520208083235,60.984393757503,38.53541416566627,58.005202080832326,5328,華容,TPEx,58299.99923706055
4566.TW,76.0,486,0.010638338885950116,0.1692307692307693,0.2121211973720083,0.13943033699048635,0.08726750130130845,0.34447054482353767,0.09321058868107035,0.10596395649652313,0.13360927844950665,156839626.69993362,1.6014726649934943,1.1701270037643043,-0.01935483870967747,-0.01935483870967747,-0.01935483870967747,-0.04239196045705196,0.16564441837517951,0.4275630309599652,-0.1782437974424831,53.9795918367347,72.14885954381752,50.3001200480192,54.14165666266507,57.99429771908763,4566,時碩工業,TWSE,76000.0
3034.TW,531.0,486,-0.029250457038391242,-0.04667863554757634,-0.005617977528089901,0.13461538461538458,0.3459509635258735,0.2704049548092258,-0.024435054198052475,0.004429451914437443,0.07002309200908674,1591128322.9,0.733095472197001,0.85955013830419,-0.048387096774193505,-0.048387096774193505,-0.048387096774193505,-0.027845962656368767,-0.05048977239988476,0.23372087980560793,-0.08181818181818179,54.96998799519807,30.452180872348936,86.07442977190877,84.093637454982,57.87474989995998,3034,聯詠,TWSE,531000.0
4971.TWO,596.0,486,0.11610486891385774,0.04929577464788726,-0.014876033057851235,0.5006508289578468,-0.14432806034038959,2.6418231074936447,0.04929577464788726,0.15393160569646858,0.022832683886853333,1024764541.3,1.090073351098394,0.5892487496827368,-0.10911808669656198,-0.10911808669656198,-0.3150699613347575,0.11982387717832055,-0.18175964271046685,0.7288581074683259,-0.27020785219399535,61.09243697478991,61.10444177671069,81.39255702280911,19.20768307322929,57.857743097238895,4971,IET-KY,TPEx,596000.0
6706.TW,151.5,486,-0.01941747572815533,0.016778523489932917,0.23170731707317072,0.20238095238095233,0.030612244897959107,0.9225887580295018,0.03148936170212768,0.20398945657066414,0.046126225567586054,1081376284.4,0.40681258021592037,4.529718642197306,-0.07621951219512191,-0.07621951219512191,-0.3002309468822171,-0.07734430499644801,0.16424699961285327,0.7904830468717876,-0.311284046692607,62.12484993997599,62.705082032813124,81.87274909963985,12.244897959183675,57.750100040016,6706,惠特,TWSE,151500.0
9945.TW,29.799999237060547,486,0.01880339272001863,0.02936091370364391,0.06238859349728054,0.15280459564025128,0.23620481724659537,0.0415594971165385,0.0331975112196885,0.06374748243256834,0.1475170242923063,164329858.43905172,0.9483804049060226,0.6951008543943501,-0.01324508330376517,-0.01324508330376517,-0.01324508330376517,0.0032062443456984946,0.01145372828386345,0.23296831715431934,-0.08112585102799141,49.3157262905162,60.74429771908763,50.66026410564226,84.33373349339738,57.62725090036014,9945,潤泰新,TWSE,29799.999237060547
5386.TWO,282.5,486,-0.020797227036395194,0.003552397868561208,0.09708737864077666,0.22849404518879002,0.20080958031478424,5.30602705210099,-0.025021570319240682,0.06931081151445917,-0.00739072569543886,424356847.6,0.434988748310106,1.1670420955945775,-0.1116352201257862,-0.1116352201257862,-0.2811341991651274,-0.04506907169658936,0.020922696911179983,0.6659536697522522,-0.23322147651006708,77.38295318127251,32.292917166866744,68.18727490996399,29.23169267707083,57.50840336134454,5386,青雲,TPEx,282500.0
6446.TW,1195.0,486,0.02136752136752129,0.030172413793103425,-0.14946619217081847,-0.004166666666666652,1.010637476318717,1.6808499684249556,-0.007062733693394274,-0.0639075657680005,0.12548670923105276,3366617919.75,0.4270573805562383,0.670389412796662,-0.24605678233438488,-0.24605678233438488,-0.24605678233438488,0.05873406941022591,-0.14807730328192958,0.40890484580014913,-0.27444794952681384,66.29651860744298,32.89315726290516,91.11644657863145,38.23529411764706,57.45948379351741,6446,藥華藥,TWSE,1195000.0
3580.TWO,102.5,486,-0.059633027522935755,0.009852216748768461,0.19883040935672525,0.1313465974205068,0.26810271733195234,0.5386313880400031,0.04161373994684037,0.18650280813986808,0.12699116255576182,125686900.73836479,0.5986565218392536,4.106462095735958,-0.07657657657657657,-0.07657657657657657,-0.08090603019963838,-0.10934062986211707,0.15504821021655632,0.5257739248342231,-0.281045775534577,62.97118847539015,70.66826730692277,47.17887154861945,28.991596638655466,57.4296718687475,3580,友威科,TPEx,102500.0
6415.TW,462.5,486,0.11985472154963683,0.07558139534883712,0.12804878048780477,-0.0628166160081054,0.5289256198347108,0.6965735822966703,0.09009486771551467,0.059524264060173415,-0.037110289907874905,986279611.275,1.0490868992691504,0.6653459043897293,-0.08234126984126988,-0.08234126984126988,-0.312778603268945,0.08784252642768564,0.14898765249050658,0.40962973339855563,-0.25496031746031744,58.433373349339725,50.70028011204482,80.67226890756302,41.71668667466987,57.32843137254902,6415,矽力*-KY,TWSE,462500.0
2915.TW,58.900001525878906,486,0.010291634591256482,-0.0067453240527473035,0.026132403486500255,0.19566785851821522,0.33988226433537205,0.157171005391614,0.013420537540531408,0.05137220837575085,0.15820499405034005,87625851.5451395,0.8478910388835347,0.38270361014448,-0.04692552988645593,-0.04692552988645593,-0.04692552988645593,0.0037585337196314184,-0.03909021601957148,0.2020661365016605,-0.09385112149940567,55.81032412965186,54.101640656262504,38.53541416566627,85.8343337334934,57.29551820728291,2915,潤泰全,TWSE,58900.001525878906
4903.TWO,45.95000076293945,486,0.03607671575799465,0.09274676805324789,0.29436621867435075,0.20287957709987348,-0.06320078536879647,0.4359375238418579,0.14360380413612495,0.2114421568523066,0.12735378583017454,226087418.20073205,2.31759203157994,6.1154927864126325,-0.01711228314568014,-0.01711228314568014,-0.13627819353436066,-0.03751483891059304,0.22673969297439295,0.7149274817206759,-0.20095688671051626,52.18487394957984,81.03241296518608,56.78271308523409,33.19327731092437,57.237695078031216,4903,聯光通,TPEx,45950.00076293945
3293.TWO,788.0,486,-0.03194103194103193,0.08390646492434661,0.11299435028248594,0.10829817158931077,0.0763652370812915,0.024347569709963546,0.05651270362673455,0.06710000677093908,0.07615622856929183,1427296530.5,0.7298269914283122,0.5465241582981486,-0.03194103194103193,-0.03194103194103193,-0.03194103194103193,-0.060189619511653414,0.07689495975271568,0.27437634422819523,-0.13805970149253732,41.78271308523409,59.58383353341336,84.3937575030012,72.26890756302521,57.19757903161264,3293,鈊象,TPEx,788000.0
7556.TWO,290.0,486,0.10476190476190483,0.12185686653771755,0.17886178861788626,0.22621564482029588,0.1442340278591807,0.8334908558629783,0.10308101939901104,0.19280205655526994,0.1450820200987366,21635001.125,6.5409188319302585,2.1193187912725633,-0.033333333333333326,-0.033333333333333326,-0.033333333333333326,0.06004645760743327,0.10345657367778764,0.5184694606864294,-0.16595744680851066,65.71428571428571,79.31172468987593,1.3205282112845138,50.12004801920768,57.11544617847137,7556,意德士,TPEx,290000.0
4923.TWO,61.400001525878906,486,-0.05828214110776475,0.0,0.11636366410688925,0.06597227695179719,0.7031900922416039,0.8606061068448154,0.023077593269062557,0.16604421824327686,0.24484696353970126,100059878.20551987,1.8806810994586103,4.302798649204725,-0.0794602048704135,-0.0794602048704135,-0.0794602048704135,-0.08737305713448706,0.09437290512295686,0.7034560018571274,-0.3489399387356906,69.71188475390156,70.82833133253301,41.05642256902761,11.884753901560623,57.018607442977185,4923,力士,TPEx,61400.001525878906
2493.TW,216.5,486,0.09898477157360408,0.11311053984575836,0.20612813370473537,-0.10165975103734437,0.49493634489434224,0.9026461295683446,0.12263417163598644,0.08780303981911808,0.12660591898930895,492819161.675,1.2340296542469202,1.147625496540421,-0.17366412213740456,-0.17366412213740456,-0.3227869446652998,0.04745273814742024,0.24001471738385016,0.6875134231605693,-0.36832061068702293,59.58583433373349,72.14885954381752,70.34813925570228,10.684273709483794,57.00570228091237,2493,揚博,TWSE,216500.0
4736.TW,134.5,486,0.034615384615384714,0.015094339622641506,0.08032128514056236,0.2152952014918974,0.22494046986249883,0.28085056482820625,0.03342297349212453,0.09980631481058544,0.16458062855321365,22999713.175,1.028028395724132,0.34904267142998907,0.0074906367041198685,0.0074906367041198685,0.0074906367041198685,0.014535063330244125,0.008556217976596558,0.17516937845288222,-0.058419234061070635,57.617046818727495,65.98639455782313,3.0012004801920766,93.75750300120048,56.93807523009204,4736,泰博,TWSE,134500.0
2476.TW,130.5,486,0.060975609756097615,0.05668016194331993,0.09205020920502083,0.09510884474949899,0.242821201663189,0.21457524721070254,0.058394160583941535,0.08141856184174001,0.08678219533441278,139502494.25,1.8817930187122354,0.6268455558449815,-0.0076045627376425395,-0.0076045627376425395,-0.01762293514342217,0.03796305745484241,0.06034726095518783,0.2376598693531651,-0.19771861062658946,52.61704681872749,63.10524209683874,48.85954381752701,66.62665066026412,56.77691076430572,2476,鉅祥,TWSE,130500.0
4973.TWO,149.0,486,0.0875912408759123,0.0875912408759123,0.006756756756756799,-0.035598705501618144,0.9401040895738566,3.916369700039372,0.07523001984484945,0.02640642939150406,0.04460608231646157,80665872.925,1.0142496872499311,0.39478465785490535,-0.08868501529051986,-0.08868501529051986,-0.29047619047619044,0.0859020516867231,0.01862299192396285,0.4434538235852138,-0.2633228840125392,71.88475390156063,52.86114445778312,36.37454981992797,37.87515006002401,56.70088035214087,4973,廣穎,TPEx,149000.0
4904.TW,106.0,486,0.00952380952380949,0.004739336492890933,0.019230769230769162,0.11461621136455702,0.14896425910351296,0.28737753767838004,0.005454114299265012,0.02542605112146279,0.061224859911384044,479268386.6,0.9541284481671657,0.8446031012142516,-0.013953488372092981,-0.013953488372092981,-0.021593056859033344,0.004716117216117199,-0.018974634557416513,0.13983016521818425,-0.07906976744186045,48.65546218487394,40.896358543417364,69.74789915966386,94.05762304921969,56.68987595038014,4904,遠傳,TWSE,106000.0
2606.TW,74.9000015258789,486,0.01904763980787627,-0.023467998617756614,-0.03727508241805122,0.19840002441406246,0.2211957023702642,0.3833013303856099,-0.01356510468671246,0.058607391600304926,0.1237680979771536,246712525.37202072,0.5610716127011269,0.3063292181730899,-0.06022579179620846,-0.06022579179620846,-0.06022579179620846,0.028366410412389076,-0.10340842388940537,0.28567997084290736,-0.07904636968122536,54.68187274909964,45.05802320928371,58.34333733493398,79.95198079231693,56.615646258503396,2606,裕民,TWSE,74900.0015258789
6263.TWO,176.0,486,0.07317073170731714,0.12101910828025475,0.10344827586206895,0.10691823899371067,0.3985040177326211,0.26829844368018385,0.09333747476316212,0.10437147040368111,0.10740582228909501,32253273.575,4.068994513443659,1.3470928874173638,-0.011235955056179803,-0.011235955056179803,-0.02438575478911642,0.0473086627417999,0.0678088628641654,0.3076369750786036,-0.11560693641618502,58.421368547418965,70.14805922368947,12.725090036014405,72.44897959183673,56.60274109643858,6263,普萊德,TPEx,176000.0
1595.TWO,73.4000015258789,486,-0.1188475529794113,-0.009881645027294272,0.12940100460227488,0.13635126108882334,0.39363827695415243,0.9437586605506607,0.03502220856157123,0.14289490740807742,0.031283252069930434,152070118.05903548,1.1177311789697755,5.111583161186025,-0.13950763306137626,-0.13950763306137626,-0.26504647180580576,-0.15119780412998002,0.08395058423933377,0.6668794578912184,-0.3095599696208584,70.70228091236494,58.6234493797519,49.93997599039616,17.16686674669868,56.537915166066426,1595,川寶,TPEx,73400.0015258789
1101.TW,25.700000762939453,486,0.005870901383876692,0.046843240799081975,0.05761323332651491,0.13215858586656393,0.06337204631415383,0.08066262858541595,0.03192133869024261,0.049908122144165956,0.07029337977898842,923906350.3208618,0.8178111883659209,0.6698572660297316,-0.02281363085652144,-0.02281363085652144,-0.02281363085652144,-0.008532406947752036,0.013560371370993606,0.30094643081145145,-0.059288539337295054,42.86914765906363,52.42096838735495,79.59183673469387,81.0924369747899,56.498999599839934,1101,台泥,TWSE,25700.000762939453
7751.TWO,1620.0,486,-0.006134969325153339,0.14084507042253525,0.04854368932038833,0.42731277533039647,-0.12195121951219512,2.221367620692449,0.07160575491979504,0.11826967326277038,0.021920832676234125,253845053.25,0.6665721307505384,0.2815023907945939,-0.18387909319899243,-0.18387909319899243,-0.4033149171270718,-0.01827089165525042,-0.0938939024564105,0.5291173919872482,-0.3148614609571788,63.283313325330134,61.304521808723486,59.06362545018007,25.33013205282113,56.462685074029615,7751,竑騰,TPEx,1620000.0
6015.TWO,18.149999618530273,486,0.031249955973842836,0.019662943621986617,0.016806679588196483,0.08035716921293945,0.39080454814217314,0.7352920339329068,0.03286382020930878,0.09728447405376062,0.08544514570884543,44744322.81874351,0.8125569191522202,1.3485137110707481,0.0027623887296563954,0.0027623887296563954,-0.20742358424130214,0.027048286076793715,-0.009979043482783334,0.28052207891130654,-0.17094012403092018,61.78271308523409,60.14405762304923,23.649459783913564,66.80672268907563,56.40666266506603,6015,宏遠證,TPEx,18149.999618530273
9933.TW,43.099998474121094,486,0.03481385102330048,0.05378965442947892,0.10230179427366104,0.11686718249485795,0.18014153669003186,0.3759254099374827,0.02150852763064548,0.08628007730187881,0.10703283877809877,213585374.85640985,5.473813624967542,1.8550306417926412,-0.07011866466003436,-0.07011866466003436,-0.07011866466003436,0.00923840245488522,0.06334606677537505,0.4592942573839167,-0.1360294249807461,54.78391356542617,57.823129251700685,55.342136854741895,58.64345738295318,56.20638255302121,9933,中鼎,TWSE,43099.998474121094
1102.TW,36.349998474121094,486,0.01963525717478709,0.025387805128696206,0.03267038881409401,0.1380836182543237,0.09640730530581276,0.05053877280037167,0.02495412723053758,0.061933925944389845,0.08660091066373599,262204424.05084553,0.9117912567606902,0.6956325506150998,0.011126500770314074,0.011126500770314074,0.011126500770314074,0.011467659971263588,-0.013357483937347224,0.1389583693911537,-0.04661651840783598,42.49099639855942,54.14165666266507,59.30372148859544,97.59903961584634,56.191776710684266,1102,亞泥,TWSE,36349.998474121094
3036.TW,215.5,486,0.014117647058823568,0.051219512195122,0.13720316622691286,0.05896805896805901,-0.056814489746811914,0.6540939358043731,0.05559637521430316,0.06459182413239462,-0.015947345318361617,1363414585.925,0.7167163069906745,0.8711599326066065,-0.0770877944325482,-0.0770877944325482,-0.26484708224150977,-0.020183144497904648,0.1175471465708932,0.2718910875472226,-0.1991434689507494,47.92316926770708,49.93997599039616,84.03361344537815,63.32533013205283,56.15426170468187,3036,文曄,TWSE,215500.0
3023.TW,329.0,486,0.06472491909385103,0.026521060842433775,0.018575851393188847,0.08006932450683824,0.2153195572634603,0.43325655208685365,0.032318795105114484,0.05755753721876311,0.07887788592571776,210508955.35,0.9086805389856366,0.7024138934744716,-0.032352941176470584,-0.032352941176470584,-0.032352941176470584,0.06008095624555382,-0.008113923442423898,0.2712196532196629,-0.15085539199496334,52.41296518607443,54.541816726690676,55.10204081632652,70.5282112845138,56.06582633053221,3023,信邦,TWSE,329000.0
4956.TW,42.099998474121094,486,-0.10899474128844244,-0.0023697224410048623,0.23460411606972054,0.26047893864619365,-0.0696132933895891,0.9179953080094214,0.029402746562466664,0.211394549421974,0.07742667721505847,556511186.2132295,0.6476973824781066,4.123307616262498,-0.10899474128844244,-0.10899474128844244,-0.23034738780762798,-0.16764577030587258,0.147777803187656,0.9045272429426543,-0.27934624367400784,59.603841536614645,65.14605842336935,72.26890756302521,13.865546218487395,56.02841136454582,4956,光鋐,TWSE,42099.998474121094
6139.TW,778.0,486,0.025032938076416267,0.08811188811188808,0.04851752021563338,-0.03842874676471408,0.19873001924945655,1.2558379148835108,0.0472472741957195,0.03311371650373918,0.0294529954808056,1826145346.85,1.1897194682423733,1.1294169088688557,-0.10396600642244003,-0.10396600642244003,-0.1602613194819541,0.012903558022507922,0.061327102470538075,0.392404866066192,-0.2815642146288848,55.54021608643457,48.65946378551421,87.27490996398559,38.23529411764706,55.98449379751901,6139,亞翔,TWSE,778000.0
7730.TW,201.5,486,0.0359897172236503,0.17151162790697683,0.1681159420289855,0.20216207949260778,0.11404547241106933,0.7806081842689911,0.12790372236216063,0.2112108627235918,0.17843472250098302,20894302.525,1.478524108890468,0.8651291838158086,0.03069053708439906,0.03069053708439906,-0.07485791677023468,-0.006039268283596078,0.10072858219811624,0.41987462546283627,-0.23611110862450901,63.2172869147659,82.7531012404962,0.7202881152460985,44.41776710684273,55.90676270508203,7730,暉盛-創,TWSE,201500.0
2886.TW,49.29999923706055,486,0.009211888986605521,-0.023762391345335754,-0.025691685301639233,0.08803387430407228,0.28003978873106905,0.22926906058219476,-0.018123888186397985,0.014919763550176102,0.10480161163340451,1106717723.8102927,0.8492729423904319,0.6339411608217822,-0.060952395484560995,-0.060952395484560995,-0.060952395484560995,0.01563481031201533,-0.05503631006966332,0.2195043155571569,-0.10435036033362133,48.973589435774315,36.6546618647459,82.35294117647058,82.23289315726291,55.88965586234494,2886,兆豐金,TWSE,49299.99923706055
6292.TWO,66.9000015258789,486,-0.0044642177974254516,0.01671730126297777,0.018264910705887427,0.24813439235785162,0.42275438822507416,0.6719960041647755,-0.002311511416053902,0.0925570818109065,0.14403067431490157,27786608.39218216,1.8070233931350959,1.1729415938760812,-0.06039319672287491,-0.06039319672287491,-0.06039319672287491,-0.009030445473897308,-0.06444655341339645,0.3287704389223483,-0.12730629942346694,68.27731092436974,54.10164065626251,8.28331332533013,69.0876350540216,55.85584233693477,6292,迅德,TPEx,66900.0015258789
2316.TW,171.0,486,0.0239520958083832,0.06542056074766345,0.08227848101265822,-0.07065217391304346,0.5079492706903159,0.5987054753027943,0.04972375690607733,0.07109301597243967,0.06796885421048504,329180988.475,2.326873713039527,0.892117478447964,-0.07065217391304346,-0.07065217391304346,-0.2637091970057859,0.0033824755552186447,0.10582920565033938,0.3009801666449789,-0.27450980392156865,54.969987995198075,58.50340136054422,63.385354141656656,46.21848739495798,55.802921168467385,2316,楠梓電,TWSE,171000.0
6840.TWO,94.5,486,-0.04833839782719762,-0.09569377990430628,0.013948531054992941,0.5645694968982848,0.37303714325715753,0.4114014646947488,-0.03374232751944739,0.14777327846590937,0.2817867338759392,44907207.008377075,0.4771087033918405,0.6954649932110585,-0.125,-0.125,-0.125,-0.051825530590945856,-0.17424130124443535,0.5189994751163175,-0.125,65.69627851140456,56.62264905962385,23.88955582232893,56.21248499399759,55.73429371748699,6840,東研信超,TPEx,94500.0
6116.TW,15.100000381469727,486,-0.03514372207455674,-0.022653684926618567,0.05594406853597067,-0.03821652452768365,0.6289104245753732,0.9433719972376584,0.013082892121393686,0.05434659223681604,0.06118818303892293,947963349.0660038,1.0988810071881996,2.2960458756544724,-0.09580840169902494,-0.09580840169902494,-0.33480176766679515,-0.049129739208549406,0.06868291004519855,0.5611758380148644,-0.29341319451186154,62.418967587034814,47.13885554221688,80.0720288115246,25.630252100840337,55.72859143657463,6116,彩晶,TWSE,15100.000381469727
4991.TWO,511.0,486,0.05252317198764156,0.08033826638477803,0.03651115618661249,0.22541966426858506,-0.14833333333333332,2.0326409495548963,0.06976500758884185,0.1077389984825492,-0.06359520191801116,2262853694.0,1.6439010767874647,0.9328459258941402,-0.06066176470588236,-0.06066176470588236,-0.4126436781609195,0.043395382940988436,-0.03862873190291587,0.7681936915668786,-0.2637614678899083,58.5594237695078,51.82072829131652,89.31572629051621,19.267707082833134,55.594437775110045,4991,環宇-KY,TPEx,511000.0
7827.TW,169.0,317,0.024242424242424176,0.036809815950920255,0.11920529801324498,0.02735562310030404,0.16955017301038056,1.172236418648593,0.05674534938252296,0.08038996324116976,0.09639400983943336,41753063.0,1.7889193268289603,1.1091377792183237,-0.002949852507374673,-0.002949852507374673,-0.08648648648648649,-0.0055589002608870675,0.1100867569798103,0.3071976656491183,-0.17404129793510326,59.90996398559423,63.10524209683874,21.608643457382954,63.92557022809123,55.56592637054821,7827,漢康-KY創,TWSE,169000.0
6005.TW,32.04999923706055,486,0.004702182455298187,-0.01080253926959851,-0.018376792060569636,0.07742832909332131,0.3121538192553781,0.5340420256322616,0.00265913877459667,0.03512186581735355,0.04454454964620069,221763844.3810795,1.0972811027094986,1.2618813922089172,-0.028787901907256108,-0.028787901907256108,-0.18445494319868938,0.009296380470440596,-0.04418623509167674,0.24965619399935796,-0.08005618262189618,55.01200480192076,39.65586234493797,56.182472989195674,83.0732292917167,55.55772308923569,6005,群益證,TWSE,32049.999237060547
7712.TWO,173.5,486,0.026627218934911268,0.10158730158730167,0.15666666666666673,0.07039694555739229,0.5103482569023523,0.2506743667596034,0.07914787746851193,0.16414884303191157,0.144645383299852,57733129.475,2.8747873856655293,1.0133603872444608,-0.014204545454545414,-0.014204545454545414,-0.1652407613729333,-0.012539447731755415,0.13320101814753596,0.39636507084175143,-0.30000001899878137,59.14765906362545,75.83033213285314,30.012004801920767,36.07442977190877,55.486994797919166,7712,博盛半導體,TPEx,173500.0
8040.TWO,89.0,486,-0.06708596879993545,0.04582845588493045,0.12658227848101267,0.036088456566408356,0.3993711027558309,0.5641475854710052,0.022107392129877557,0.14334654891334386,0.04010440300616769,269385066.1312019,0.4308287548498474,2.778226166973269,-0.10999999999999999,-0.10999999999999999,-0.28800000000000003,-0.09873153842018861,0.11455279295887655,0.474149965967183,-0.28504670731458415,60.396158463385355,56.70268107242898,59.66386554621849,31.992797118847538,55.102440976390554,8040,九暘,TPEx,89000.0
2317.TW,249.0,486,-0.019685039370078705,-0.015810276679841917,-0.00994035785288272,0.0573248407643312,0.23872049079810487,0.18710715203356343,-0.008461921353907442,-0.0066489361702127825,0.005594544658666267,8232604885.175,1.6481639814632847,0.8604378130508911,-0.07777777777777772,-0.07777777777777772,-0.17017752244774298,-0.017199949906858025,-0.029048638107659785,0.1612783081443775,-0.10873786407766994,46.068427370948385,26.770708283313326,96.27851140456183,88.17527010804321,55.09153661464586,2317,鴻海,TWSE,249000.0
1434.TW,19.450000762939453,486,0.08356545605819599,0.08356545605819599,0.0926967189101624,0.0907377372785172,0.18459935181260256,0.3175247790064315,0.07875766164644693,0.07920658170896533,0.14467070278828564,40587030.90993643,3.349742886393638,1.084327839162725,-0.0025640634390023953,-0.0025640634390023953,-0.0025640634390023953,0.060391276330655386,0.06245080648399,0.2620147374558417,-0.12307690351437295,52.0048019207683,68.98759503801521,20.408163265306122,75.75030012004802,55.07282913165266,1434,福懋,TWSE,19450.000762939453
3048.TW,57.0,486,0.07954547014446645,0.1287128712871286,0.09615384615384626,0.02517988425000639,0.47318649589299033,0.4960265039903162,0.10134285892951067,0.07122720960199858,0.02490771796297886,96694326.36212635,4.465803279804322,0.7117687810463512,-0.06095553074850202,-0.06095553074850202,-0.23010335391411918,0.05550700860600488,0.08776055140384413,0.31955802858620896,-0.2513134651067427,59.25570228091236,59.90396158463384,40.45618247298919,48.85954381752701,55.03841536614645,3048,益登,TWSE,57000.0
6449.TW,271.0,486,0.17826086956521747,0.28436018957345977,0.20444444444444443,-0.09364548494983282,0.5728916736070102,0.3094886940626529,0.21743036837376462,0.18061354147758224,0.029222772980950884,517921705.4,4.832235970361523,1.6708973105820122,-0.09364548494983282,-0.09364548494983282,-0.40889168522285124,0.12714975845410637,0.2356596060943887,0.6093549848891551,-0.34305317324185247,52.05882352941176,72.90916366546618,71.30852340936374,17.286914765906364,54.94307723089236,6449,鈺邦,TWSE,271000.0
1802.TW,63.900001525878906,486,0.08673473392843034,0.08673473392843034,0.06677796157103377,0.025682220038721226,-0.08583690799747168,1.3798882911740624,0.07666389109677474,0.1217906835403122,0.01940298027425036,1736678025.34803,3.396093484654753,0.8353188984768617,-0.027397191871733284,-0.027397191871733284,-0.16579630811001667,0.0700402435356719,0.0582172215581267,0.4863993222557718,-0.32594939936928324,49.81992797118848,61.824729891956785,86.79471788715486,26.83073229291717,54.918967587034814,1802,台玻,TWSE,63900.001525878906
2489.TW,41.0,486,0.008610048240669244,-0.022646024926386343,0.047254109885492834,0.13888888888888884,-0.04382059537022831,2.117964654096981,0.007309124849035342,0.13108647701398346,0.03447991635765035,1156094805.023767,0.597453375811521,0.6838079705284449,-0.071347710464574,-0.071347710464574,-0.2553646715739506,-0.003203479230703965,0.0009578135891965545,0.6090647955114948,-0.33060106498847774,59.98799519807923,50.86034413765506,82.59303721488595,18.48739495798319,54.871748699479795,2489,瑞軒,TWSE,41000.0
4938.TW,89.69999694824219,486,-0.005543237438100035,-0.003333367241753482,-0.02181025154372529,0.09257001967566048,0.17024793355525647,0.3258397012891834,-0.005046900952730304,0.009793952138685835,0.05025986849219044,620709499.3313186,0.528750552190919,0.4940805819873316,-0.05974847470092015,-0.05974847470092015,-0.05974847470092015,-9.067455216871245e-05,-0.05266692476894545,0.15114336861275232,-0.08936653155561536,47.563025210084035,34.61384553821529,73.58943577430972,91.83673469387756,54.87074829931973,4938,和碩,TWSE,89699.99694824219
3010.TW,132.5,486,0.051587301587301626,0.06425702811244971,0.04330708661417315,0.1471861471861471,0.057966140166209934,0.3889796193883097,0.04992076069730578,0.06933889299885676,0.053171206144805305,60837195.9,1.734277753811797,0.6681102488343941,0.0,0.0,-0.027714250875906177,0.04076052993375834,-0.005754962447875878,0.15620824417237755,-0.10373443983402486,50.18007202881152,57.062825130052026,30.612244897959183,89.13565426170467,54.808923569427776,3010,華立,TWSE,132500.0
6509.TWO,50.70000076293945,486,0.03893445810622009,0.07529160386372591,0.11184215919903395,0.027822515472591736,0.1766319063609758,0.5670836178361733,0.06568577109145601,0.08993724232088374,0.0945864280600881,41112564.1337965,1.9346415140681905,1.0674172323707403,0.005952365634483314,0.005952365634483314,-0.08836607257197326,0.010973918306461605,0.1025679873748367,0.17999674923493775,-0.16829740687993566,52.881152460984396,64.98599439775911,20.64825930372149,77.55102040816327,54.77290916366547,6509,聚和,TPEx,50700.00076293945
8182.TWO,45.70000076293945,486,0.032768378823490485,0.15113349835501988,0.1824061826321035,0.009944768241755941,0.29443632449084967,0.7019439626247967,0.11797445030518228,0.13610939829070934,0.07741455764118776,64979983.58850517,4.269779020595266,1.6010896978381943,-0.028692847949245426,-0.028692847949245426,-0.22114427610024112,-0.012833166834535392,0.17909125988485153,0.46691269828975973,-0.2773644941269471,59.579831932773104,72.18887555022009,31.932773109243694,33.85354141656663,54.726090436174466,8182,加高,TPEx,45700.00076293945
5209.TWO,181.0,486,0.055393586005831,0.06784660766961648,0.18300653594771243,0.16025641025641035,0.18625462558176342,0.23101893713872856,0.05431775156545782,0.11872263713623488,0.13778600101434701,29582209.95,0.9555156712486025,3.2083362935099218,0.02840909090909083,0.02840909090909083,0.02840909090909083,0.009641952018902888,0.12958773252890898,0.43289762035773494,-0.06134969325153372,55.678271308523406,69.5878351340536,10.684273709483794,70.70828331332532,54.6610644257703,5209,新鼎,TPEx,181000.0
5880.TW,26.450000762939453,486,0.017307721651517394,-0.0221810902419195,-0.014897564724294377,0.11074010129881473,0.1711568809705708,0.15187859281509253,-0.009641460736456331,0.03543402238613491,0.10432513683960765,446176963.8499001,0.6078066776529795,0.8192396531165528,-0.0399273504385933,-0.0399273504385933,-0.0399273504385933,0.021032112832590988,-0.05181093182389929,0.16425077765259408,-0.07978468141956507,44.549819927971186,41.976790716286516,68.66746698679472,92.07683073229292,54.653261304521806,5880,合庫金,TWSE,26450.000762939453
4979.TWO,565.0,486,0.014362657091562037,-0.06611570247933884,-0.06611570247933884,0.40198511166253104,-0.030855507961843776,1.4692115766965652,-0.012755547789620736,0.0776615697618972,0.03975398713818734,3329298910.75,0.8406852192672313,0.5277036287041285,-0.10174880763116056,-0.10174880763116056,-0.20902695796793647,0.030891582711396748,-0.20011073970018253,0.7338038169238966,-0.22742474916387956,58.895558223289314,41.13645458183273,90.99639855942378,27.851140456182474,54.61424569827932,4979,華星光,TPEx,565000.0
1904.TW,25.0,486,0.0373443819205197,0.0,0.02249485561956366,0.1210762715387137,0.3490311352087945,0.4404907902642463,0.013273894198533975,0.04807154918908796,0.1389347621513073,38017527.44951878,0.8988233861340517,0.5634365397207628,-0.029126213592232997,-0.029126213592232997,-0.029126213592232997,0.03172066801562878,-0.017863901560007577,0.2996185742252202,-0.06796116504854366,58.883553421368546,52.50100040016006,18.60744297719088,80.67226890756302,54.51480592236895,1904,正隆,TWSE,25000.0
6742.TW,57.900001525878906,486,0.041366962497819904,0.09867173980377397,0.3084746107543255,0.10496182900459838,0.3341013707419762,0.048913056623582474,0.09705842734562609,0.22947341426902446,0.14363784050500739,82867072.14377022,1.4239281148138705,3.660333463998945,-0.03820596690883238,-0.03820596690883238,-0.18335683667446645,-0.035751690190761465,0.2734873344194593,0.5770089415628659,-0.23597680044300662,53.157262905162064,79.71188475390156,37.21488595438176,33.793517406962785,54.5,6742,澤米,TWSE,57900.001525878906
3162.TWO,82.19999694824219,486,-0.06057146344866071,0.09454059411955518,0.18103446480399077,0.041825036229953705,0.31840487239121074,0.5381390491595219,0.05479272977143568,0.17177472803621496,0.07907549521855883,190855615.24554023,1.117989504133807,1.7347576200852397,-0.08258930415067167,-0.08258930415067167,-0.1338946155668479,-0.1058300796496584,0.16709278606067288,0.6929923226822804,-0.28589742611616087,59.33973589435774,68.2673069227691,53.06122448979592,18.42737094837935,54.49299719887955,3162,精確,TPEx,82199.99694824219
3467.TWO,70.5,486,-0.028925599425042137,-0.16863210539072482,0.3742690262862389,0.31775700934579443,0.19704759619261547,0.5457528112254137,-0.013572123953632387,0.2616697059390529,0.1762235558780838,65209141.26234436,0.6145332836223635,13.848939390337636,-0.18497109826589597,-0.18497109826589597,-0.18497109826589597,-0.12249285599660187,0.2683500231709741,0.8118985072212924,-0.20257827172292742,66.45858343337335,61.06442577030813,32.052821128451384,29.591836734693878,54.41916766706683,3467,台灣精材,TPEx,70500.0
2436.TW,71.19999694824219,486,-0.03783787907780822,0.002816858425946256,0.061102810243764294,0.1502422486770889,0.16011609954795958,0.3142428344968806,0.005436661418744215,0.08843533342149312,0.04448550775708848,419804586.2464741,0.8424496361097821,0.9699866888944061,-0.0631579348915502,-0.0631579348915502,-0.09064187021110359,-0.053113581638749296,0.011022060684734658,0.3875514514900744,-0.1958598628421937,53.27731092436974,47.81912765106043,67.94717887154862,54.801920768307326,54.341936774709886,2436,偉詮電,TWSE,71199.99694824219
5475.TWO,203.0,486,0.1404494382022472,0.12154696132596676,0.06842105263157894,0.13725490196078427,-0.3940298507462686,2.670886126594283,0.11891966377290886,0.22295295948591787,-0.10459282130451564,1018427517.9,1.6361699840859931,0.7182081958797213,-0.007334963325183352,-0.007334963325183352,-0.49250000000000005,0.12334417504435247,0.02266941864465085,0.5769763281220839,-0.4325842696629213,55.60024009603842,59.62384953981593,81.27250900360144,14.40576230492197,54.277811124449784,5475,德宏,TPEx,203000.0
2323.TW,12.222220420837402,486,0.0,0.12420086854134538,0.13996067931583123,0.150715084249327,0.11904395590578454,0.36438247341935504,0.09377930811407764,0.13336621886703925,0.12970583481622389,33045208.399649333,0.0,0.45975264208351113,0.0,0.0,-0.04332709382375144,-0.03499016982895781,0.08972231789938889,0.42321305428573963,-0.15113110737128677,55.0,74.30972388955581,13.445378151260504,58.46338535414166,54.11374549819928,2323,中環,TWSE,12222.220420837402
8299.TWO,2060.0,486,-0.023696682464455,-0.05720823798627006,-0.011990407673860948,0.004878048780487809,0.30917563033215645,1.8312011061392557,-0.008304248405343606,0.027644980253585638,-0.04129385244455486,6322222283.0,0.5633485824617541,0.5944471049346983,-0.0964912280701754,-0.0964912280701754,-0.27949886260391976,-0.020699080545989762,-0.01361642393402355,0.42994086264616893,-0.2897862232779097,61.82472989195678,27.210884353741495,95.07803121248499,34.45378151260505,54.053621448579435,8299,群聯,TPEx,2060000.0
3504.TW,82.5999984741211,486,0.02992520719704972,0.05897433941180896,-0.007211520386164794,0.16011238784414528,0.3474714437546529,0.3131954923743052,0.02570469806192377,0.06598983746982134,0.07611632393066614,113070091.61033821,0.6201200064216099,0.3218468998649918,-0.1240721548144067,-0.1240721548144067,-0.1240721548144067,0.03172808729359092,-0.06058231633421322,0.4177147150561989,-0.18345707838696967,57.088835534213686,53.58143257302921,44.537815126050425,54.50180072028812,53.94127651060424,3504,揚明光,TWSE,82599.9984741211
5243.TW,105.0,486,0.1266094789499923,0.18644067796610164,0.17514216916850245,0.15869775148367382,-0.11768015097684958,0.42196859315147783,0.15262929088984833,0.19683543047143415,0.07644977220179938,128316862.00463256,3.530268891774846,1.344041205573771,0.07361959840054189,0.07361959840054189,-0.20264422589475817,0.08282393665786669,0.12224291867394452,0.3875385344229431,-0.27373733726764893,47.95918367346938,76.51060424169668,47.539015606242494,39.915966386554615,53.827531012404954,5243,乙盛-KY,TWSE,105000.0
6510.TWO,3320.0,486,0.10666666666666669,-0.10270270270270265,-0.08287292817679559,0.22962962962962963,-0.0880038414747829,0.9183367583334714,0.004766588484527601,0.11910112359550573,0.035839481473322055,3141444424.25,0.6352007805883482,1.2598996373198597,-0.10270270270270265,-0.10270270270270265,-0.20526045540290838,0.12738489871086559,-0.15941613805333882,0.7238725079327377,-0.19217081850533813,50.414165666266506,49.499799919967984,90.39615846338536,34.57382953181272,53.806822729091635,6510,精測,TPEx,3320000.0
3035.TW,202.0,486,-0.05164319248826288,-0.0049261083743842304,0.15428571428571436,-0.024154589371980673,0.3023398940874511,0.2095915587996251,0.03549916698705635,0.09812449035063886,0.0626523418291085,941910906.1,1.0098701528616028,1.8784906994557564,-0.06481481481481477,-0.06481481481481477,-0.1330472103004292,-0.09021462105969147,0.1623372440763746,0.4393494460753302,-0.2777777777777778,48.46338535414166,58.663465386154456,79.95198079231692,35.47418967587035,53.78831532613045,3035,智原,TWSE,202000.0
3591.TW,29.100000381469727,486,0.08178441613894916,0.19507186552714528,0.16069588585715477,0.12464946803766241,0.14600356597982844,0.4563155384808053,0.09980594205343007,0.20706968639570333,0.14724986769801007,45360663.96209755,0.8519123106732783,1.8397761726081592,0.02826859243732871,0.02826859243732871,-0.0385739837927096,0.04161044467466046,0.11914606317793397,0.5471435489292878,-0.25258801354286986,56.344537815126046,79.4717887154862,24.489795918367346,32.47298919567827,53.76740696278511,3591,艾笛森,TWSE,29100.000381469727
6667.TWO,283.0,486,0.08429118773946365,0.07400379506641364,0.1319999999999999,0.125248508946322,0.04296325088347164,0.05415792639265482,0.10095312196070805,0.18476983955926607,0.13650073552030872,138034183.6,1.4724417204669138,2.3420458162591764,0.016157989228007263,0.016157989228007263,0.002167120865430583,0.05129118773946367,0.09025049701789256,0.4718932200373505,-0.17794970986460346,42.677070828331324,78.19127651060425,48.619447779111646,51.380552220888354,53.75250100040016,6667,信紘科,TPEx,283000.0
2472.TW,243.5,486,0.07743362831858414,0.11954022988505741,0.12993039443155463,-0.22991468169710072,0.38099106389426796,1.6927820250989711,0.10984503190519601,0.047915022542856844,-0.080913066261866,678496282.25,2.1606840423704914,1.1129244897669393,-0.2750809343751297,-0.2750809343751297,-0.4549120342035353,0.04495102971069548,0.20656862166392154,0.38381395143925146,-0.4046920450774011,58.691476590636256,46.818727490996395,75.27010804321729,28.811524609843936,53.728091236494606,2472,立隆電,TWSE,243500.0
5536.TWO,1030.0,486,0.07403545359749741,0.15990990990990994,0.21034077555816677,-0.10822510822510822,0.31715323214369895,0.32287659372321253,0.13768155961782735,0.08419150541218579,0.023348854963302523,1152192855.95,2.851167888172895,1.0064535428418553,-0.18577075098814233,-0.18577075098814233,-0.28222996515679444,0.02145025970795572,0.24641581163320284,0.4336146125855894,-0.35415019762845845,47.39495798319328,63.50540216086434,82.47298919567827,27.671068427370948,53.72569027611044,5536,聖暉*,TPEx,1030000.0
4768.TWO,365.5,486,-0.004087193460490468,0.173354735152488,0.2142857142857142,0.13415048731703005,-0.22337916678851988,1.0162677451561115,0.09735044659611192,0.16982837262301964,-0.012687004914581301,272681783.25,1.2714502284506926,2.3421311753361618,-0.03815789473684206,-0.03815789473684206,-0.3085476636450698,-0.057658622031919016,0.16956888518003752,0.5927935204428726,-0.2303120366898701,52.581032412965186,63.58543417366946,60.024009603841534,34.3937575030012,53.720488195278115,4768,晶呈科技,TPEx,365500.0
8110.TW,49.25,486,0.011293618653885007,0.006128687076296879,0.12571428571428567,0.028183683321841402,0.02479794109991884,1.9407244555923135,0.05308172723846605,0.09924856438313312,0.02145072914168189,470125200.1201061,0.6894655501554303,2.4957773101741907,-0.05470246751613117,-0.05470246751613117,-0.22197087255189685,-0.02013495277468641,0.1163197246070052,0.6094517563154684,-0.32499999999999996,58.169267707082824,57.02280912364946,69.14765906362545,19.08763505402161,53.667166866746705,8110,華東,TWSE,49250.0
1717.TW,74.4000015258789,486,0.01224491871944089,0.04788734543491424,0.029045620822695684,0.06285716465541302,-0.009799794237930981,0.8070558468663607,0.03011425294338954,0.059225538662587285,0.012404196208682272,513153683.6284874,1.031302831762506,0.3373317817487307,-0.12160561739638931,-0.12160561739638931,-0.1288056183074734,0.004983513513766968,0.008093232604224676,0.22523593711822912,-0.23356644423691542,48.81752701080432,47.418967587034814,70.9483793517407,61.104441776710686,53.63055222088836,1717,長興,TWSE,74400.0015258789
3021.TW,27.100000381469727,486,-0.03730015102271489,0.07114629243831994,0.07968127368940259,0.11065577070292121,0.6574923393997907,0.5782841761409931,0.02943970313844968,0.18233049872964968,0.15702774710131728,31871187.98002224,0.9875689619540148,3.4229153628616054,-0.084459458370989,-0.084459458370989,-0.32249999046325684,-0.057220469445065536,0.04279601678842885,0.8183970749732418,-0.2204081476951132,67.0828331332533,69.827931172469,12.364945978391356,26.410564225690276,53.46058423369348,3021,鴻名,TWSE,27100.000381469727
5904.TWO,69.5,486,0.005788734221589209,-0.016973083451766957,-0.030683361811441823,0.1009186463836842,0.44152227977372416,0.5615191923472136,-0.018430906003122915,-0.03179744126550832,0.07297308287219328,332843323.22046626,0.5541819639674507,0.3482137509983316,-0.2020665761475341,-0.2020665761475341,-0.2020665761475341,0.013459574674449665,-0.06432291060600323,0.188167806175422,-0.21469572073297194,59.00960384153662,28.131252501000404,63.50540216086434,68.72749099639856,53.422068827531014,5904,寶雅*,TPEx,69500.0
2491.TW,38.849998474121094,486,-0.04074077841676316,-0.029962566436930738,-0.043103449895828705,0.15281891972077322,1.4824280780250643,1.9431817451127622,-0.035202117545168554,0.04060173442358561,0.19708811901918977,32636850.43929539,0.4578505864340897,0.3277384895383555,-0.31117025845655455,-0.31117025845655455,-0.31117025845655455,-0.02996491594280598,-0.09404308980275311,0.30897801563859345,-0.3504398648187571,78.05522208883554,42.6970788315326,13.085234093637455,37.45498199279712,53.38015206082433,2491,吉祥全,TWSE,38849.998474121094
6414.TW,399.0,486,-0.008695652173912993,0.061170212765957466,0.061170212765957466,0.05695364238410594,0.37985640848985747,0.37985640848985747,0.04096008348552038,-0.026037428803905693,0.050849218802093255,408775574.375,0.7489266522969263,0.6208754447629443,-0.2067594433399602,-0.2067594433399602,-0.2067594433399602,-0.02398820536540236,0.042185665304588824,0.29280199984985267,-0.2693836978131213,56.59663865546218,42.016806722689076,67.46698679471788,47.719087635054024,53.250600240096034,6414,樺漢,TWSE,399000.0
3357.TWO,226.5,486,0.0658823529411765,0.07600950118764849,0.09685230024213065,-0.07926829268292679,0.31656344916310664,0.7323204491458428,0.08373205741626788,0.06839622641509435,-0.01666356259441304,249706885.875,1.8598799614920112,0.6310085921522132,-0.10650887573964496,-0.10650887573964496,-0.33793505049103023,0.04166927788064384,0.12327506446977292,0.266277598538179,-0.29400000000000004,53.06122448979592,53.58143257302921,58.58343337334934,47.35894357743098,53.164265706282514,3357,臺慶科,TPEx,226500.0
3416.TW,182.0,486,0.0930930930930931,0.1234567901234569,0.1339563862928348,0.0526536331461378,0.23955213573564116,0.06823193719692333,0.11009454101860339,0.08665254066531713,0.11127176029469066,47607615.6,2.5331351855953597,0.8165584325604909,-0.02522130301620673,-0.02522130301620673,-0.02522130301620673,0.059603996519884406,0.1164051752441222,0.29197789342826125,-0.1430516949593026,47.1608643457383,70.46818727490997,25.570228091236498,69.8079231692677,53.14615846338535,3416,融程電,TWSE,182000.0
8213.TW,38.349998474121094,486,0.12794113159179688,0.1533834127555216,0.17818738473138973,0.18954754766101645,0.10210510252541272,0.08851748232213241,0.1396730730719724,0.17991861824162614,0.12179908929362626,32502590.774064444,8.831602766552864,2.1878932685065235,0.017241318250067916,0.017241318250067916,-0.04950024936712749,0.08339428540894944,0.11500486884438425,0.41857160822820727,-0.1379207251196204,49.3937575030012,78.9515806322529,12.845138055222089,61.224489795918366,53.075530212084836,8213,志超,TWSE,38349.998474121094
4949.TW,85.30000305175781,486,0.1238471849394347,0.12830694144732235,0.11503271963082118,0.08386285081886569,-0.035067855436785034,1.0688079030518707,0.1113282930955044,0.1740956115753658,0.04586653409465624,74369307.7512085,3.04888860658285,0.9570599664017057,0.01668654946862036,0.01668654946862036,-0.21018515692816842,0.0950890050317294,0.08707843602453262,0.37544463013028007,-0.3029150958639689,54.231692677070825,71.06842737094837,34.69387755102041,37.454981992797116,52.99369747899159,4949,有成精密,TWSE,85300.00305175781
3714.TW,67.0,486,-0.026162833894116,-0.02757621892309048,0.032357448763444374,0.1298482438786812,-0.10551990431254588,0.7166791269469779,0.010405661036002378,0.1145304804114804,0.04491617175098406,920347074.8822803,0.7099157246567704,1.0667325470827493,-0.05367235717461549,-0.05367235717461549,-0.1648588538480361,-0.03425219608497709,-0.010925299196116033,0.3994774724662469,-0.24710745062709838,47.79111644657863,51.62064825930372,79.47178871548618,44.057623049219686,52.9405762304922,3714,富采,TWSE,67000.0
3135.TW,157.5,486,0.0031847133757962887,-0.015625,-0.07894736842105265,0.08487927024749675,0.378330295205598,3.4049293171293096,-0.015778784564911774,0.002341710891150983,-0.054496372449021724,82854801.35,0.761003250500565,0.2478096279530831,-0.10511363636363635,-0.10511363636363635,-0.3544863577120122,0.022921555481059452,-0.10724045850355157,0.19530476240384784,-0.17962459345195703,69.45378151260503,19.847939175670266,37.09483793517407,74.30972388955583,52.926870748299315,3135,凌航,TWSE,157500.0
6693.TWO,196.5,486,-0.07529411764705884,0.0947075208913648,0.04800000000000004,-0.10068649885583525,0.3920468481295911,2.2028396678034357,0.01892662691210778,0.08209811390023414,0.09699179989410345,362494191.275,0.7254026893424795,1.53359706729465,-0.10068649885583525,-0.10068649885583525,-0.2876143439412647,-0.08729411764705886,0.08156216628527846,0.6965115571141919,-0.3709677419354839,61.44657863145258,55.862344937975195,64.82593037214886,10.264105642256903,52.88005202080832,6693,廣閎科,TPEx,196500.0
6245.TWO,88.0,486,-0.0033975429375915356,0.026837842866515915,0.10970991946322939,0.15503355247689088,0.16967275164749807,0.09996643168848607,0.024268170211360962,0.09039143605005773,0.10101572933272962,83736669.07438508,0.5280881044931055,1.7729585212560715,-0.01234566209830612,-0.01234566209830612,-0.01234566209830612,-0.030825022803398883,0.0580320686375991,0.3421388887646175,-0.13192004119473788,50.1140456182473,58.50340136054422,37.45498199279712,67.22689075630252,52.879451780712294,6245,立端,TPEx,88000.0
2834.TW,17.450000762939453,486,-0.0028570992606026246,-0.043835574633454666,-0.014124293176498326,0.0768684977192764,0.17325492163446787,0.22229775908038274,-0.02459471134128466,0.023165762251937005,0.07406239654005153,635500324.1813548,0.38197514807943167,0.49143977535830663,-0.06933329264322918,-0.06933329264322918,-0.06933329264322918,0.0006739740335219568,-0.03974712574959045,0.21828862849499653,-0.07733337402343754,44.97599039615846,33.73349339735895,73.94957983193278,86.8547418967587,52.79321728691477,2834,臺企銀,TWSE,17450.000762939453
6221.TWO,29.649999618530273,486,-0.04200326695842427,-0.029459890049308823,0.40189126020375165,0.43807644540654556,0.1670956740365841,-0.11290923793050911,0.02303113035821247,0.26154112478547353,0.28100954900849673,44245203.67110586,0.8454264020393476,11.016640687060658,-0.0974124506615045,-0.0974124506615045,-0.0974124506615045,-0.14247608200936218,0.25586577840156977,0.7435457777553782,-0.0974124506615045,51.89675870348139,74.98999599839937,23.52941176470588,47.298919567827134,52.72529011604642,6221,晉泰,TPEx,29649.999618530273
7795.TW,525.0,444,-0.020522388059701524,0.03960396039603964,-0.05405405405405406,-0.05234657039711188,0.3359363715573034,1.255106275710967,0.02800078323869193,0.06354244040786017,0.1392222279294144,596579651.175,0.9222221083370306,0.8509100231106234,-0.11317567567567566,-0.11317567567567566,-0.21171171171171166,-0.00700887454618801,-0.036605197255016764,0.552755444135694,-0.43918918918918914,54.69987995198079,58.86354541816727,73.10924369747899,15.786314525810322,52.66516606642657,7795,長廣,TWSE,525000.0
6224.TW,79.9000015258789,486,-0.022031768538542273,-0.023227401650299573,-0.0555555204847894,0.22734260212987856,0.3496621705433849,0.8311495805727702,-0.0443155078840195,0.11683170449685121,0.07929220149725658,111163004.64242211,0.34191692847288885,0.6530160375395514,-0.10426004193430138,-0.10426004193430138,-0.15894735235916946,-0.008142888417344923,-0.1313363878614156,0.46721897429447207,-0.252713166466055,65.31212484993998,44.137655062024805,43.57743097238895,37.93517406962785,52.65176070428171,6224,聚鼎,TWSE,79900.0015258789
5321.TWO,70.80000305175781,486,0.007112375224676448,0.02906976615241441,-0.09693875416076903,0.2508834798666877,1.9561586971351863,0.660023458822111,-7.0577690790663e-05,0.057927026321462405,0.3214811217831932,33930874.0077549,0.35429325951368684,0.5108664438007111,-0.1833909395172908,-0.1833909395172908,-0.1833909395172908,0.031347063764868704,-0.18056658078299825,0.6775849282030688,-0.23414067055252485,71.63265306122449,56.062424969988,14.165666266506602,28.331332533013203,52.624849939975995,5321,美而快,TPEx,70800.00305175781
1608.TW,36.54999923706055,486,0.016689804211064807,0.026685415833094472,-0.0027285752975412247,0.19275287852301437,0.16600950040862328,0.2957813508275897,0.013939923483611949,0.05417868642356094,0.09996521854851426,62538104.62090893,1.1640632866936378,0.35582754308345454,-0.04319375635928491,-0.04319375635928491,-0.04319375635928491,0.017371948035450113,-0.06697953480521268,0.20596982910790157,-0.1428099270419455,51.84873949579831,50.94037615046019,31.332533013205282,78.63145258103242,52.56162464985994,1608,華榮,TWSE,36549.99923706055
4916.TW,102.0,486,-0.009708737864077666,-0.01449275362318836,0.07030426792959688,-0.06757406785785447,0.5731112560750724,0.6650463530177333,0.01135292936750365,0.009744187274437266,0.05746072975937411,352789598.23508227,2.163098115263604,1.3853321158344871,-0.0923287492667666,-0.0923287492667666,-0.17616984230673416,-0.027284804846476884,0.09282895721554836,0.41744980320409475,-0.21246170892263572,56.92076830732292,39.335734293717486,64.58583433373349,49.2797118847539,52.5281112444978,4916,事欣科,TWSE,102000.0
8027.TWO,202.5,486,-0.03341288782816232,0.1187845303867403,0.14406779661016955,-0.13646055437100213,0.39175257731958757,1.1915584053673944,0.07298979997350652,0.09184040258806614,-0.01921214078140132,578774481.925,1.0076316969476524,1.1683866860287515,-0.17008196721311475,-0.17008196721311475,-0.3088737201365188,-0.0694298369807047,0.18955464806717026,0.66173937508177,-0.4098360655737705,58.673469387755105,54.781912765106036,72.74909963985594,10.084033613445378,52.5235094037615,8027,鈦昇,TPEx,202500.0
4551.TW,184.0,486,0.06666666666666665,0.1719745222929936,0.12883435582822078,-0.09161374926401766,0.3305938656816354,0.2941392626986077,0.0954011013543683,0.09650828649302268,0.09464873443828226,306366510.025,3.016801845757665,1.3572882640371515,-0.09161374926401766,-0.09161374926401766,-0.3299846523418153,0.03445807770961146,0.15937227224956,0.5654725221059201,-0.24322378201016348,46.37454981992797,68.66746698679471,62.42496998799519,33.613445378151255,52.44117647058823,4551,智伸科,TWSE,184000.0
2486.TW,238.5,486,-0.04024144869215296,0.021413276231263323,-0.02851323828920571,0.019230769230769162,0.28808353853911717,1.8857425596337052,0.002416727960491638,0.007391763463569179,-0.028625111217276067,889918329.825,0.762814668038558,0.36986801528749025,-0.171875,-0.171875,-0.22169549617862194,-0.03311313911985153,-0.0349234946994621,0.2962993868678335,-0.3460803059273423,61.818727490996395,27.651060424169668,78.99159663865547,38.83553421368547,52.40526210484193,2486,一詮,TWSE,238500.0
3576.TW,18.149999618530273,486,-0.01891893953890411,0.031249955973842836,0.07396449871095956,0.037142835344587066,-0.021563322640527405,1.6651982042634565,0.02789180462173868,0.03808205508202134,0.042005530755326204,347878847.3812358,0.9876225760827869,1.851956232056314,-0.07868025809040136,-0.07868025809040136,-0.13571430387951078,-0.037410064216644,0.061583553596097206,0.5614455543504644,-0.195372801817561,54.38175270108043,47.09883953581433,64.10564225690277,42.977190876350534,52.30892356942777,3576,聯合再生,TWSE,18149.999618530273
6419.TWO,158.5,486,0.022580645161290214,0.04966887417218535,0.06375838926174504,0.13214285714285712,0.1654411764705883,1.8303571428571428,0.024067194314327134,0.06150239982140859,0.07290932167536313,41150974.725,3.845928335936981,0.6881820814935967,-0.11944444444444446,-0.11944444444444446,-0.18508997429305918,0.0066410478458539535,0.019710770214126004,0.5345221284646398,-0.22789115646258506,66.95678271308523,52.30092036814725,20.76830732292917,38.23529411764706,52.0563225290116,6419,京晨科,TPEx,158500.0
2520.TW,37.349998474121094,486,0.01632648909173051,0.002684522795197042,0.01494563175171626,0.11926559568895834,0.2698312114529018,0.07033595884765376,0.009937089084540274,0.050643753465354324,0.12785618974764978,49386206.99383812,0.6748303819531162,0.8231581991782132,-0.026075620333461225,-0.026075620333461225,-0.026075620333461225,0.012590081153801447,-0.024809566811269855,0.1901423768724785,-0.061898251042576624,47.88115246098439,51.140456182472995,26.17046818727491,91.71668667466986,52.01470588235294,2520,冠德,TWSE,37349.998474121094
2393.TW,67.80000305175781,486,0.051162838011749034,0.06603780940884296,0.08306716780171186,0.0821396128171219,0.007612068964539809,0.15200995791195493,0.056980328516947676,0.07208770323387204,0.06858089978807591,103287758.54597092,1.857473109471328,0.791893528361694,-0.002941131591796875,-0.002941131591796875,-0.008771907320705097,0.03039604606132107,0.05568729686267122,0.20276033558779621,-0.1194244195308396,41.01440576230492,59.82392957182873,41.77671068427371,82.11284513805522,51.99589835934374,2393,億光,TWSE,67800.00305175781
3090.TW,174.0,486,0.029585798816567976,0.05775075987841949,0.0388059701492538,-0.25161290322580643,0.6284221707051878,1.330920737345369,0.045515998197386054,0.04908807717429542,-0.06547544069123523,683235848.35,1.7170087445079443,0.3720726135885241,-0.25161290322580643,-0.25161290322580643,-0.4882352941176471,0.019884306279254527,0.12267693789118927,0.36258168752145015,-0.4933333333333333,57.953181272509,41.29651860744298,75.51020408163265,28.031212484993993,51.93427370948378,3090,日電貿,TWSE,174000.0
6885.TW,29.600000381469727,486,-0.06031744820731022,-0.0033670161246093233,0.16765285743769276,0.4128877949175125,0.19595961137251416,-0.057324817163319386,0.005861874909993903,0.2248698366270756,0.26755287046850773,37014647.52382679,0.7587309859347413,2.5141691872195886,-0.07499998807907104,-0.07499998807907104,-0.07499998807907104,-0.10223066256673341,0.030023592465188598,0.603210666851902,-0.0859375,52.545018007202884,68.54741896758703,17.406962785114047,56.242496998799524,51.829531812725094,6885,全福生技,TWSE,29600.000381469727
4576.TW,228.5,486,-0.037894736842105314,-0.015086206896551713,-0.02972399150743099,0.1283950617283951,0.1882003698621757,0.9030927117087602,-0.022877913192217214,0.05081627960450685,0.03236361243503172,435584587.925,0.412634508592068,0.599075234723112,-0.0748987854251012,-0.0748987854251012,-0.19394487187713016,-0.030463738965247567,-0.07252234541689603,0.4527437031964298,-0.22037914691943128,58.06122448979591,34.01360544217687,68.54741896758703,45.678271308523406,51.76480592236895,4576,大銀微系統,TWSE,228500.0
3615.TWO,42.900001525878906,486,-0.008092450268695761,0.1455273872339351,0.2033660502016279,-0.007071736161333275,0.3432835571307522,0.7576433841499985,0.09929535723779503,0.13790591405470187,0.044956142366906704,70494727.13977185,1.6487557204176941,2.9764928759685314,-0.063318728373144,-0.063318728373144,-0.2842437921584,-0.058933962819102736,0.205723295588739,0.6651688916806658,-0.3296823798763152,60.726290516206475,67.90716286514605,33.493397358943575,15.30612244897959,51.6235494197679,3615,安可,TPEx,42900.001525878906
5269.TW,1490.0,486,0.01016949152542379,0.01016949152542379,0.06428571428571428,0.008169872288857682,0.19182879100082406,0.004875251309782724,0.030250648228176358,0.04553094086178211,0.06171799185728699,571481922.5,0.6131597083647436,0.8565571567566462,-0.0033444816053511683,-0.0033444816053511683,-0.03304460854605196,-0.005901937046004779,0.06156242352276172,0.3690946458787975,-0.11117718041592739,39.159663865546214,50.540216086434576,72.62905162064826,68.54741896758703,51.43337334933973,5269,祥碩,TWSE,1490000.0
3141.TWO,79.0999984741211,486,-0.06390534350152555,-0.11322868631914373,-0.1676260004160347,0.13440689796055483,0.8192091793270724,0.5539821242057661,-0.10153325194948193,0.00016052035190239344,0.08326218937135743,280094513.4831066,0.5002794954310501,0.6966036770491468,-0.22528306719845814,-0.22528306719845814,-0.22528306719845814,-0.02199884339751687,-0.21242829973621966,0.44226194114162165,-0.22528306719845814,63.31932773109244,28.05122048819528,60.50420168067227,45.49819927971188,51.406862745098046,3141,晶宏,TPEx,79099.9984741211
2889.TW,16.5,486,0.021671850757701616,-0.020771535522018714,-0.006024119227211244,0.09493848246364811,0.11265594639753962,0.15372710817632007,-0.008711312227056567,0.05272560721453834,0.10112035499019933,183513025.46812886,0.3792343546376732,0.7212425919169296,-0.046242732505257345,-0.046242732505257345,-0.046242732505257345,0.023177880564504427,-0.03767028004842728,0.19688234051514908,-0.07514446788388596,42.03481392557023,44.65786314525811,52.10084033613446,89.73589435774309,51.35564225690277,2889,國票金,TWSE,16500.0
3066.TWO,27.149999618530273,486,-0.060553634017279534,-0.03208554877039593,0.13361163898343342,0.08167327513564393,0.2482758445301274,0.7516128786148564,0.005648662727292697,0.11137640994183995,0.18345772591181353,54024146.3503108,0.4982268562377008,1.62432151337516,-0.09197324532056883,-0.09197324532056883,-0.1009934128264014,-0.09395654376313789,0.10638721393821877,0.6241100538486257,-0.2564102525517653,62.34093637454983,59.94397759103642,27.85114045618247,26.89075630252101,51.25070028011205,3066,李洲,TPEx,27149.999618530273
2032.TW,18.549999237060547,486,-0.053571485917004114,0.06303715908467389,0.08797654352614526,0.15576324727962154,0.12765947578873216,0.3045816433123796,0.028555547319931485,0.0859065911940684,0.09112294418743905,40456436.32882853,0.9570957569067438,5.894148824533563,-0.08620689979165741,-0.08620689979165741,-0.08620689979165741,-0.07556562179854043,0.036055461099604745,0.45816880466245374,-0.08620689979165741,52.69507803121249,58.30332132853141,20.28811524609844,65.78631452581033,51.19977991196478,2032,新鋼,TWSE,18549.999237060547
8926.TW,61.099998474121094,486,0.037351390343777435,0.04088582078344527,0.06818177725809571,-0.09212487810540715,0.41018696227095686,0.3657836241013728,0.03726336228530225,0.028071432896513704,0.0017977712642498478,153410066.4007303,0.8980485681667696,1.0796986374307862,-0.09748890356918194,-0.09748890356918194,-0.24567903118369017,0.020305946029253508,0.09889006995989809,0.21624760253188782,-0.17577545417438345,48.493397358943575,43.53741496598639,50.06002400960384,72.92917166866746,51.1547619047619,8926,台汽電,TWSE,61099.998474121094
3617.TW,241.5,486,-0.006172839506172867,-0.010245901639344246,-0.014285714285714235,0.12126558155186773,0.3372349040921121,0.1624129536755463,-0.004739336492891044,0.025387434249438234,0.11719069242955182,64758796.575,0.8619709814348435,0.34189630660721837,-0.07115384615384612,-0.07115384615384612,-0.07115384615384612,-0.002601410934744308,-0.05470757480300348,0.20756025001502315,-0.09333333238453023,50.91836734693877,42.697078831532615,31.692677070828328,85.41416566626651,51.15356142456983,3617,碩天,TWSE,241500.0
8050.TWO,60.400001525878906,486,-0.0473186108485415,0.018549785884835135,0.0922242741262187,0.042194894912961356,0.5177595188413666,0.22852051847164834,0.011810068308003796,0.026456634890986264,0.10796535868970669,100604791.27219352,0.708087912402439,1.0662294648551662,-0.12463765904523327,-0.12463765904523327,-0.12463765904523327,-0.07037467938009617,0.07815930915523157,0.349969261037731,-0.21449274256609485,56.03841536614646,46.73869547819127,41.29651860744298,53.36134453781513,51.10064025610244,8050,廣積,TPEx,60400.001525878906
1773.TW,175.5,486,0.047761194029850795,0.08333333333333326,0.07012195121951215,0.008620689655172376,0.15463737031550928,0.31055556448131116,0.05548037889039237,0.07806501151778855,0.04783380806918425,123567699.475,2.1415817275924915,1.2097340011640447,-0.04878048780487809,-0.04878048780487809,-0.07925073395727078,0.03023070622497276,0.06724838800112136,0.3013942103942925,-0.20596205962059622,45.834333733493395,58.34333733493397,46.698679471788715,59.00360144057623,51.06662665066027,1773,勝一,TWSE,175500.0
1504.TW,71.69999694824219,486,0.03762660682394703,0.04518948313520088,0.018465843667423876,0.12735846962979092,0.16700056891802695,-0.13737500221442156,0.026338355229974297,0.03610216961910795,0.04113840096676746,432014236.37314683,2.3254822257652754,0.6077333878109372,-0.02448983743888178,-0.02448983743888178,-0.1522478121213564,0.03301014590709106,-0.023986979542506427,0.23762332997651137,-0.13447784435882693,39.429771908763506,46.25850340136054,68.42737094837935,76.23049219687876,51.00670268107243,1504,東元,TWSE,71699.99694824219
8271.TW,199.5,486,-0.007462686567164201,-0.00992555831265507,-0.09111617312072895,0.1498559077809798,0.248743752189575,1.9083991320025673,-0.019535569480280124,-0.06967706835580767,-0.06644497073887401,235613732.275,0.6648092940409018,0.3055509993626757,-0.1923076923076923,-0.1923076923076923,-0.21623952712642402,0.015316356713018037,-0.14106814238105556,0.28307462763150715,-0.1923076923076923,66.57863145258102,11.32452981192477,57.5030012004802,63.50540216086435,50.94277711084433,8271,宇瞻,TWSE,199500.0
2031.TW,45.95000076293945,486,-0.005411255321894792,0.006571724579033766,0.02452625030640898,0.16624362902012435,0.19211590451883098,0.1568462526560943,0.01766237988276398,0.052390514282247835,0.12645669784829283,27911975.728652574,0.7437820195353558,0.519055586045192,-0.015005374920537329,-0.015005374920537329,-0.015005374920537329,-0.011542817898497038,-0.030888292700299136,0.18838216407354635,-0.07448105446241793,50.198079231692674,53.58143257302921,8.523409363745499,90.63625450180072,50.85844337735094,2031,新光鋼,TWSE,45950.00076293945
2375.TW,130.5,486,0.04819277108433728,0.10126582278481022,0.060975609756097615,-0.23383457265805252,0.5060622787173397,0.8201718835844825,0.07495881383855019,0.037446576281348065,-0.03320200535678297,386052610.35,2.327668362629369,0.5721265950599289,-0.23383457265805252,-0.23383457265805252,-0.4332023311978136,0.03294886864531288,0.13892046730878177,0.30469428325925724,-0.3764705946332898,53.175270108043215,46.21848739495798,66.26650660264104,35.95438175270108,50.81662665066026,2375,凱美,TWSE,130500.0
3022.TW,90.30000305175781,486,-0.024837963933725726,-0.01311472074581621,0.045138905752342584,0.0857286851088297,0.3698594400704247,0.3860708788733431,0.007868780170042333,0.0026785715079924444,0.09800817372961856,98986386.88116798,0.42416480739720896,0.46414257762958927,-0.1708107324219058,-0.1708107324219058,-0.1708107324219058,-0.03612269037181137,0.016562677382732687,0.2676291946709758,-0.23600728460141884,57.3829531812725,41.33653461384554,40.936374549819924,56.662665066026406,50.79631852741095,3022,威強電,TWSE,90300.00305175781
8016.TW,291.0,486,0.008665511265164572,0.03191489361702127,0.046762589928057485,-0.05977382875605819,0.43960936421362584,0.31755544140857217,0.025912215758857826,0.005268157872009516,0.023220724531393788,127072092.6,0.9916319245741483,0.5619967622067155,-0.07765451664025358,-0.07765451664025358,-0.19834710743801653,-0.0030251362168497997,0.06668719951341022,0.17905762173361778,-0.1572847682119205,48.79351740696278,39.45578231292517,47.418967587034814,79.0516206482593,50.79161664665866,8016,矽創,TWSE,291000.0
6830.TW,530.0,486,-0.0018832391713747842,-0.031078610603290646,-0.07563656755645642,0.3984168865435356,-0.3416149068322981,2.050563853281689,-0.024226434771516314,0.12104525923690734,-0.05653917064519043,735140609.8617188,0.675103158998159,0.5029588876915881,-0.11371237458193983,-0.11371237458193983,-0.45641025641025645,0.017025902717739322,-0.20844219640430162,0.5322773623886863,-0.20101137800252844,54.38175270108043,33.17326930772309,76.71068427370949,43.27731092436975,50.76330532212886,6830,汎銓,TWSE,530000.0
3088.TWO,132.0,486,-0.0037735849056603765,0.03125,0.09090909090909083,0.008806405888585056,0.413175779292567,0.646401574013401,0.022067363530778206,0.016525148930560007,0.02250503874974208,86801066.05,1.1547310890893354,0.8844320580364309,-0.1428571428571429,-0.1428571428571429,-0.1428571428571429,-0.026500857632933084,0.08797362227956247,0.30645301753477533,-0.23376623376623373,59.759903961584634,40.37615046018407,38.2953181272509,53.27130852340937,50.72098839535814,3088,艾訊,TPEx,132000.0
6166.TW,125.0,486,-0.038461538461538436,-0.015748031496062964,0.09170305676855905,-0.05660377358490565,0.7888786862048671,0.9767390513824263,0.020199959192001682,-0.01192279823463549,0.028017936894693785,244136434.05,0.5767916982999525,1.0561006685991234,-0.2492492492492493,-0.2492492492492493,-0.2492492492492493,-0.0613873026536782,0.11057098129686094,0.46838430826479394,-0.34534534534534533,63.949579831932766,36.45458183273309,57.98319327731093,26.23049219687875,50.523009203681475,6166,凌華,TWSE,125000.0
8131.TW,68.0,486,0.08800000000000008,0.10749182915474886,0.09854601492329262,-0.07983763740265681,0.11702044197579453,1.237667656782766,0.09624375437105859,0.07552392466207891,0.0351827322312277,170983886.3504488,2.456493463419123,1.3779909920917681,-0.16256154488104246,-0.16256154488104246,-0.16256154488104246,0.06336349626917692,0.12515856072417822,0.3900351964026213,-0.3706896503125139,51.32052821128451,60.864345738295306,51.380552220888354,29.831932773109244,50.4921968787515,8131,福懋科,TWSE,68000.0
3176.TWO,38.70000076293945,486,0.032000020345052116,0.00912652679906989,0.06027399350519058,0.11849718120319963,0.232484115703657,0.336787555891243,0.025912941069158757,0.08725682577659688,0.11707119720580739,24475573.92325897,0.5648780091395272,0.7747039494344492,-0.030075205941060945,-0.030075205941060945,-0.030075205941060945,0.01693152196875447,0.020774933104124038,0.379164904224231,-0.13006991939944823,55.0,59.62384953981592,5.282112845138055,65.06602641056423,50.208183273309324,3176,基亞,TPEx,38700.00076293945
6432.TWO,66.19999694824219,486,-0.05157601642003029,0.06774188626197075,0.15936950468125488,-0.09517367060813908,0.6996990108621908,1.4020789123525668,0.1007648388783089,0.012690316747457686,0.05439321903053007,64794197.105435565,2.500628781235527,1.2392747164259208,-0.13925503456434796,-0.13925503456434796,-0.2274095886707902,-0.09141839259034401,0.19109406155063458,0.6607381835042321,-0.32128565069925763,65.1440576230492,54.22168867547018,31.812725090036015,16.686674669867948,50.14515806322528,6432,今展科,TPEx,66199.99694824219
6148.TWO,37.150001525878906,486,-0.02365302836340255,-0.041290283203125,0.31040567992941126,0.21207184300971038,0.11897592386048284,-0.19318299216011459,0.020324135646078156,0.20061409321522183,0.18279146781068745,159643686.0598094,0.5147040172419401,34.81432294862942,-0.07124996185302734,-0.07124996185302734,-0.07124996185302734,-0.10125444834575537,0.23971506559284111,0.7739275339737166,-0.18578351722967446,44.86194477791117,69.06762705082032,50.42016806722689,33.73349339735894,50.077831132452985,6148,驊宏資,TPEx,37150.001525878906
2727.TW,237.5,486,0.010638297872340496,0.04166666666666674,0.032608695652173836,0.09724159857430781,0.13130231250176716,0.10436657182402187,0.02802726977599823,0.031160375385359318,0.052574112874230305,48190584.1,1.0329429450574388,0.8507998042623891,-0.0165631469979296,-0.0165631469979296,-0.0165631469979296,0.0024861239592970374,0.00019482946073789975,0.09928025224640388,-0.06004140786749479,43.427370948379355,47.138855542216895,25.930372148859544,98.1392557022809,49.937474989996,2727,王品,TWSE,237500.0
1440.TW,14.350000381469727,486,0.07089558134208751,0.08301889671469631,0.05514705727669611,0.10772654093641543,0.08320125419570368,0.05973835909246161,0.06691453406829928,0.0792855217132653,0.10598784468926636,42807466.02020545,1.5918350416718194,1.1201219853584274,0.010563420719676309,0.010563420719676309,-0.059142515992068545,0.05710881702291348,0.019238210297890967,0.29342889857552656,-0.09328358474513909,41.698679471788715,64.94597839135655,22.448979591836736,76.77070828331333,49.88385354141657,1440,南紡,TWSE,14350.000381469727
7769.TW,5925.0,470,0.0792349726775956,-0.037367993501218555,-0.14992826398852221,-0.061711433273210825,0.39705605528539856,2.2522251439050125,-0.014430074437559726,-0.04069723627572752,-0.06351724295352046,4991220016.25,0.6576772592460662,1.2647998978197694,-0.14992826398852221,-0.14992826398852221,-0.27356469700672303,0.11671703867472616,-0.12935778623078528,0.5269445754689273,-0.22991072003454371,58.57743097238895,14.525810324129651,93.87755102040816,38.655462184873954,49.871248499399755,7769,鴻勁,TWSE,5925000.0
7610.TW,1700.0,486,-0.0449438202247191,-0.1076115485564304,-0.17675544794188858,-0.3004115226337448,2.153766379112095,18.341107422280523,-0.06683134348840403,-0.03202846975088969,0.1270161443875084,1502978896.75,0.9390382956838588,1.3831020108593035,-0.34615384615384615,-0.34615384615384615,-0.34615384615384615,-0.0007549582392469556,-0.0766182737306403,0.7222161894214715,-0.5788461538461538,64.79591836734693,28.251300520208087,84.87394957983193,5.342136854741897,49.75340136054422,7610,聯友金屬-創,TWSE,1700000.0
5288.TW,188.5,486,-0.007894736842105288,-0.002645502645502673,0.013440860215053752,0.07507459839399377,0.211963076217917,0.7421968045550977,0.010452961672473782,0.0071802594233654204,0.07378793070910028,24554524.225,0.8872031157317207,1.4464331425018155,-0.04556962025316458,-0.04556962025316458,-0.04556962025316458,-0.011254951895868726,-0.011584005916277507,0.19657202960685083,-0.08607594936708862,56.33253301320528,40.21608643457383,5.642256902761105,87.87515006002401,49.431272509003605,5288,豐祥-KY,TWSE,188500.0
2618.TW,41.400001525878906,486,-0.018957327549697922,-0.025882317038143365,-0.024734963914941455,0.014705938726424117,0.23261008325099097,0.12417862619521047,-0.014344342563476498,-0.017793559586431806,0.05812711657079417,683488119.1729507,0.5815530980714814,0.6833581195524825,-0.06756756524549723,-0.06756756524549723,-0.06756756524549723,-0.012773586570962558,-0.02963694349041616,0.22609159752064387,-0.10135134786824584,40.984393757503,29.131652661064425,75.63025210084034,82.17286914765907,49.39635854341737,2618,長榮航,TWSE,41400.001525878906
8112.TW,85.0999984741211,486,0.01551307130096835,0.0352798252256008,-0.04916202822211069,-0.003512916234163055,0.03414855166521047,0.8999989609325987,0.01715172527270936,-0.024026623960529125,-0.014774628420028635,474805247.8038521,0.9783637194615329,0.49341982892948505,-0.14900001525878903,-0.14900001525878903,-0.14900001525878903,0.027803578356496023,-0.047991056144056334,0.17827143409735194,-0.17800003051757818,44.39975990396158,30.172068827531017,69.38775510204081,76.35054021608643,49.383653461384554,8112,至上,TWSE,85099.9984741211
6223.TWO,5575.0,486,0.10834990059642147,0.04303086997193639,-0.03796376186367556,-0.12066246056782337,0.13815886535003252,2.3100892259460015,0.017242952285375424,-0.0053671518413344055,-0.029095429399938255,4585983980.5,0.8359509401154095,0.7685069649595263,-0.15530303030303028,-0.15530303030303028,-0.24199849868221424,0.11784084106234036,0.0022570583255988944,0.5367257335889343,-0.24328593996840442,49.7358943577431,30.572228891556623,93.51740696278512,34.81392557022809,49.273909563825534,6223,旺矽,TPEx,5575000.0
2354.TW,62.0,486,-0.06344406558698057,-0.05487802679662068,-0.03875968992248058,0.11310590934950793,0.21175508288141764,-0.09719096442628905,-0.044610511776870476,0.007665848960363153,0.054033095982748414,655492544.5987549,0.828230423309505,0.8123648744154528,-0.06485675495973908,-0.06485675495973908,-0.06485675495973908,-0.053754143106360425,-0.07646165970564989,0.18588994921260382,-0.07180382808555241,39.06362545018007,27.330932372949178,74.42977190876351,91.29651860744298,49.2703081232493,2354,鴻準,TWSE,62000.0
3005.TW,118.5,486,0.008510638297872353,0.0,0.05333333333333323,0.03493449781659397,0.20426827400845982,-0.22958506306804471,0.012604144413586704,0.026937242724055732,0.08752179708438312,186790315.7,0.6947825908784196,0.5255752600238908,-0.024691358024691357,-0.024691358024691357,-0.024691358024691357,-0.0048226950354609555,0.04168850072780191,0.15534883468960514,-0.08154506437768239,35.61224489795918,45.65826330532212,52.82112845138055,92.67707082833132,49.26480592236894,3005,神基,TWSE,118500.0
6485.TWO,81.19999694824219,486,-0.041322315538438015,0.17681154997452442,0.3443707764386619,0.1312214385890138,0.05396019151234466,0.20630244114526497,0.15884111402639678,0.25585696783536815,0.04801982001107907,82847785.7574522,2.8582261664310895,4.411615785431481,-0.05140188790084066,-0.05140188790084066,-0.34042491746516035,-0.12741500964810348,0.3006302969089906,0.8500237000384006,-0.2773925600715976,49.62785114045619,76.31052420968388,36.97478991596639,15.126050420168065,49.22529011604642,6485,點序,TPEx,81199.99694824219
2371.TW,30.399999618530273,486,-0.0032787010317942844,0.032258024821049336,0.09352519614474053,0.1176470134497527,-0.06605221717124776,-0.22744597719557402,0.03630473432210479,0.10334813611547755,0.07117687156888985,406268395.55373365,1.24085381199955,1.4113154438943507,-0.022508062840942422,-0.022508062840942422,-0.08157096616490145,-0.026660000067979417,0.054309524994822965,0.3217599494397611,-0.13761467889908252,30.76230492196879,59.983993597438975,67.3469387755102,68.36734693877551,49.196178471388556,2371,大同,TWSE,30399.999618530273
3163.TWO,689.0,486,0.05837173579109067,0.03298350824587715,-0.05096418732782371,0.1290983237626262,-0.2847385906166141,2.4767526360358665,0.02346999405822925,0.018062542399634784,-0.08503159744314459,1510949932.0,2.390331075284924,0.7914254383366401,-0.120051085568327,-0.120051085568327,-0.37311063977103487,0.0711127826230466,-0.09399696191536577,0.4945823287286796,-0.23358848946317423,50.54621848739495,30.73229291716687,85.23409363745498,39.675870348139256,49.16536614645858,3163,波若威,TPEx,689000.0
6789.TW,481.0,486,-0.01635991820040905,0.026680896478121774,0.0388768898488121,-0.0020746887966804906,0.1683628776964552,0.5528161045747926,0.031082529474812493,0.05159597726278964,-0.025061056012133154,501305152.175,0.7546389150436612,0.7450413865689263,-0.0872865275142315,-0.0872865275142315,-0.2083433160560656,-0.026079140662612077,0.03956845278103893,0.38410892418452175,-0.26944971537001894,48.4813925570228,42.61704681872749,70.70828331332532,40.576230492196885,49.163565426170464,6789,采鈺,TWSE,481000.0
2345.TW,2070.0,486,0.08947368421052637,0.08093994778067892,0.05882352941176472,-0.08491876024900014,0.025250731599019582,1.109590750386853,0.08164598301763548,-0.004415922464731659,-0.07768236377866355,7536336265.0,1.3179056838472827,1.3320241728629683,-0.1410788381742739,-0.1410788381742739,-0.24131444577304062,0.07476780185758519,0.08712978282809809,0.5086839362832284,-0.2634854771784232,45.258103241296524,37.29491796718688,95.7983193277311,33.55342136854742,49.09263705482193,2345,智邦,TWSE,2070000.0
8162.TW,67.5999984741211,486,-0.005882375380572125,0.13043477151462168,0.10457512469603181,-0.02593664282682473,0.6486942415782866,0.5953877717811844,0.07106073209857522,0.12028722785451329,0.07944940894386665,20458341.573170852,1.648710621526433,2.1086074755729736,-0.041134773416722115,-0.041134773416722115,-0.21577725211857324,-0.032026156554580076,0.11322067230497339,0.3422078637735666,-0.35460992907801414,60.17406962785114,67.22689075630252,0.4801920768307323,34.15366146458584,49.080132052821135,8162,微矽電子-創,TWSE,67599.9984741211
6435.TWO,259.5,486,-0.009541984732824416,0.054878048780487854,0.054878048780487854,-0.20264372120901375,0.6238840721194845,1.5607402910839694,0.03386454183266929,0.015427928782755007,-0.005823664336971901,136810876.15,4.010036972498373,0.828081446832895,-0.20264372120901375,-0.20264372120901375,-0.36591193201392724,-0.02326149692794638,0.1224259558501591,0.4037059048292495,-0.34375668067910203,60.01200480192077,40.25610244097639,48.49939975990396,30.912364945978393,48.9811924769908,6435,大中,TPEx,259500.0
2905.TW,17.649999618530273,486,-0.022160644622576386,-0.04851750164669488,-0.03287673323121787,0.1737742651006844,0.23005109526017997,0.4841938525580767,-0.033009185598854573,0.02893260934635511,0.1333562912321744,23173455.610783197,0.3058549711608556,0.757996602706693,-0.06366051663951688,-0.06366051663951688,-0.06366051663951688,-0.013941461314771919,-0.09080148826477932,0.198504594551124,-0.06366051663951688,55.97238895558223,38.49539815926371,3.361344537815126,90.87635054021608,48.947078831532615,2905,三商,TWSE,17649.999618530273
3029.TW,114.5,486,-0.037815126050420145,-0.05371900826446285,0.026905829596412634,0.1280788177339902,0.1743589743589744,-0.0392177788202932,-0.028013582342954146,0.029013075634663155,0.08296419992158888,448856142.75,0.3308963260760098,3.8743988119522625,-0.08399999999999996,-0.08399999999999996,-0.08399999999999996,-0.0445415834495233,-0.015787109648250773,0.3908210501799723,-0.08399999999999996,42.38895558223289,35.494197679071625,68.7875150060024,71.00840336134453,48.91796718687475,3029,零壹,TWSE,114500.0
1402.TW,28.399999618530273,486,0.016100137506525503,0.019748625835800393,-0.008726003606586596,0.07779883139972088,0.12615191205507914,0.06571439961848435,0.01085601131200642,0.015494622831833338,0.057322609016274395,214727456.7630933,0.6798077804343401,0.4945607694942164,-0.06425043619208759,-0.06425043619208759,-0.06425043619208759,0.01828163840817215,-0.03465894740649356,0.19888853288995917,-0.09719936493775416,39.129651860744296,40.21608643457383,55.46218487394958,85.59423769507802,48.82082833133253,1402,遠東新,TWSE,28399.999618530273
6643.TWO,489.0,486,-0.06142034548944342,-0.0010214504596527396,0.11643835616438358,0.16617115379282965,-0.0033029265048468703,0.009001992683523419,0.03295310519645134,0.11649736511204734,-0.003218509493216448,482401204.775,0.6243304544490267,2.7902088718896327,-0.11891891891891893,-0.11891891891891893,-0.2964490937006372,-0.09052993453053931,0.0610479715667737,0.6579043968642129,-0.1572904707233066,41.34453781512605,53.02120848339336,69.86794717887155,42.136854741896755,48.661064425770306,6643,M31,TPEx,489000.0
1216.TW,75.5999984741211,486,0.023004017769158835,0.013404826011449655,-0.01434157128928415,0.0014770939765289537,0.07693094380105525,0.00020298713075717068,0.013336898660240903,0.0033280530949977294,0.03379575444127214,689657213.1180588,1.705747233587641,0.8526230340393727,-0.033248063626421076,-0.033248063626421076,-0.033248063626421076,0.026589410591479873,-0.014833935948127134,0.15635452494747404,-0.07033248356314203,30.960384153661465,36.69467787114846,75.75030012004802,94.47779111644658,48.64005602240897,1216,統一,TWSE,75599.9984741211
2483.TW,38.29999923706055,486,0.04644811021348749,0.17846151498647833,0.20062694968850714,-0.30490017608532294,0.713646469053973,0.8723411754438182,0.12556019380444727,0.05408007426517991,0.07611976942225818,55896401.90485935,3.786541785287892,1.1798099437513894,-0.30490017608532294,-0.30490017608532294,-0.4520744148641995,-0.0037086272086392924,0.3022603417169481,0.6056803339613019,-0.4098039140888289,58.2953181272509,63.98559423769509,28.57142857142857,13.505402160864346,48.54081632653062,2483,百容,TWSE,38299.99923706055
8081.TW,262.0,486,0.027450980392156765,0.039682539682539764,0.05432595573440646,-0.007575757575757569,0.1633985723554725,0.18841791640628136,0.03526622542724489,0.030785875872922253,0.006037802412449889,78492130.35,1.6245708618043122,0.7088431464445955,-0.029629629629629672,-0.029629629629629672,-0.191358024691358,0.01386949145855515,0.05685120825965898,0.14613382332836694,-0.1145038167938931,41.9327731092437,43.857543017206886,35.65426170468187,88.71548619447779,48.48959583833533,8081,致新,TWSE,262000.0
6983.TWO,374.5,486,0.06090651558073645,0.07614942528735624,0.08866279069767447,0.08080808080808088,-0.15842696629213482,1.6086726198359282,0.053964680222331696,0.13196141155134633,0.03194103194103182,30696041.375,5.7285118904869625,1.5328839916693207,-0.051898734177215244,-0.051898734177215244,-0.2613412228796844,0.03874081790631784,0.0617267637616475,0.40835212095857887,-0.1983240223463687,52.2328931572629,61.10444177671068,11.644657863145259,52.82112845138055,48.45078031212485,6983,華洋精機,TPEx,374500.0
5314.TWO,27.149999618530273,486,-0.11274512156635952,0.03824091833987575,-0.2973316666719321,0.6575248528253481,0.3955951708769412,-0.11142848242956793,-0.13622278130911147,0.10989822537151483,0.3423693683225437,1102859507.9035492,0.8343074092199058,5.639728149944587,-0.4189473353351588,-0.4189473353351588,-0.4189473353351588,-0.03841220489837649,-0.5165066176137149,1.1421809069303703,-0.44355913467582997,50.51020408163266,52.621048419367746,82.23289315726291,1.440576230492197,48.4358743497399,5314,世紀*,TPEx,27149.999618530273
6588.TWO,107.5,486,-0.022727272727272707,-0.0401785714285714,-0.052863436123347984,0.42195770065787386,-0.29276315789473684,2.6502545743659347,-0.02934537246049662,0.07704638841188971,-0.007951765995433346,183356040.875,0.3983696454150841,0.5541293973178294,-0.09282700421940926,-0.09282700421940926,-0.3260188087774295,-0.009511413696435711,-0.19351600300930594,0.6155987177569558,-0.15254237288135597,56.97478991596638,32.6530612244898,51.980792316926774,45.378151260504204,48.405762304921964,6588,東典光電,TPEx,107500.0
3706.TW,80.5999984741211,486,-0.018270402288409482,0.016393384266514932,0.007499980926513716,0.025470974036985616,0.11092681664938575,0.047662252286764906,0.007374051484424049,0.009798974542569727,0.03628941738664859,517107027.1180897,0.5559606093334014,0.5372256774179222,-0.03882187202770826,-0.03882187202770826,-0.0801525404853708,-0.02014539752003791,-0.0009903437524814897,0.23070287136595813,-0.08586946584348476,35.40216086434573,36.57462985194078,71.18847539015606,84.21368547418967,48.38495398159263,3706,神達,TWSE,80599.9984741211
2020.TW,24.149999618530273,486,-0.07824431621043904,0.12325579621071037,0.10779818640886307,0.13647057028377763,0.03205128257378598,0.05524020768177196,0.046360467875759426,0.09768567067505551,0.1046101460790736,66523206.15784168,1.813689586293816,9.176237093829311,-0.10223048472110907,-0.10223048472110907,-0.10223048472110907,-0.1051938628126548,0.06230799631427053,0.5824489361619233,-0.10223048472110907,42.490996398559425,63.985594237695075,32.53301320528211,55.222088835534215,48.28061224489796,2020,美亞,TWSE,24149.999618530273
2467.TW,552.0,486,0.016574585635359185,0.045454545454545414,-0.09508196721311479,0.029850746268656803,0.08201749120244517,1.843056233392983,0.014332965821389099,0.0065951433000031034,-0.02494196374790425,493283481.2,1.1630480140706576,0.6746817078759738,-0.11538461538461542,-0.11538461538461542,-0.16580989086957987,0.04034507743863788,-0.10503221596933372,0.37804329223682664,-0.28548387096774197,53.34333733493398,31.49259703881553,70.46818727490997,38.71548619447779,48.25520208083234,2467,志聖,TWSE,552000.0
4105.TWO,80.9000015258789,486,0.030573267845591223,0.024050652226315306,0.05201560364929114,0.04252581335885375,0.09029656136388087,0.1190842478897105,0.029131165217492594,0.04236907485469499,0.0625396984705886,37598533.25240097,1.9381219518924098,1.005333611166266,0.007471960788524079,0.007471960788524079,0.007471960788524079,0.017569366933268438,0.037840332529673226,0.09636681434487317,-0.059418420213748435,40.414165666266506,50.020008003201276,18.007202881152462,98.37935174069628,48.14935974389756,4105,東洋,TPEx,80900.0015258789
2480.TW,165.0,486,0.03125,0.01538461538461533,0.06109324758842449,0.04100946372239744,0.240392881010407,0.02451332386331062,0.0211975862602507,0.03969754253308144,0.08291840182091925,41450384.625,1.6279843053142697,1.5659692221469772,-0.017857142857142905,-0.017857142857142905,-0.017857142857142905,0.015976688102893877,0.04742342634762534,0.18873937325014448,-0.09036144578313254,43.19327731092437,49.459783913565424,21.248499399759904,87.69507803121249,48.14345738295319,2480,敦陽科,TWSE,165000.0
1513.TW,167.0,486,0.0030030030030030463,0.006024096385542244,0.0121212121212122,0.018292682926829285,0.11647990680113995,0.08158990626560514,0.006327206990057288,0.020366598778004175,0.03508351408656596,282645897.8,1.1360893011149333,0.5076841393492715,-0.023391812865497075,-0.023391812865497075,-0.07457554142492806,-2.730002730000347e-05,0.006023651145602438,0.12235719764063076,-0.14035087719298245,37.02280912364946,37.65506202480992,60.74429771908763,86.37454981992798,48.14185674269708,1513,中興電,TWSE,167000.0
6925.TWO,71.30000305175781,486,-0.011095637160802752,0.2641844170703098,0.44040410205571345,0.2508772465220668,0.013771574731238356,-0.4622926110870863,0.1353503670662073,0.27844607492822826,0.20224628353177887,37955488.58765392,1.3770666605892485,27.702390332277766,-0.049333292643229165,-0.049333292643229165,-0.07676648749820081,-0.12119666267473111,0.35677835321502455,0.8495567088382077,-0.13898602547030647,39.71188475390156,86.39455782312926,18.367346938775512,38.83553421368548,48.04941976790716,6925,意藍,TPEx,71300.00305175781
2104.TW,11.600000381469727,486,0.054545489224520516,0.09433961924644252,0.14851484587584984,0.11538469297646348,0.008695685345193604,0.07906980292741639,0.06666669706731909,0.10916338308873863,0.10865985281681256,54043233.05512557,0.8127318446555553,1.6816424419940865,-0.0042917801457279525,-0.0042917801457279525,-0.0042917801457279525,0.017416777755558055,0.11005328155036201,0.5445115184356677,-0.14054057351393923,42.17887154861945,68.10724289715887,27.971188475390157,51.800720288115244,47.97308923569428,2104,國際中橡,TWSE,11600.000381469727
6953.TWO,255.0,486,0.00990099009900991,0.0736842105263158,0.08742004264392333,0.146067415730337,0.11111111111111116,0.21534779779082025,0.05382787478045259,0.10845468376439893,0.06759703445268217,23768461.4,3.809371201669604,3.1058457782299085,-0.015444015444015413,-0.015444015444015413,-0.1282051282051282,-0.011954020561970924,0.038730904067144335,0.36014024322181404,-0.16414686825053992,49.969987995198075,62.745098039215684,4.081632653061225,61.16446578631452,47.95968387354942,6953,家碩,TPEx,255000.0
6670.TW,279.0,486,0.029520295202952074,0.029520295202952074,0.0,0.07307692307692304,0.12133709644273072,0.10250866924457736,0.021697335896731618,0.03733539891556936,0.06926295658180193,42235831.625,0.9907137804613058,0.7264978481027833,-0.029565217391304355,-0.029565217391304355,-0.029565217391304355,0.029520295202952074,-0.024358974358974345,0.1325227760768457,-0.06959706959706957,40.50420168067227,47.85914365746299,21.968787515006003,96.21848739495798,47.919767907162864,6670,復盛應用,TWSE,279000.0
3317.TWO,71.5,486,0.09662581819994487,0.18181818181818188,0.2654867256637168,-0.20028562787957482,0.41006393447741085,0.4600661884141921,0.15602263540824568,0.07595154295332018,-6.533598200841872e-05,223906100.74433613,2.613699879617937,4.489731639490004,-0.21423913868252664,-0.21423913868252664,-0.31702119689607566,0.030254136784015673,0.33224860162357506,0.649099328697776,-0.4087561714770336,50.3781512605042,60.42416966786715,56.42256902761105,10.864345738295318,47.86924769907963,3317,尼克森,TPEx,71500.0
6205.TW,70.5999984741211,486,-0.016713154967022525,0.07786257212398606,0.09119013607680237,0.07132013413378302,0.054796467690023665,0.6690746788603115,0.04206640694311825,0.10381485869035711,-0.01581836445036211,117360275.26766491,0.9974432877077629,2.796551188086593,-0.04206239623453645,-0.04206239623453645,-0.26744274691623127,-0.03951068898622312,0.06741675803220804,0.6201611489354594,-0.24626865671641796,51.944777911164465,52.22088835534214,45.13805522208884,29.4717887154862,47.6218487394958,6205,詮欣,TWSE,70599.9984741211
4716.TWO,19.75,486,0.14492753623188404,0.1686390796331616,0.16176470588235303,-0.06619383658540035,0.28664491916507595,0.2908496571104553,0.12503561339362923,0.1225843199473351,0.12476864374016494,34532449.88721285,10.054279783978444,1.0003002640048808,-0.06619383658540035,-0.06619383658540035,-0.1838843232498698,0.10448635976129578,0.18382931807748648,0.5850876298898747,-0.22748820178338003,46.83073229291716,75.31012404961984,15.24609843937575,35.53421368547419,47.51840736294517,4716,大立,TPEx,19750.0
1313.TW,12.800000190734863,486,0.03225811165403902,0.04918035990574876,0.08474576134203637,0.04065040587370339,0.04544971260551556,0.27204970839601117,0.04682070992990428,0.08130941566393357,0.10103956377406931,38153403.88136325,1.9206511865781308,1.13858194708939,-0.003891065311325992,-0.003891065311325992,-0.10489510349600328,0.01107167131852993,0.07119562605080192,0.23516061229624785,-0.2023346540299752,42.92316926770708,62.18487394957983,18.72749099639856,65.6062424969988,47.51170468187275,1313,聯成,TWSE,12800.000190734863
3583.TW,736.0,486,0.04101838755304099,0.045454545454545414,-0.00540540540540535,-0.0302319867755515,0.055173679880476945,0.9835574589571827,0.03786222942959894,0.027753804733487097,-0.05039702015756542,499180950.15,1.2627430670165602,0.6549644927260959,-0.11776451428345669,-0.11776451428345669,-0.23101213857671143,0.04236973890439233,0.004671923519778484,0.31338609518377347,-0.287978425929855,46.00240096038415,38.775510204081634,70.58823529411765,43.39735894357743,47.49279711884754,3583,辛耘,TWSE,736000.0
4961.TW,178.0,486,-0.043010752688172005,-0.013850415512465353,0.0028169014084507005,0.0626865671641792,0.19703220278545253,0.0580001422105616,-0.01220865704772467,0.0549190043461083,0.07877503021849663,204215625.85,0.8720430141252271,1.9077534022803078,-0.043010752688172005,-0.043010752688172005,-0.043010752688172005,-0.04371497804028468,-0.018078620979609033,0.3046309528199352,-0.14880952380952384,41.29051620648259,41.976790716286516,54.50180072028812,67.76710684273709,47.41526610644258,4961,天鈺,TWSE,178000.0
3533.TW,1915.0,486,0.032345013477088846,0.09742120343839544,0.18209876543209869,0.012445694810838903,-0.22352271291888948,0.19935868780999955,0.128960943257185,0.08523312564087027,-0.07215794819868615,2201996269.25,1.4293452922594867,0.802287870319039,-0.04726368159203975,-0.04726368159203975,-0.3161551442328314,-0.013179677880935825,0.1779502004951524,0.5136202428068808,-0.24875621890547261,33.775510204081634,53.78151260504202,88.95558223289316,35.95438175270108,47.38085234093637,3533,嘉澤,TWSE,1915000.0
4989.TW,73.19999694824219,486,0.19803598651882215,0.205930741815322,0.2139303130082506,-0.08500003814697266,-0.30285717192150297,1.762264035782724,0.16569786295063205,0.13974304543663685,-0.08280121087953585,470163508.89843464,8.510010912706194,1.2065200993122465,-0.08500003814697266,-0.08500003814697266,-0.37167384593783526,0.1445534082667595,0.24226365905724148,0.567313778392222,-0.36250000000000004,43.04921968787515,58.90356142456983,69.26770708283313,18.367346938775512,47.243297318927574,4989,榮科,TWSE,73199.99694824219
6438.TW,164.5,486,0.0,0.07868852459016384,0.07868852459016384,0.12286689419795227,-0.05530825394430228,-0.040356288692683595,0.05702811244979911,0.1011937967198484,0.05471614749265341,86805437.575,1.5095446951037148,1.240674695325265,-0.02083333333333337,-0.02083333333333337,-0.0987129537055762,-0.01967213114754096,0.03773289319084642,0.24374488088988241,-0.18122977346278313,35.06002400960384,61.46458583433374,38.41536614645859,68.78751500600241,47.223589435774315,6438,迅得,TWSE,164500.0
2332.TW,20.799999237060547,486,0.03225804619532213,0.029702893636613048,0.10933329264322911,-0.13513513942203448,0.3462782843911165,0.1718309429329885,0.04548877893951553,-0.008815855979620424,0.11170492992130177,169721244.8819582,0.8856169811523473,0.54043228390173,-0.14403292633285603,-0.14403292633285603,-0.19845862714709017,0.004924723034514855,0.1543783391172406,0.3252332648801898,-0.232510279667553,42.6890756302521,50.060024009603836,51.02040816326531,52.16086434573829,47.20228091236494,2332,友訊,TWSE,20799.999237060547
8109.TWO,136.0,486,-0.05882352941176472,0.03816793893129766,0.05836575875486383,0.0,0.2710280373831775,0.43925150943122016,0.019490254872563728,0.040550879877582435,0.07055003443865004,37941793.025,1.2852905454911348,0.6322430858661363,-0.07167235494880542,-0.07167235494880542,-0.1578947368421053,-0.07341496910048068,0.05836575875486383,0.3777201597803457,-0.1594202898550725,51.67166866746699,48.13925570228091,18.24729891956783,60.624249699879954,47.11779711884754,8109,博大,TPEx,136000.0
2468.TW,40.650001525878906,486,-0.08754203766489144,-0.1323371857027259,0.25076927771935087,0.1479789893578629,0.19383267068137888,-0.19220400192849407,-0.040651322078113505,0.11127479864425216,0.1339704825103567,297286458.6618866,0.6226079128612283,25.92074236826963,-0.1323371857027259,-0.1323371857027259,-0.1323371857027259,-0.15023435709472915,0.20144294793339657,0.8097088264015533,-0.16042783920904335,45.36614645858344,47.81912765106042,61.824729891956785,36.43457382953181,47.108443377350945,2468,華經,TWSE,40650.001525878906
3260.TWO,362.5,486,-0.046052631578947345,-0.05598958333333337,-0.08273706429064598,-0.05770008344602662,0.05338928872722515,1.5724531124594967,-0.04380033083571555,-0.04838610132747412,-0.0722765715072533,1728505029.0208893,0.9671606323883278,0.47628265013704685,-0.1339866636395861,-0.1339866636395861,-0.21539906162826894,-0.02536836550628585,-0.06350370314197044,0.22193938875486632,-0.14583332027388485,45.30012004801921,9.123649459783914,86.67466986794717,76.11044417767107,47.08373349339736,3260,威剛,TPEx,362500.0
7828.TWO,1840.0,348,-0.01866666666666672,-0.04166666666666663,-0.09582309582309578,-0.09135802469135801,0.34192249862698754,3.5058448522620465,-0.04909560723514217,0.03153468815697269,0.08499249435431211,514029966.0,0.45918667970472826,1.1075525640941182,-0.14814814814814814,-0.14814814814814814,-0.20860215053763442,0.0052891072891072255,-0.06537042092597645,0.6462860106291085,-0.43518518518518523,58.385354141656656,34.053621448579435,71.06842737094838,10.204081632653061,46.97769107643057,7828,創新服務,TPEx,1840000.0
6206.TW,133.5,486,-0.03956834532374098,-0.04982206405693945,-0.003731343283582045,0.12357253969817461,0.3134720929876442,0.3134720929876442,-0.033134166214013994,-0.020395798469501347,0.03450188775802343,103483427.85,0.7076949504999679,0.4606278183737886,-0.15506329113924056,-0.15506329113924056,-0.15506329113924056,-0.03863550950284547,-0.04492218984964025,0.276459650959849,-0.15506329113924056,54.19567827130853,23.12925170068027,42.016806722689076,69.14765906362544,46.84503801520608,6206,飛捷,TWSE,133500.0
1563.TW,79.30000305175781,486,0.04204999529303444,0.09530388647039656,0.02853443088426455,-0.020575434464931708,0.47600203209243386,0.26345772942374945,0.04342109802357075,0.007133840072884423,0.0706021651267652,36642758.6161541,1.091797792903587,0.629301017606747,-0.09886360168457031,-0.09886360168457031,-0.11024098458580023,0.0349163875719683,0.035392909039241784,0.2864935539891089,-0.18740403220998603,50.24609843937574,48.05922368947579,17.16686674669868,63.68547418967587,46.75340136054422,1563,巧新,TWSE,79300.00305175781
2049.TW,332.5,486,-0.007462686567164201,0.004531722054380571,-0.050000000000000044,0.04889589905362768,0.19871535406263052,0.5167419038136203,-0.016126645953543406,-0.027042844253700404,-0.023467467418595178,1162271541.275,0.8653303355799755,0.7187138919573026,-0.14082687338501287,-0.14082687338501287,-0.1832927991592579,0.0050373134328358105,-0.06629863301787593,0.4967026880475614,-0.1640826873385013,48.403361344537814,19.16766706682673,82.71308523409364,51.680672268907564,46.73249299719888,2049,上銀,TWSE,332500.0
6902.TW,136.5,486,-0.11935483870967745,-0.19469026548672563,0.0748031496062993,0.050000000000000044,0.45367409778348633,0.7750324745320596,-0.05208333333333337,0.038944564252188396,0.06394034669798154,85528123.075,0.9004424221118194,7.105062116212315,-0.22662889518413598,-0.22662889518413598,-0.22662889518413598,-0.13805562611125227,0.058136482939632625,0.7661432448105774,-0.22662889518413598,64.14765906362545,32.733093237294916,37.81512605042017,26.710684273709486,46.72859143657463,6902,GOGOLOOK,TWSE,136500.0
8240.TWO,54.5,486,-0.09468439685549823,0.05009630824046618,0.04206502476161611,0.1847826086956521,-0.1325291255822415,0.4361214677966916,0.020455934305452228,0.16208820907844568,0.02318549059411401,83490577.32070884,0.6429800192581019,1.556255781544173,-0.10066004336165235,-0.10066004336165235,-0.2531400653032376,-0.10520065304590226,-0.01952917813693459,0.42831643634463207,-0.23150107694631628,45.31512605042016,55.62224889955983,37.334933973589436,44.89795918367347,46.63230292116846,8240,華宏,TPEx,54500.0
9921.TW,92.80000305175781,486,0.010893245825233766,0.03455971247473233,-0.029288655513119433,0.1617662158247435,0.32285135983578717,-0.06944241283263264,0.014484865282949677,-0.0036067710670307784,0.13221788925342826,143113007.36465722,0.7555564265984002,0.47234477358525134,-0.15290051652008352,-0.15290051652008352,-0.15290051652008352,0.018215409703513624,-0.0832107274547006,0.4608399007297747,-0.2003673381467217,45.924369747899156,45.1780712284914,49.09963985594238,48.67947178871549,46.62735094037615,9921,巨大,TWSE,92800.00305175781
3529.TWO,2915.0,486,-0.10169491525423724,-0.06270096463022512,0.031858407079645934,0.20703933747412018,-0.20810429233785532,0.4139631561738497,-0.01851851851851849,0.10755786340752937,-0.04443884496422146,4013673725.25,0.5619477342236712,0.9316613353029338,-0.11800302571860821,-0.11800302571860821,-0.37641366409826427,-0.10965951702414872,-0.037154705411727454,0.6270157741713898,-0.23985890652557318,43.81152460984394,33.89355742296919,92.31692677070828,30.13205282112845,46.55592236894758,3529,力旺,TPEx,2915000.0
3551.TWO,198.0,486,0.02590673575129543,0.08493150684931505,0.09392265193370175,-0.017883115468665167,0.045561150824656504,0.2927544993161202,0.07171853856562915,0.09154056096098917,0.03969784923289188,155107172.2,2.20676233984136,3.048356877996212,-0.10081742623030221,-0.10081742623030221,-0.10081742623030221,0.002426072767869991,0.0998836904232568,0.37234025291338874,-0.2960944498267518,40.13205282112845,60.58423369347739,50.18007202881153,38.23529411764706,46.46778711484593,3551,世禾,TPEx,198000.0
2612.TW,62.5,486,0.01791528414958532,-0.006359324581484027,-0.0234375,0.16387335404162195,0.09759255159117086,0.24956689587341674,-0.0031103001227892335,0.06907659918172837,0.1084554560005293,27050661.498970605,0.618628337984773,0.27332818248238594,-0.038461538461538436,-0.038461538461538436,-0.038461538461538436,0.02377465914958532,-0.07806195134720731,0.26944435669830097,-0.08592323029954718,46.66866746698679,48.899559823929565,7.923169267707082,80.31212484993998,46.46108443377351,2612,中航,TWSE,62500.0
2617.TW,32.04999923706055,486,0.03054658662180776,-0.031722032793490285,-0.009273547178079045,0.12456137673896661,0.07957892166940783,0.24260927811890798,-0.014452661628640562,0.041994015828273445,0.08831985350387983,51271340.730404854,0.41555246229912396,0.657029108493457,-0.04754835709555194,-0.04754835709555194,-0.04754835709555194,0.03286497341632752,-0.05079400609106791,0.26804828625951027,-0.07578011972594034,44.32172869147659,40.33613445378151,27.010804321728692,82.29291716686674,46.424369747899156,2617,台航,TWSE,32049.999237060547
3363.TWO,667.0,486,0.040561622464898583,0.010606060606060508,-0.061884669479606136,0.15198618307426592,-0.19638554216867465,0.7645502645502646,0.0002249381420109664,0.06049765482152791,-0.04284706360690238,1866692767.0,0.8177020917341266,0.5643766830345399,-0.15139949109414763,-0.15139949109414763,-0.32626262626262625,0.05603278983480012,-0.11254673050436145,0.482903369884151,-0.2692307692307693,43.90756302521008,33.69347739095638,87.75510204081633,33.73349339735894,46.40506202480992,3363,上詮,TPEx,667000.0
1597.TW,142.5,486,-0.07766990291262132,0.05555555555555558,-0.0034965034965035446,0.07297926822080436,0.22429692315245497,0.7468627053768486,0.0012295801861936795,0.03396910037913514,-0.029038664472983866,241463025.075,0.5502770270656442,0.5731179042024214,-0.08064516129032262,-0.08064516129032262,-0.3518428228839694,-0.07679577703849544,-0.027822926236771666,0.5848229386154665,-0.24909744773646791,56.11044417767107,31.292517006802722,57.62304921968787,31.032412965186076,46.371148459383754,1597,直得,TWSE,142500.0
6525.TW,138.0,486,0.01098901098901095,0.03759398496240607,0.05747126436781613,-0.23966942148760328,0.6311008238134348,0.7084958392104017,0.03370786516853941,-0.010634484406739086,0.04160932384843896,124402091.5,1.9675831556877177,0.5299512334649037,-0.27937336814621405,-0.27937336814621405,-0.3755656108597285,-0.0033788051029430832,0.13736107153035054,0.32488343712422024,-0.41514360313315923,53.313325330132045,41.73669467787115,47.05882352941176,32.53301320528212,46.36394557823129,6525,捷敏-KY,TWSE,138000.0
6945.TWO,133.0,487,-0.0699300699300699,-0.014814814814814836,0.38830893281020207,0.24882629107981225,-0.35593220338983056,0.16666666666666674,0.049433856154997846,0.22801347698850494,0.07953084905412311,80160083.35052033,1.524773913230202,2.492860951767343,-0.10437710437710435,-0.10437710437710435,-0.35593220338983056,-0.1670073031326204,0.30536683578359797,0.7441378030638801,-0.2232142857142857,42.64105642256903,69.86794717887155,36.25450180072029,27.971188475390154,46.289315726290525,6945,圓祥生技,TPEx,133000.0
1519.TW,692.0,486,0.005813953488372103,-0.028089887640449396,-0.0494505494505495,0.11898993585639484,-0.11199424732657881,0.31914990163150114,-0.01585721396572559,0.006048093092046125,-0.033886736475298274,681152235.8,1.0103334710722351,0.5078197353168814,-0.10129870129870133,-0.10129870129870133,-0.1718277953619053,0.018176590851009478,-0.0891138614026811,0.19395475200724563,-0.10649350649350653,37.172869147659064,21.848739495798323,75.39015606242498,85.1140456182473,46.265606242497,1519,華城,TWSE,692000.0
2753.TW,185.0,486,0.008174386920980936,0.022099447513812098,0.033519553072625774,0.10683763570769567,0.10545907585059688,0.009739644850170981,0.026067665002773133,0.050210512066281465,0.08071001702197567,22697748.6,1.0749296570191311,0.8423744953264979,0.0,0.0,0.0,-0.0002055013471755074,-0.002092992163272779,0.13231301805730805,-0.030219780219780223,39.951980792316924,52.18087234893958,2.5210084033613445,98.49939975990395,46.176670668267306,2753,八方雲集,TWSE,185000.0
5289.TWO,1250.0,486,-0.03100775193798455,-0.03474903474903479,-0.08759124087591241,-0.1074973275035942,0.18863263253921292,2.6742629541540612,-0.03100775193798455,-0.07527184531872277,-0.14640446731194867,1338569306.5,0.8604026055986762,0.5367357811223787,-0.19896497513466815,-0.19896497513466815,-0.3519264208649314,-0.009109941719006448,-0.051758798374714345,0.2919882134663135,-0.21088430245235223,51.76470588235294,5.6822729091636655,83.79351740696278,58.94357743097238,46.12525010004002,5289,宜鼎,TPEx,1250000.0
8936.TWO,54.0,486,0.024667916854656857,0.03846153846153855,0.07784434420478936,0.0018552592076102048,0.07142853899067059,0.0785745127651496,0.03607060856809041,0.0436799402042638,0.02167914982968755,46623976.35749702,1.4806247101586114,0.8911257109134214,-0.016393469961101248,-0.016393469961101248,-0.16923076923076918,0.005206830803459517,0.0772259244689193,0.1392310271065866,-0.08743174714658564,36.86074429771909,47.539015606242494,24.96998799519808,92.61704681872749,46.110144057623046,8936,國統,TPEx,54000.0
6617.TWO,119.0,486,-0.09848484848484851,-0.15602836879432624,-0.11524163568773238,0.1333333333333333,0.75,0.1840796019900497,-0.10425291682348514,0.05460614696270438,0.2878555585153788,107480626.8,0.44390731695299784,0.6844695405437953,-0.1678321678321678,-0.1678321678321678,-0.1678321678321678,-0.06967443956291541,-0.1596860801321768,0.5371479521305657,-0.35151513830407877,56.00240096038415,45.53821528611445,42.737094837935174,20.64825930372149,46.093437374949985,6617,共信-KY,TPEx,119000.0
6530.TWO,96.0999984741211,486,-0.057843152214499094,-0.04378110971023785,-0.024365497724658902,0.25620913038066795,-0.14351751305494653,0.5204223764651139,-0.01738242485726027,0.11353583556640201,0.019704882017573366,207902982.37016526,0.5636219361738407,0.9168977259590255,-0.08038278972132928,-0.08038278972132928,-0.26541386366531106,-0.05175177778333437,-0.10976854118488155,0.4682145361160365,-0.20026009389214894,45.12605042016807,41.25650260104042,54.86194477791116,48.139255702280906,46.071028411364544,6530,創威,TPEx,96099.9984741211
3563.TW,730.0,486,-0.03183023872679047,0.026722925457102642,0.050359712230215736,0.09281437125748493,-0.216020391314656,0.3589805645981399,0.02262380051831614,0.06579715787424578,-0.010438481882641404,664872464.65,1.0912090086789836,2.1148956076657544,-0.09541511771995048,-0.09541511771995048,-0.2233932120538875,-0.044420166784344406,0.01942158847772076,0.5056246238461789,-0.2120786516853933,38.51740696278512,44.05762304921969,74.78991596638656,43.337334933973594,46.06632653061225,3563,牧德,TWSE,730000.0
6788.TWO,375.5,486,0.0836940836940836,0.1158989598811293,0.07902298850574718,0.006702412868632601,-0.007089117264893474,0.4827469150270578,0.08903712296983746,0.07421269697475386,-0.0315204453114305,113778716.575,3.031554157758452,1.3398820475338358,-0.039641943734015306,-0.039641943734015306,-0.2557914481106136,0.0639383365676468,0.07678885088286964,0.3750872885216849,-0.2493606138107417,42.875150060024005,53.10124049619848,44.657863145258105,45.13805522208884,46.03851540616246,6788,華景電,TPEx,375500.0
2353.TW,31.299999237060547,486,-0.017268481564262972,-0.0031847255632039273,0.008051529988496897,0.01788615405074956,0.14021763351020478,0.0345744471261491,-0.00831685285909467,0.011798911495728648,0.007622013110701431,388198792.45222175,0.7053216338730468,0.6230884498948829,-0.04281350132155337,-0.04281350132155337,-0.253866838109857,-0.019281364061387196,0.0020894786382470443,0.2318130253816206,-0.10144926556940159,36.01440576230492,29.531812725090035,66.6266506602641,81.45258103241297,45.80132052821128,2353,宏碁,TWSE,31299.999237060547
2002.TW,18.950000762939453,486,0.0,0.01608585257616335,-0.007853383012274673,0.03243250264596176,-0.04260651725677411,-0.017994887577913454,0.005038490785991279,-0.001157867745285035,0.005338805760290333,554692057.7612936,0.8001747660350418,1.0197114800865643,-0.04050629048407828,-0.04050629048407828,-0.049751282324235535,0.001963345753068668,-0.01866421722759526,0.12036740101108542,-0.05569622184656842,27.839135654261707,30.812324929971993,72.14885954381752,98.19927971188474,45.7829131652661,2002,中鋼,TWSE,18950.000762939453
3013.TW,97.9000015258789,486,0.041489377934881944,0.1780987162877845,0.16825773222719853,0.05727935859009525,-0.02640987518087967,-0.17225130478019035,0.12129195786847569,0.16193118541751006,0.028121187900417954,193079101.76734695,3.8189409404732175,1.6080481781207865,0.01661472921512952,0.01661472921512952,-0.23425494625709886,-0.0005750551219176891,0.14916461269716677,0.39118674230561234,-0.2663265326776787,31.854741896758703,69.06762705082032,53.421368547418965,40.816326530612244,45.737194877951175,3013,晟銘電,TWSE,97900.0015258789
3402.TWO,139.5,486,0.018248175182481674,0.1027667984189724,0.13877551020408174,0.00044822949350065144,0.16919853326348866,0.11118488809204896,0.06712564543889843,0.08637809502935023,0.05785613329578099,39394110.25,1.704243922961951,1.5302531737384402,-0.0787010938562216,-0.0787010938562216,-0.0787010938562216,-0.01644570236853876,0.13862610037291487,0.23130585806744694,-0.2669234510253806,43.01920768307323,61.464585834333725,19.327731092436977,54.021608643457384,45.72719087635055,3402,漢科,TPEx,139500.0
6782.TW,230.0,486,-0.03157894736842104,-0.03157894736842104,-0.010752688172043001,0.21099002239241482,0.04286992361031494,0.265165887000534,-0.020547216011923775,0.0623927471727026,0.1230220293974047,57025739.475,0.4449902943843358,0.3841291877038082,-0.09626719056974464,-0.09626719056974464,-0.09626719056974464,-0.02889077532541029,-0.08108269563618127,0.45094778357797505,-0.12180746561886047,46.644657863145255,44.097639055622246,29.7719087635054,61.58463385354141,45.71798719487795,6782,視陽,TWSE,230000.0
1455.TW,10.25,486,0.04166665051364671,0.05561276619274658,0.035353575248085356,0.1263735791563274,0.1343514513506323,0.15832559887951358,0.037134464130715195,0.06397702241836334,0.1047821687295103,21066280.28531766,8.064072023332475,1.5013752960692643,-0.05092594268717687,-0.05092594268717687,-0.06818181818181823,0.03282825670162537,-0.006770951137357116,0.4348889203711672,-0.09427960055187845,46.54261704681873,58.66346538615446,0.9603841536614646,65.72629051620648,45.61304521808724,1455,集盛,TWSE,10250.0
9904.TW,25.049999237060547,486,0.008048243562199575,0.018292636122468897,0.014169978271670436,0.041580042899087566,-0.05964241045869789,-0.08725220005038614,0.016949118419709253,0.022483727605546067,0.01953584417532639,264503119.19476968,1.202155644158734,0.702118358937055,-0.007920822294631757,-0.007920822294631757,-0.05964241045869789,0.004505748994281966,0.0003099639719745806,0.1548606167277446,-0.0475247826906714,27.388955582232896,39.375750300120046,59.5438175270108,96.63865546218487,45.59633853541416,9904,寶成,TWSE,25049.999237060547
1319.TW,80.80000305175781,486,0.027989880665978184,0.013801833696806431,0.022784848756427944,0.07161805592305615,0.06494059154751985,-0.10995027610101293,0.02259067411944682,0.03333621633684558,0.02042223402962029,88746613.2804184,1.021903585412349,0.4496236130520526,-0.03694872965127305,-0.03694872965127305,-0.20477805141294214,0.022293668476871198,-0.0010878365512574373,0.16130556515111152,-0.0727513242197052,33.45138055222089,42.61704681872749,38.895558223289314,93.63745498199279,45.58733493397359,1319,東陽,TWSE,80800.00305175781
3689.TWO,117.5,486,0.06334841628959276,0.08796296296296302,0.06334841628959276,0.05393677991606394,-0.10162580427186474,0.1993074042103189,0.060948081264108334,0.07743502469617458,0.019521629226406656,66310284.475,1.294400523035078,0.46310877103575715,-0.008438818565400852,-0.008438818565400852,-0.1427486174621686,0.04751131221719457,0.045369489650904773,0.23454430968742254,-0.18376067019177544,36.362545018007204,55.902360944377754,32.41296518607443,69.20768307322929,45.581832733093236,3689,湧德,TPEx,117500.0
6146.TWO,191.5,486,0.05509641873278226,0.06685236768802238,0.06388888888888888,0.03481549368996539,-0.033133480593247056,0.16023996630442938,0.060354374307862724,0.04058178450730465,0.003621098011258983,51611098.7,1.5732611336283888,1.0517524892738381,0.005777343165849436,0.005777343165849436,-0.12434726244790628,0.03912419651056004,0.052283724325567084,0.23077603618063766,-0.07825627297333382,36.4765906362545,49.13965586234494,27.13085234093637,85.35414165666268,45.57212885154062,6146,耕興,TPEx,191500.0
2897.TW,10.699999809265137,486,-0.009259294417005237,-0.03603608634755984,-0.022831050625997884,0.08245343542956518,0.09296262349301676,0.24944672951523894,-0.022831071902274735,0.020359650088731307,0.05718151458534426,51635274.27273087,0.4194973631475665,0.9495868188979655,-0.048888905843098907,-0.048888905843098907,-0.048888905843098907,-0.003551531760505766,-0.050315529102519616,0.1637864627972667,-0.057777743869357634,42.490996398559425,31.932773109243698,27.370948379351738,94.83793517406963,45.43547418967587,2897,王道銀行,TWSE,10699.999809265137
4977.TW,172.5,486,0.011730205278592365,0.011730205278592365,-0.0028901734104046506,0.19230685667988467,-0.18289457278895582,0.3746597689833828,0.005977547747485046,0.1132886899378227,-0.022527556603649912,520294142.775,1.1256758367243533,0.6377643230577817,-0.06756756756756754,-0.06756756756756754,-0.352055044508617,0.012452748631193528,-0.06699245897036621,0.4757525030590826,-0.2737609055513467,41.69867947178871,43.377350940376154,71.42857142857143,33.55342136854742,45.35604241696678,4977,眾達-KY,TWSE,172500.0
8091.TWO,230.0,486,0.06728538283062635,0.06728538283062635,0.07728337236533966,-0.1636363636363637,0.31052353542825406,1.0079695180090127,0.05359596885020612,0.02138997853600766,-0.004907764627714473,96405118.55,3.323821815577222,1.5922749105205571,-0.20138888888888884,-0.20138888888888884,-0.22033898305084743,0.047964539739291434,0.13182882691079423,0.42594533222233893,-0.328125,52.611044417767104,44.03761504601841,40.096038415366145,30.972388955582232,45.344637855142054,8091,翔名,TPEx,230000.0
3339.TWO,45.75,486,0.015538307986553646,-0.007592158041340724,0.06148495637349205,0.30714285714285716,-0.27380952380952384,0.3127690675215675,0.0131768284974636,0.12194224336472814,0.015097023317603986,102843788.38421193,0.5733602022973676,0.8379647181659853,-0.05670103092783507,-0.05670103092783507,-0.3592437111725001,0.000167068893180633,-0.04089599600746034,0.49002729797357625,-0.20156046414100315,43.85354141656663,49.819927971188484,41.53661464585834,46.0984393757503,45.3343337334934,3339,泰谷,TPEx,45750.0
6651.TWO,141.5,486,-0.04067796610169494,-0.06907894736842102,-0.007017543859649145,0.03663003663003672,0.5397170582217434,1.081761266780954,-0.03675970047651467,0.023940179702104603,0.04516748502515067,31827579.05,2.101338694644193,0.8998487864381951,-0.09294871794871795,-0.09294871794871795,-0.16272189349112431,-0.038923580136782654,-0.019227556069661388,0.4633539017721091,-0.20727272727272728,64.52581032412965,29.691876750700278,12.244897959183673,46.87875150060024,45.328131252501,6651,全宇昕,TPEx,141500.0
4721.TWO,81.9000015258789,486,0.016129070426412095,0.09932887954199865,0.14866757391898555,0.07198963440817274,-0.05631343961663182,0.17993820897930712,0.06967937520614886,0.10755501065470541,0.011338327456001496,36008051.439928435,1.323411537590245,1.1753901312270638,-0.007272708777225412,-0.007272708777225412,-0.16469720304054414,-0.021037823053334292,0.12467102911626131,0.2628364936945596,-0.1860465276743467,40.204081632653065,58.82352941176472,16.926770708283314,66.44657863145258,45.30372148859544,4721,美琪瑪,TPEx,81900.0015258789
6712.TWO,161.5,486,-0.0030864197530864335,0.009374999999999911,0.03525641025641035,-0.0030864197530864335,0.20265951590065567,0.031539238456922636,0.015084852294154683,0.04575868767537239,0.09777561587572658,35024231.325,1.7500758136822216,0.6846105628398288,-0.012232415902140636,-0.012232415902140636,-0.11748633879781423,-0.011900522317189022,0.036285216840772495,0.15030854010990785,-0.1223241590214067,38.2953181272509,49.97999199679871,15.966386554621847,87.33493397358943,45.223089235694275,6712,長聖,TPEx,161500.0
6664.TWO,373.5,486,0.0053835800807537915,0.07636887608069154,0.04768583450210384,0.0012981285007316323,-0.11521236251426525,0.4517875749449123,0.04871542889232061,0.06227338014826822,-0.007291738488848121,118547084.175,1.130539862395298,0.6387585621438114,-0.03363518758085382,-0.03363518758085382,-0.20000449713000745,-0.006537878544772169,0.047253125001859964,0.2931913977768286,-0.19341189757089772,37.20288115246098,49.21968787515005,45.378151260504204,62.30492196878751,45.19867947178871,6664,群翊,TPEx,373500.0
6690.TWO,178.0,486,0.005649717514124353,-0.011111111111111072,0.09876543209876543,0.0953846153846154,0.10110613640609079,0.037229870641997564,0.004231311706629048,0.06010223832448269,0.07391161997156215,60982890.875,0.43631640457684356,11.139973894788389,-0.05319148936170215,-0.05319148936170215,-0.05319148936170215,-0.019041640510567004,0.06697056030389362,0.49312770841130193,-0.06382978723404253,41.92076830732292,46.41856742697079,30.732292917166866,66.38655462184873,45.03681472589035,6690,安碁資訊,TPEx,178000.0
6175.TWO,77.9000015258789,486,0.0209698349951013,0.11285716465541284,0.10653408860002678,-0.2257855458561574,0.24971630345001805,0.9642816743387184,0.08405234749919521,0.028573074321435188,-0.047759048468421716,98652533.94532204,3.4574350168530934,1.2602712598404298,-0.2785728664078938,-0.2785728664078938,-0.3188241663267073,-0.005663687154905395,0.18179593721874593,0.3518528048424144,-0.3841475809478967,50.86434573829531,44.9779911964786,40.816326530612244,31.572629051620645,44.991796718687475,6175,立敦,TPEx,77900.0015258789
6499.TWO,80.5999984741211,486,0.0189633379132208,0.096598618695525,0.11944442325168181,0.22865854190404344,-0.04502373202674226,-0.14799154572745432,0.07502499345395908,0.18077935327122363,0.08890713424389585,21178399.7352314,0.9286218178849466,0.6116318725021089,0.010025004909390844,0.010025004909390844,-0.15068496124163133,-0.01089776789969965,0.04322490928366733,0.2542619086572377,-0.20285715375627789,38.265306122448976,72.10884353741496,1.0804321728691477,63.74549819927971,44.97048819527811,6499,益安,TPEx,80599.9984741211
5469.TW,80.19999694824219,486,0.07506700520997667,0.10316369071293807,0.12798872952765672,0.07219242882580978,-0.09817959138992727,-0.22713154368357136,0.07636554975818743,0.10448031652054968,0.031886904513071634,111645018.87125969,2.7674294145475535,1.2390828006013759,-0.003726745984569124,-0.003726745984569124,-0.14125724269860584,0.04306982282806249,0.10392458658572012,0.25533099312057367,-0.18122553147637643,28.529411764705884,61.42456982793118,43.69747899159664,67.70708283313326,44.90506202480993,5469,瀚宇博,TWSE,80199.99694824219
2465.TW,85.69999694824219,486,-0.0804721056392852,-0.05927553914737871,-0.1155831207561494,0.009422796324914495,0.4574829602077115,0.5008756434044952,-0.055022627792580714,-0.028950232063020387,0.02702375139532509,131085733.86329994,0.4488034289747714,0.25278419785365197,-0.1838095528738839,-0.1838095528738839,-0.1838095528738839,-0.051576325450247845,-0.11872405286445424,0.3173740505819999,-0.18847543820474588,52.25690276110444,19.727891156462583,48.019207683073226,61.04441776710685,44.80712284913966,2465,麗臺,TWSE,85699.99694824219
2324.TW,35.5,486,-0.031377939372441266,-0.04183533789415317,-0.09090907314772512,-0.0014064483300585406,0.20748300886456517,0.1789916005777572,-0.04041086831222718,-0.05974794276913775,-0.011704113282588913,1175213634.607994,0.5852632338996722,0.26781321224341803,-0.17824075525353122,-0.17824075525353122,-0.2454835159266654,-0.008650671085509987,-0.0904402570377056,0.19909886787910094,-0.17824075525353122,38.96158463385354,14.365746298519406,82.953181272509,73.76950780312124,44.63255302120848,2324,仁寶,TWSE,35500.0
3388.TWO,87.0,486,0.030805668567717603,0.06356964247240882,0.0235294117647058,0.11538461538461542,-0.0003604685249263273,0.44891575251216453,0.04712042077123302,0.05905982882671945,-0.022684710664881536,37578452.55450554,0.9267154658887913,0.13692407123090145,-0.13861386138613863,-0.13861386138613863,-0.25398801004682114,0.024923315626541154,-0.014932126696832672,0.26156435128186595,-0.20792079207920788,46.33853541416566,46.93877551020409,17.88715486194478,62.36494597839136,44.62484993997599,3388,崇越電,TPEx,87000.0
3715.TW,137.5,486,0.06589147286821695,0.07003891050583655,0.08695652173913038,-0.024822695035460973,-0.25807603485639674,0.5023759721212158,0.0856691669956573,0.14913710201455754,-0.06135460440685536,939356473.625,1.8535220854889651,1.2668422651421969,-0.03508771929824561,-0.03508771929824561,-0.3011675384752591,0.044152342433434355,0.09523075341761737,0.5590583011347872,-0.3621052524499726,34.46578631452581,56.90276110444177,79.83193277310924,18.967587034813924,44.55522208883553,3715,定穎投控,TWSE,137500.0
3479.TWO,133.5,486,-0.02197802197802201,0.030888030888030826,0.0897959183673469,-0.059859154929577496,0.5000009000976477,0.23080437876007354,0.0043257476020310826,-0.006450012403870109,0.0636585281404145,79957164.9,0.7090048949048189,1.0835447753370722,-0.14696485623003197,-0.14696485623003197,-0.14696485623003197,-0.04442700156985874,0.1097489700105394,0.3393554412751227,-0.2204472843450479,49.20168067226891,36.134453781512605,35.89435774309724,53.1812725090036,44.535714285714285,3479,安勤,TPEx,133500.0
6613.TWO,286.0,486,0.026929982046678624,0.07116104868913853,0.1063829787234043,-0.2011173184357542,0.23703664739917207,0.6513680023802302,0.05622749515280212,0.029641185647425905,0.022474235296999323,61568377.175,1.2057537378600245,0.47173980120681663,-0.22388059701492535,-0.22388059701492535,-0.2514342457892793,0.0003342373658275499,0.17342208486865568,0.2581123731720282,-0.32835820895522383,46.67466986794718,48.899559823929565,31.092436974789916,44.23769507803121,44.52801120448179,6613,朋億*,TPEx,286000.0
8261.TW,180.5,486,-0.0055096418732781816,0.022662889518413554,0.058651026392961825,-0.4120521172638436,0.5787171660505652,0.9276968327214992,0.015614010409340295,-0.04803762141256096,-0.03797922619711691,777108627.25,3.6642661708715445,0.7079985654256659,-0.4120521172638436,-0.4120521172638436,-0.47974093233712856,-0.020172398471518638,0.19600173214757635,0.5943971919216178,-0.48026315789473684,54.789915966386545,24.92997198879552,77.43097238895558,12.90516206482593,44.438375350140056,8261,富鼎,TWSE,180500.0
8215.TW,28.0,486,-0.037800699898622114,-0.012345692301947708,0.11332009640945984,0.07175139914783002,0.06570770814022908,0.15942021659897088,0.020687138325991228,0.09755840350339118,0.04167775075515423,76281612.45073366,0.542692234739781,4.77793319301148,-0.06821961028645518,-0.06821961028645518,-0.13043480321197498,-0.06613072400098707,0.08940296336018316,0.5696611730817798,-0.1981910502812415,43.55342136854742,52.82112845138055,35.294117647058826,41.896758703481396,44.38295318127251,8215,明基材,TWSE,28000.0
3685.TWO,37.900001525878906,486,0.093795089664648,0.06311360178671199,0.034106410585477365,0.028493978161090228,0.1502276372784479,0.24262300084848865,0.05541635994480543,0.030684895288756175,0.13617631697137478,24299515.289384842,3.2864942347195862,1.1214184277520087,-0.07560971888100232,-0.07560971888100232,-0.07560971888100232,0.08526848701827866,0.024608417865113953,0.36406618032985544,-0.16829272014338792,44.003601440576226,58.78351340536215,5.042016806722689,60.20408163265306,44.2844137655062,3685,元創精密,TPEx,37900.001525878906
2362.TW,46.75,486,0.003218916969754959,-0.024008381821399194,-0.016824379598244565,0.12515044183926993,0.27598389719023353,0.16914314257819463,-0.008641256971524514,0.004494259665093425,0.0670899799574749,20338071.65674915,0.564765646377058,0.29780143004010196,-0.085127174246866,-0.085127174246866,-0.085127174246866,0.0074250118693161005,-0.05854119354466788,0.16827184599214243,-0.09491191035117763,49.65186074429772,34.093637454981994,0.36014405762304924,89.07563025210084,44.28211284513805,2362,藍天,TWSE,46750.0
2206.TW,63.599998474121094,486,0.01597444128394665,-0.0031348082340301175,-0.001569894625127577,0.05026571366170951,0.13600173994227038,0.06026826653167694,0.0046599686796509054,0.013930782623606586,0.05981277195630175,38017028.32760219,0.872896567735467,0.9439951461615032,-0.01851858828892705,-0.01851858828892705,-0.01851858828892705,0.016366914940228544,-0.01832513251236408,0.10421090946363146,-0.07253093142422662,38.25930372148859,38.45538215286114,18.487394957983195,96.87875150060023,44.13545418167267,2206,三陽工業,TWSE,63599.998474121094
2402.TW,61.0,486,0.06643355220936664,0.12754162145086823,0.11721614843839845,-0.004687263671496966,-0.10464090189540298,0.161502531428398,0.08656929179638984,0.09573800558389212,0.006661331874998844,95621335.32522793,2.27140909645447,0.7982538119228422,-0.019292616530873885,-0.019292616530873885,-0.18530386726820458,0.03712951509976703,0.11877856966223077,0.3049272015611214,-0.21643652983783257,33.13925570228091,58.90356142456983,39.85594237695078,56.72268907563025,44.12535014005603,2402,毅嘉,TWSE,61000.0
6799.TW,91.4000015258789,486,-0.008676740226058466,0.07277000938630485,0.16730521026240242,0.034045706791645314,0.18791378112068835,0.0363208544418443,0.06682231611134304,0.11227559632105377,0.04369224652802961,23226750.598054506,1.0846629682731983,1.688891688370603,-0.008676740226058466,-0.008676740226058466,-0.1551429415078014,-0.05050304279165907,0.15595664133185397,0.28960623285896103,-0.22702703070305263,43.10924369747899,62.50500200080032,3.481392557022809,56.72268907563026,44.056022408963585,6799,來頡,TWSE,91400.0015258789
5291.TWO,62.20000076293945,486,0.018003311232229757,0.06872852143581265,-0.06184015233932416,0.1604478084634755,-0.13850410814381897,1.518218576586686,0.036321237652023,0.0764504930104084,0.010514743798724746,29255940.111976814,0.8322243637507226,0.33205151462563576,-0.14088398546916503,-0.14088398546916503,-0.21065991936466122,0.0334633493170608,-0.11532275516048265,0.42096613946196937,-0.23153150403821787,50.942376950780314,50.98039215686274,9.843937575030012,45.55822328931572,43.97949179671869,5291,邑昇,TPEx,62200.00076293945
7772.TWO,135.0,315,-0.2663043478260869,-0.28191489361702127,0.03053435114503822,0.2857142857142858,-0.054065742696037034,1.1061246526535449,-0.13127413127413134,0.17921094904595525,-0.040174853563189394,128595369.1,1.3453516891115043,11.297350386219058,-0.28191489361702127,-0.28191489361702127,-0.5708398749253112,-0.2739379356123465,-0.06470374409305706,1.0369889299066275,-0.28191489361702127,58.457382953181266,34.133653461384554,47.65906362545018,12.965186074429774,43.9328731492597,7772,耀穎,TPEx,135000.0
8070.TW,50.5,486,0.005976080328708333,0.012024017149777633,0.010000000000000009,0.005976080328708333,0.12882157899606184,0.3013354388097871,0.00743104392052274,0.026874975897963838,0.012461631280282548,81677763.48611546,1.8210457915816227,0.3669225970343118,-0.07169120250894878,-0.07169120250894878,-0.19789705264427093,0.003476080328708331,0.008007973223763898,0.19892474989723555,-0.20706110635244623,42.02280912364946,36.57462985194078,36.8547418967587,68.90756302521008,43.91826730692277,8070,長華*,TWSE,50500.0
8438.TW,80.9000015258789,486,0.0,0.08445044478041508,0.18970590479233684,-0.0960894454794563,-0.04117892477598595,1.7222249606057853,0.0829261978247724,0.15455975069805494,0.013735023007648728,34184962.3767498,1.5125385059719152,2.104352111041623,-0.0960894454794563,-0.0960894454794563,-0.22934191767727918,-0.04742647619808421,0.2217357199521556,0.43524605586866266,-0.4044943820224719,48.27130852340936,64.22569027611044,14.645858343337334,24.849939975990395,43.70288115246098,8438,昶昕,TWSE,80900.0015258789
3211.TWO,388.0,486,-0.015228426395939132,0.007792207792207684,0.0332889480692411,-0.11818181818181817,0.1455345136179933,0.11513625264805727,0.020649743522293873,0.04182050077196742,0.010896752253486186,1516681135.1,1.4691968579766153,0.5859257197383699,-0.11818181818181817,-0.11818181818181817,-0.15191256830601096,-0.023550663413249406,0.0726828874631805,0.33704340063753385,-0.3313817330210773,32.773109243697476,42.296918767507,85.35414165666266,36.79471788715486,43.64445778311324,3211,順達,TPEx,388000.0
2634.TW,63.20000076293945,486,-0.01863355177805759,0.0015848223650809512,-0.040971179065590224,-0.058122172874352285,0.2887991131226775,-0.013046020676855896,-0.010644943219697,-0.02554349958801927,0.1097975105986786,459439920.66227245,0.839903868015421,0.16026606610382554,-0.1377899299906803,-0.1377899299906803,-0.1377899299906803,-0.008390757011660033,-0.021597121440806128,0.2824341232467187,-0.18041960176054417,33.21128451380552,34.13365346138455,69.02761104441777,65.3061224489796,43.62855142056823,2634,漢翔,TWSE,63200.00076293945
1609.TW,38.25,486,-0.011627926461706739,0.003937048081007033,0.01728727532598917,-0.010349327557233834,0.12914582388109408,-0.023670922349329993,0.0049921267744788,0.02732828344902205,0.04478703905843617,120585383.33070222,1.2423278338234307,0.9862758788783327,-0.02547770700636942,-0.02547770700636942,-0.12571428571428567,-0.015949745293204032,0.02073705117840045,0.15541364033475,-0.1719745222929936,33.073229291716686,39.415766306522606,46.0984393757503,79.35174069627851,43.554421768707485,1609,大亞,TWSE,38250.0
2356.TW,57.5,486,-0.03685093358164859,-0.060457528052516696,-0.1015625,-0.06807132432747409,0.31919681459227056,0.32953758125327726,-0.04942966019251982,-0.08754297528636823,-0.053561583559969095,672808484.0276127,0.8047265602721745,0.42119089833994294,-0.17739629835756276,-0.17739629835756276,-0.30487286460938434,-0.011460308581648593,-0.07887205855750863,0.16928062632793456,-0.17739629835756276,41.14645858343337,8.683473389355742,75.1500600240096,77.19087635054022,43.537915166066426,2356,英業達,TWSE,57500.0
2312.TW,30.649999618530273,486,-0.01129033488612019,-0.01288243569593528,-0.020766761481599172,-0.06554877038231754,0.21290210044093238,0.5985428369546544,-0.009372994122619827,-0.030855584703854966,-0.04448809491838357,194572905.5854022,0.8385293429153162,0.5156353149088895,-0.11416182167017153,-0.11416182167017153,-0.28176073850680106,-0.006098644515720397,0.001082828645840011,0.18294373307542008,-0.20086702780605725,44.27370948379351,18.80752300920368,53.66146458583433,72.02881152460984,43.478591436574625,2312,金寶,TWSE,30649.999618530273
4766.TW,354.5,486,0.035036496350364876,0.03654970760233911,0.024566473988439252,0.05349182763744431,0.0782212007068801,-0.10665363796060046,0.03217353326539518,0.05005924170616116,0.03340702608815049,41993168.775,2.1119555506724224,0.6625850150617424,-0.013908205841446475,-0.013908205841446475,-0.049680039000219334,0.028894877853255063,0.0067358647759578165,0.2080567781526392,-0.08997050147492625,33.36134453781513,48.89955982392957,21.728691476590637,85.8343337334934,43.371948779511804,4766,南寶,TWSE,354500.0
4577.TWO,90.5999984741211,486,0.002212355584805259,0.05594400060181526,-0.004395621163504448,0.1570880580200329,-0.3410909201882102,1.458616071252958,0.03899079909901393,0.1257688160004906,-0.09285852988936638,35590683.148452,0.6765342269534461,0.5282382578272654,-0.020540557036528684,-0.020540557036528684,-0.49944752224242495,0.003311260875681371,-0.05675830717018208,0.48536210370094074,-0.20733246558212237,49.69987995198079,47.13885554221688,16.3265306122449,45.13805522208884,43.36934773909564,4577,達航科技,TPEx,90599.9984741211
9939.TW,128.0,486,0.028112449799196693,0.019920318725099584,-0.0038910505836575737,0.02400000000000002,0.1750432624949958,0.03494193370090759,0.014062190532778907,-0.014942602449817155,0.033299472412881226,75391310.2,1.0919371255253747,0.6767699004194024,-0.11418685121107264,-0.11418685121107264,-0.11418685121107264,0.029085212445111086,-0.01189105058365758,0.15324277920598456,-0.1384083044982699,36.992797118847534,35.0140056022409,34.93397358943577,84.57382953181272,43.326430572228894,9939,宏全,TWSE,128000.0
4951.TWO,88.30000305175781,486,-0.022148393492895546,-0.04951559094258662,0.11349305994510295,0.041273583420318616,0.27615052934687156,0.17334047861418855,0.006038548009301703,0.07801249530462973,-0.05512692349583037,51617162.097544864,0.34292236304969764,3.7656265147083743,-0.11434297136841953,-0.11434297136841953,-0.3446055375956336,-0.05052165847917128,0.09973519880499675,0.6349500002852402,-0.125,50.31812725090036,37.09483793517407,27.25090036014406,48.70948379351741,43.3109243697479,4951,精拓科,TPEx,88300.00305175781
4772.TWO,274.5,486,0.037807183364839236,0.1273100616016427,0.1002004008016033,0.04174573055028463,-0.09921730948181551,-0.10213249641120159,0.07573234055060252,0.09950265362662303,0.016501974847395573,277435281.825,3.2859558536916733,1.9017703849403775,-0.0248667850799289,-0.0248667850799289,-0.15155635761871755,0.01275708316443841,0.08628515728484176,0.46654286182394017,-0.23191094619666053,28.853541416566625,59.423769507803115,60.38415366146459,42.31692677070828,43.24519807923169,4772,台特化,TPEx,274500.0
6425.TWO,72.0999984741211,486,-0.1131611836690799,-0.008253074268328442,0.15175719219749362,0.12480499517062893,-0.06417872625872256,0.298181893859933,0.02494844546056907,0.14623351764429837,-0.00022493540986345817,111770291.32320519,0.5553636850889697,3.3626445455186693,-0.1131611836690799,-0.1131611836690799,-0.28694985631161607,-0.1511004817184533,0.1101555271406173,0.6838047275263084,-0.27621857889504275,44.96398559423769,53.30132052821128,43.937575030012006,20.528211284513805,43.22899159663865,6425,易發,TPEx,72099.9984741211
6291.TWO,439.0,486,-0.10224948875255624,-0.12375249500998009,-0.052858683926645056,0.025700934579439227,0.059107358262967535,1.691523595815076,-0.09717223650385609,0.04744104664572313,-0.06339173800570708,712677751.325,0.4368314565504441,1.2464793408747605,-0.1622137404580153,-0.1622137404580153,-0.353460972017673,-0.08903481777089498,-0.06142566211979147,0.619055419277237,-0.3004694835680751,51.962785114045616,20.488195278111245,76.35054021608644,21.188475390156064,43.13615446178471,6291,沛亨,TPEx,439000.0
6894.TWO,362.0,486,0.005555555555555536,-0.021621621621621623,0.06470588235294117,0.05079825834542806,-0.0013793103448276334,0.8068638494434479,0.004230529162909891,0.05179051354688746,0.03202508790268932,23864670.15,1.0845183619587,1.426538141140069,-0.028187919463087296,-0.028187919463087296,-0.11491442542787289,-0.010620915032679756,0.04777312957113182,0.33047130054124046,-0.1557142857142857,49.86194477791116,40.97639055622249,4.201680672268908,64.34573829531813,42.964085634253706,6894,衛司特,TPEx,362000.0
2610.TW,20.149999618530273,486,-0.007389144047672103,-0.017073189339986694,-0.02184469682555157,-0.01225490218994485,0.14153808284674296,-0.0001325029436948233,-0.004938299815441138,-0.025942662681812,0.011435294752083713,289856104.05622387,0.6010572744685753,0.5944530796384336,-0.10840711157457616,-0.10840711157457616,-0.1344122015366137,-0.0019279698412842106,-0.017759729428903286,0.17078903909749707,-0.11946905829051435,32.00480192076831,26.210484193677473,61.224489795918366,85.29411764705881,42.93257302921168,2610,華航,TWSE,20149.999618530273
1808.TW,32.54999923706055,486,0.02681383134586013,-0.028358231729535888,-0.024176061193567744,0.10773494290602237,0.12050944597415447,0.08732039109850653,0.004745903214990355,0.013440635168978865,0.07033241302876969,56778503.814028166,0.4301488929204449,0.8045014470238724,-0.08087935747630082,-0.08087935747630082,-0.08087935747630082,0.032857846644252064,-0.060087708828908536,0.34837275643054216,-0.11476395793805927,40.54021608643457,39.45578231292517,29.531812725090035,69.20768307322929,42.917967186874755,1808,潤隆,TWSE,32549.999237060547
7822.TW,948.0,375,-0.052000000000000046,0.09595375722543342,0.05450500556173532,0.04075012118160681,-0.4198371797242253,0.7608262761174427,0.048788582807832714,0.06921898230140577,-0.07808394243179295,168846234.8,1.5990728089781157,1.0146723597111311,-0.052000000000000046,-0.052000000000000046,-0.4198371797242253,-0.06562625139043388,0.04092163183453305,0.4323814629823153,-0.2553626104255142,40.342136854741895,43.81752701080432,50.780312124849935,39.61584633853542,42.66776710684274,7822,倍利科,TWSE,948000.0
2845.TW,12.949999809265137,486,-0.0114504250256946,-0.04074075486924911,-0.05474452630961235,0.024353388690973476,0.07274810579293312,0.10763427427593997,-0.027960241735122793,-0.0030578913338777935,0.03960135624756833,109876973.58094373,0.5518016921187583,0.5047927571868938,-0.058181832053444626,-0.058181832053444626,-0.058181832053444626,0.0022357065517084884,-0.06286232253993684,0.1487697328233546,-0.06909089521928269,33.81752701080432,26.4905962384954,43.21728691476591,95.55822328931572,42.65686274509804,2845,遠東銀,TWSE,12949.999809265137
4960.TW,23.799999237060547,486,-0.004184116446269481,0.01709400107056047,0.15254235722617748,0.034782575524371584,-0.22852515582605348,0.5761588500532226,0.05695566634398652,0.1059479143831914,-0.12196025013694745,114505263.46122198,0.7566600036549427,1.7209184736325878,-0.030549899116404156,-0.030549899116404156,-0.4705228290744934,-0.04231970575281385,0.1409481653847203,0.5082344206167065,-0.23617018030044878,40.92436974789916,46.89875950380151,44.89795918367347,38.53541416566627,42.65566226490597,4960,誠美材,TWSE,23799.999237060547
3290.TWO,55.79999923706055,486,0.11599998474121098,0.19742491554047148,0.2317880833739574,-0.16591931293939577,0.15414573765347672,0.43976781639017926,0.15767634188130764,0.07557625081957164,0.051505723069446896,42948715.92339478,1.896571442339125,1.3731348651680562,-0.1818181563936454,-0.1818181563936454,-0.20035346483331584,0.05805296389772163,0.28709452102042265,0.5299592372435054,-0.3357771075643996,42.719087635054024,65.82633053221288,22.56902761104442,22.989195678271308,42.51390556222489,3290,東浦,TPEx,55799.99923706055
2207.TW,518.0,486,0.005825242718446644,-0.0057581573896353655,-0.03177570093457949,0.07916666666666661,0.0466395793814427,-0.07995568304269296,-0.006806634071517492,0.0034060275387819416,0.05554326861942038,132408044.4,1.0525197461013927,1.0223533740833708,-0.07168458781362008,-0.07168458781362008,-0.07168458781362008,0.013769167952091516,-0.05816458982346835,0.21947372789685674,-0.09677419354838712,31.776710684273713,33.333333333333336,48.13925570228091,83.31332533013205,42.350740296118445,2207,和泰車,TWSE,518000.0
6265.TWO,49.20000076293945,486,-0.00101521293523954,0.04016916609990595,-0.08550183158650215,-0.04651158492543972,0.27296245331314095,2.784615443303035,0.002036675416282163,-0.05042217836073304,-0.030931712067658435,85480475.68415603,0.7046205491359108,0.2696586014277631,-0.2227487937451017,-0.2227487937451017,-0.23004695480306192,0.020360244961385998,-0.06999796994468892,0.45693724579539585,-0.2825278992284598,58.21728691476591,21.288515406162464,37.69507803121249,33.6734693877551,42.225190076030415,6265,方土昶,TPEx,49200.00076293945
7744.TWO,506.0,486,-0.05772811918063314,-0.05243445692883897,-0.0325047801147228,0.12569521690767527,0.05581637976004172,0.5910906795349005,-0.0240609479724192,0.04903078677309014,0.03584751339798231,44873554.45,0.530301373856638,0.5087108363340782,-0.0980392156862745,-0.0980392156862745,-0.15604149313894022,-0.04960192415195244,-0.07440318575061455,0.41379809597832545,-0.18715995647442873,48.78151260504202,34.13365346138456,23.769507803121247,54.321728691476594,42.19877951180472,7744,崴寶,TPEx,506000.0
8431.TWO,59.599998474121094,486,-0.07882532789299701,-0.06875002384185791,-0.058451829502917274,0.2667375013935198,-0.08868505988432951,0.32444441053602424,-0.052690164037620946,0.09649523480937816,0.06881862560015084,122545440.97538738,0.3348247766776651,1.0963356756641152,-0.1337209908365209,-0.1337209908365209,-0.1891156670187606,-0.06421237051726769,-0.14736432996742388,0.6952487358289017,-0.17296513078533748,43.00120048019208,40.21608643457383,46.45858343337335,38.475390156062424,42.144657863145255,8431,匯鑽科,TPEx,59599.998474121094
5009.TWO,33.650001525878906,486,0.02591470453017397,0.048286701727024095,0.02591470453017397,-0.023222038297345038,0.11897035627535546,-0.030225654322999063,0.036261512987194155,0.01907939461258712,0.00666833075993023,52297121.19703808,1.2491103394227385,0.8663526608886722,-0.04403406828026191,-0.04403406828026191,-0.13046393481179952,0.019436028397630478,0.03365538396262232,0.19372884794499648,-0.09871246602654704,32.070828331332535,42.176870748299315,27.611044417767104,86.07442977190877,42.02891156462585,5009,榮剛,TPEx,33650.001525878906
6922.TWO,203.0,486,-0.08144796380090502,-0.004901960784313708,0.051813471502590636,0.14366197183098595,0.24797594966299275,0.016643808917418346,0.005074885505631954,0.037390341538199534,0.08632078321080927,29510274.775,0.7136997467041881,0.5344128165667713,-0.09777777777777774,-0.09777777777777774,-0.09777777777777774,-0.09440133167655268,0.003926147558928651,0.529415358717302,-0.1645244215938303,48.34333733493396,44.97799119647859,10.56422569027611,49.39975990396158,41.99359743897559,6922,宸曜,TPEx,203000.0
2474.TW,195.5,486,-0.05783132530120483,-0.06904761904761902,-0.04634146341463419,0.0316622691292876,0.025102607968193302,0.0944564192415327,-0.0506252276314193,-0.02302919252071789,-0.024035384650761715,413600797.5,0.7563485781574575,0.7222490675294198,-0.08430913348946134,-0.08430913348946134,-0.21222661736163828,-0.04624595944754628,-0.056895553124396724,0.17596620373242,-0.08430913348946134,32.07683073229292,15.366146458583435,67.70708283313326,90.27611044417768,41.973589435774315,2474,可成,TWSE,195500.0
7734.TWO,2710.0,486,-0.030411449016100156,0.05859375,-0.06872852233676974,-0.02166064981949456,0.19603920624655347,1.3816326843692375,0.012043693399309108,-0.08451100726310445,-0.13440522972240854,639110298.0,0.6139484882490738,1.0549339066336898,-0.26558265582655827,-0.26558265582655827,-0.376692732139865,-0.013229318431907722,-0.06150830573027155,0.5751669841957634,-0.32655826558265577,52.59903961584634,16.00640256102441,74.18967587034814,21.06842737094838,41.95988395358143,7734,印能科技,TPEx,2710000.0
8383.TWO,69.0,486,0.016200271714306824,0.039156602626097214,0.06646063762874155,-0.155446724879167,0.251961023784921,0.6576079829392605,0.026251207865719106,-0.02176224005038685,0.05519534387262248,69409460.5225853,1.0846960939453176,0.5284536882946285,-0.23672567660026755,-0.23672567660026755,-0.23672567660026755,-0.00041488769287856275,0.11827621258846388,0.34915637472812716,-0.31084072803664875,47.46698679471788,39.77591036414566,33.13325330132052,37.81512605042017,41.946378551420565,8383,千附,TPEx,69000.0
4722.TW,215.5,486,0.02863961813842475,0.13720316622691286,0.11658031088082899,-0.17274472168905952,0.22223590550251626,0.2954236614505783,0.08989758502971301,0.05267442807131806,-0.043342567169935786,321739415.475,4.009129071475588,2.03152858091852,-0.21493624772313302,-0.21493624772313302,-0.2941737154298746,-0.000505459581782497,0.17416188477718217,0.614216717725671,-0.41530054644808745,40.5282112845138,49.13965586234494,62.90516206482592,12.665066026410564,41.85814325730292,4722,國精化,TWSE,215500.0
6163.TWO,43.849998474121094,486,0.05917866806624894,0.05029936464960705,0.09427102456675907,0.005245635560203965,-0.3380636817089281,1.0546013899419564,0.06129361063755212,0.06607314859187663,-0.06993256452931684,39723318.62685356,2.546615554278258,0.999973254500049,-0.04952729854323601,-0.04952729854323601,-0.3997014334245417,0.035610911924559174,0.0925224793800244,0.3413652596921175,-0.21295281087189555,42.773109243697476,45.85834333733494,19.807923169267706,54.321728691476594,41.831932773109244,6163,華電網,TPEx,43849.998474121094
2636.TW,70.0999984741211,486,-0.008486541725883479,-0.008486541725883479,0.020378480175678115,0.1022012603136282,0.10866578948971961,0.06946262807040737,-0.006026237339471274,0.022064523513274148,0.060286678675171235,23748034.416560747,0.4050092615377962,0.3287307635100482,-0.06032171705152323,-0.06032171705152323,-0.06032171705152323,-0.013581161769803007,-0.013688606595531283,0.1950069806228035,-0.07908849392169393,41.044417767106836,37.01480592236894,3.961584633853541,89.19567827130852,41.697278911564624,2636,台驊控股,TWSE,70099.9984741211
2812.TW,18.799999237060547,486,0.0,-0.02337666300984176,-0.030927855323080733,-0.0013587604894618188,-0.00861284347750435,-0.09259819462593089,-0.014158402943682091,-0.008170120696899263,0.016030650114765566,301272839.912813,0.6383111498486064,1.2386618714499271,-0.03589747502253604,-0.03589747502253604,-0.03589747502253604,0.007731963830770183,-0.030474935159926792,0.1317230583962296,-0.04871798784304893,24.783913565426168,25.890356142456984,62.30492196878752,97.95918367346938,41.664965986394556,2812,台中銀,TWSE,18799.999237060547
1528.TW,23.700000762939453,486,-0.051999969482421915,-0.0936902061694378,0.125890813393158,0.08965520749146916,-0.2046979406138667,0.46296294115971026,-0.020256271173472062,0.14138945448653084,0.016422187602637583,273178576.5126014,0.2412543264946402,14.516426775011343,-0.12384467906126007,-0.12384467906126007,-0.22801302364950715,-0.08347267283071141,0.09600574422933494,0.736758665309687,-0.2674157646264923,42.58703481392557,42.13685474189676,60.14405762304922,19.627851140456183,41.66416566626651,1528,恩德,TWSE,23700.000762939453
6605.TW,136.5,486,-0.017985611510791366,-0.025000000000000022,0.007380073800737907,0.0622568093385214,0.10352940363751562,0.07058823529411762,-0.0058266569555718295,0.000794281175536149,0.031850671239184836,35388926.125,0.8455776647165747,0.8952204931523209,-0.03873239436619713,-0.03873239436619713,-0.03873239436619713,-0.019830629960975843,-0.013372195978769225,0.1702742744335085,-0.05319148936170215,38.37935174069628,30.89235694277711,16.086434573829532,94.47779111644658,41.57843137254902,6605,帝寶,TWSE,136500.0
1310.TW,10.050000190734863,486,0.11419065196217959,0.1512028313532301,0.17269551325707488,-0.024271844210729476,-0.009852160744208027,0.17132870397437672,0.11351174828923472,0.15109289424765926,0.12033890980198625,31038266.699259423,1.7740100303938877,0.9375502351814905,-0.060747628982893875,-0.060747628982893875,-0.14830508234856354,0.07101677364791087,0.18078612799398472,0.43125623285602244,-0.3401869094739345,36.33853541416566,76.19047619047619,11.884753901560623,29.231692677070832,41.56742697078831,1310,台苯,TWSE,10050.000190734863
4763.TW,46.650001525878906,486,-0.004268878436627044,-0.029136269165678463,0.01339420263793678,0.08870662395412787,0.05526111914293841,-0.24532838966250137,-0.003997471318718415,0.009231139225142737,0.06450515248591682,387497380.34805167,0.5163875328218362,0.9398672022005023,-0.07623759354695236,-0.07623759354695236,-0.07623759354695236,-0.007617429096111239,-0.016174672013439178,0.45361609971126726,-0.14543726809862512,30.91236494597839,36.094437775110045,66.50660264105642,57.62304921968787,41.55362144857943,4763,材料*-KY,TWSE,46650.001525878906
4976.TW,37.29999923706055,486,0.03467406453409749,0.03755211253048962,0.016348731925013738,0.03324101976900895,0.24749162919534573,-0.13053617924559335,0.027406674437280065,0.02409222686209067,0.06537182142519726,38443707.15997143,0.5611881135741672,0.2308384945349957,-0.10228640380357001,-0.10228640380357001,-0.15034173256070804,0.03058688155284406,0.005268392002010755,0.30062979498086895,-0.16004808263029213,37.74309723889556,47.05882352941177,18.847539015606245,66.50660264105642,41.55222088835534,4976,佳凌,TWSE,37299.99923706055
5607.TW,52.79999923706055,486,0.017340995852049623,0.007633543884232319,-0.03825140674774763,0.1028028916739323,0.1347681601235151,0.1072586817855139,0.004757359411237783,0.024558328611828273,0.05790191113165766,26854896.750292968,0.3703254099864586,0.35309127643049504,-0.0769231025732734,-0.0769231025732734,-0.0769231025732734,0.02690384753898653,-0.07251903730572506,0.26136144729167565,-0.0944056198226072,40.93637454981993,39.81592637054822,7.6830732292917165,79.71188475390156,41.484593837535016,5607,遠雄港,TWSE,52799.99923706055
2009.TW,39.599998474121094,486,0.007633568521234091,-0.012468828404636478,-0.02463054279761645,0.05914710356599562,-0.02943610369097316,0.1844899610647024,0.004948573805166445,0.015634659859361966,0.01677756112840223,61166977.47331524,0.4730175961403176,0.5269786253204877,-0.08333338484351926,-0.08333338484351926,-0.11425304956739968,0.013791204220638204,-0.04434624398628166,0.2085183157442273,-0.11574073869668577,35.24609843937575,34.53381352541016,30.85234093637455,82.17286914765907,41.447979191676666,2009,第一銅,TWSE,39599.998474121094
8121.TWO,34.400001525878906,486,-0.007215006897280607,0.23076925176660068,0.2740741305881076,-0.15686269193280333,0.248638928439739,0.26007335118090036,0.15610826023585078,0.1547822679984754,-0.003957102262033052,39871977.83739929,2.9926058633963026,2.1722063714893247,-0.15686269193280333,-0.15686269193280333,-0.3676470485113075,-0.0757335395443075,0.3263616945657087,0.6574359151644541,-0.35037405914436237,43.469387755102034,66.78671468587434,19.92797118847539,13.865546218487394,41.32693077230892,8121,越峰,TPEx,34400.001525878906
2382.TW,325.5,486,-0.025449101796407136,-0.04824561403508776,-0.007621951219512146,-0.10685118850685071,0.06560930144639743,0.20781696325189292,-0.03340757238307346,-0.008599246370395441,-0.01934315655959684,4248628577.075,0.843288573862389,0.7771854982845492,-0.10919538741915746,-0.10919538741915746,-0.18609941796024732,-0.0235436139915291,0.02799511161610476,0.23288895009208613,-0.23645318921642067,30.47418967587035,19.047619047619047,92.67707082833134,59.42376950780313,41.29041616646659,2382,廣達,TWSE,325500.0
6120.TW,13.699999809265137,486,-0.07118645360914322,0.04182511077489548,0.1229508215943449,0.0,-0.07432434914145147,0.15030077755753002,0.04720044175841709,0.06023473281785696,0.026092086460030695,89623707.53341274,1.9633653180652064,4.604023040052209,-0.1016393567694992,-0.1016393567694992,-0.13469451604211902,-0.10192415900772944,0.1229508215943449,0.5241874783276046,-0.18309855371258366,33.9765906362545,52.22088835534213,39.13565426170468,47.118847539015604,41.282863145258105,6120,達運,TWSE,13699.999809265137
5452.TWO,30.450000762939453,486,0.1092896144487665,0.09532379851097827,0.1555977351845883,0.03747871779123435,-0.11176159473049296,0.2129896186110518,0.09601370212616733,0.12416935668603579,0.01433134883044751,29894129.43955784,9.44731164270609,2.911622773563328,-0.04843747615814209,-0.04843747615814209,-0.15107506091792078,0.07039018065261943,0.14310482925417686,0.432144611472123,-0.22635137420923168,37.55702280912365,63.34533813525411,10.804321728691477,45.79831932773109,41.22739095638255,5452,佶優,TPEx,30450.000762939453
5608.TW,16.5,486,-0.02941176470588236,-0.037900853235469434,-0.04347826086956519,0.17021273429782036,0.006097584377790843,-0.04347826086956519,-0.02120717116927484,0.052519667869971975,0.08105156710538264,43049840.55381479,0.4961828121027307,0.150935955131984,-0.12,-0.12,-0.12,-0.018542199488491062,-0.10021583896883865,0.2043905916886539,-0.13066670735677088,35.09003601440576,39.69587835134053,22.809123649459785,80.43217286914765,41.20068027210884,5608,四維航,TWSE,16500.0
2504.TW,31.950000762939453,486,0.04582656500300497,0.025682220038721226,0.01107596130520827,0.054455497274757514,-0.041263277280065735,-0.04657479574584922,0.02964875415711954,0.02403848599164915,-0.001201134844504348,46334701.038898274,1.5482200933878882,0.982262680635387,-0.004672826115632578,-0.004672826115632578,-0.07476756513605742,0.0430575746767029,-0.007075871119710902,0.18161098545660795,-0.049844191594308196,29.411764705882355,40.61624649859943,24.849939975990395,93.81752701080433,41.18947579031612,2504,國產,TWSE,31950.000762939453
2338.TW,47.099998474121094,486,-0.002118692525464483,-0.005279831215551867,0.24768207878466475,-0.037793713176385024,0.016181230306161698,0.13493972226797823,-0.008890554466781109,0.11316811718800435,0.013111984593979775,836193884.2966588,0.4040032446678735,15.969298502340193,-0.07100596123560377,-0.07100596123560377,-0.18652854520099893,-0.06403921222163067,0.2602799831767931,0.7162557817898196,-0.3035342814402838,36.380552220888354,42.89715886354542,78.031212484994,15.906362545018007,41.186174469787915,2338,光罩,TWSE,47099.998474121094
6901.TW,17.700000762939453,486,0.06306313324119261,0.15309448358754496,0.16065578773373468,-0.05851055950856954,0.19594598208316616,-0.08527129643420439,0.10125996086045852,0.07072646503684332,0.11053021655766226,34817733.869053505,2.5114144071739952,1.2371451499525747,-0.08051944088626217,-0.08051944088626217,-0.1591448263913996,0.022899186307758945,0.18015930756992452,0.4818502589030622,-0.23376623376623373,35.07202881152461,67.74709883953581,15.606242496998798,40.6062424969988,41.15106042416967,6901,鑽石投資,TWSE,17700.000762939453
2355.TW,45.20000076293945,486,0.09443103142673293,0.08915664489010733,0.078758928803913,-0.019316363323358732,-0.10640411282004336,0.2409722996810355,0.07312443234641597,0.07972006030896561,-0.05854166602688615,89603869.946768,3.708308108248033,1.0587120754164805,-0.02959611265452755,-0.02959611265452755,-0.30913035933893374,0.07474129922575468,0.0851977165783659,0.26791977680110524,-0.25931562946191433,33.06122448979592,50.02000800320129,39.015606242497,52.16086434573829,41.059023609443784,2355,敬鵬,TWSE,45200.00076293945
2439.TW,80.5999984741211,486,0.05359475129570068,0.032010243903249025,0.05913272129079328,-0.013726454714322545,-0.04589965187142031,-0.16843604718984773,0.04114188606321334,0.037049983609545034,-0.007577095619732743,117562508.2703907,2.1015247348705346,1.062553362134928,-0.01487193823732591,-0.01487193823732591,-0.09766460010360578,0.03881157097300236,0.06370820619556745,0.2642616851825349,-0.08453976766635385,24.429771908763506,44.257703081232485,45.258103241296524,81.09243697478992,41.01040416166467,2439,美律,TWSE,80599.9984741211
2633.TW,25.700000762939453,486,-0.003875909964270452,0.003906264842953311,-0.015325655658390835,0.007843167174096166,-0.003035907705031815,-0.0387054723050162,-0.003103151903601442,-0.009411206016608165,0.01026691604929808,110234027.53470516,0.7763040259566364,1.3199586827736418,-0.024667916854656968,-0.024667916854656968,-0.024667916854656968,-4.449604967274312e-05,-0.017940044716422892,0.07080247976351815,-0.03415558275145936,27.388955582232892,28.251300520208087,43.33733493397359,99.87995198079231,40.870448179271705,2633,台灣高鐵,TWSE,25700.000762939453
5498.TWO,54.099998474121094,486,0.0691699625601776,0.056640579452506,0.014320075355266138,-0.006077634207997784,-0.21547544644412975,1.8242885802831776,0.044209606988442784,0.06803218440667846,-0.07639811694471277,84864096.17425689,2.872287152956497,0.5614459655505908,-0.06424168156323873,-0.06424168156323873,-0.34575743093127453,0.06558994372136107,0.01634595342459873,0.4746679620244836,-0.32358153750618024,44.813925570228086,43.0172068827531,37.5750300120048,28.211284513805523,40.78851540616246,5498,凱崴,TPEx,54099.998474121094
2363.TW,57.79999923706055,486,-0.04620460903569612,-0.04145937034213909,0.11583011753612671,-0.058119049458760674,0.09738851060547526,-0.025153195586196553,0.021291622121001774,0.07200043204742412,0.0017496262311800237,566429391.1360176,1.1260875513571098,2.3359674023993366,-0.10014142912425594,-0.10014142912425594,-0.23139543424653952,-0.0751621384197278,0.13520313402238027,0.5211153321320469,-0.31076926896096924,31.740696278511408,45.81832733093237,72.50900360144058,26.17046818727491,40.53981592637055,2363,矽統,TWSE,57799.99923706055
2367.TW,45.900001525878906,486,0.05882360188040381,0.09415973041957759,0.10602413315370862,-0.04442456377347315,-0.34439923418501495,0.6513163659679302,0.07174130998791184,0.0733187061475058,-0.11233048664544276,333642110.12901706,6.521608490117194,1.4204985354802366,-0.10553688148239726,-0.10553688148239726,-0.34439923418501495,0.03231756859197665,0.12083232107819968,0.48000823847017676,-0.3527131036686234,35.17406962785114,45.53821528611445,63.62545018007203,24.96998799519808,40.502200880352135,2367,燿華,TWSE,45900.001525878906
8932.TWO,92.69999694824219,486,0.009803854755614294,-0.010672358938841553,0.003246703651614835,-0.031087034254285384,0.28666269560774404,0.041355094670834314,0.012229712005560112,0.02534296082641263,0.06302480736784388,133905731.5738636,0.6827698264926306,0.36623782475364536,-0.1395753485373833,-0.1395753485373833,-0.1395753485373833,0.008992178842710585,0.013609048403043297,0.34370557127298135,-0.3312741137208439,38.073229291716686,42.73709483793518,48.25930372148859,36.25450180072029,40.49429771908764,8932,智通*,TPEx,92699.99694824219
3437.TW,21.149999618530273,486,-0.04081631064265978,-0.020833368286673815,0.17827290916876803,0.08184145493144768,-0.14545456086746367,0.3514377082468272,0.018663442055512958,0.12960653154951673,-0.0020446849366346775,57287862.32789717,0.541139553865014,5.672446987876989,-0.05790650780534612,-0.05790650780534612,-0.29264214420181,-0.08538453793485179,0.15099242419161882,0.687363084769141,-0.22670024753252993,42.0828331332533,50.30012004801921,29.891956782713088,29.7719087635054,40.46188475390156,3437,榮創,TWSE,21149.999618530273
4739.TW,87.19999694824219,486,-0.00342860630580355,0.0913641462196828,0.06211934919497808,-0.04490696567875618,-0.016646280288226123,0.37147931899522013,0.06296090102912855,0.046190726829900663,-0.06911110955458144,118680905.5446289,1.1308570689635786,1.0735802053496024,-0.05217394621475879,-0.05217394621475879,-0.3237552267884207,-0.01895844360454807,0.07708833775456347,0.42754353734852957,-0.24891306006390113,36.962785114045616,43.05722288915566,45.49819927971189,41.53661464585835,40.45278111244498,4739,康普,TWSE,87199.99694824219
1723.TW,84.30000305175781,486,0.05771651542851264,0.04460974274663876,0.0047675985530886145,-0.012880543963313174,0.05805318222131817,0.055463116338440255,0.039073136045947754,0.0005935065225610714,0.02094395447770525,39481733.950078584,0.8306570037836378,0.851284419943063,-0.06020060290080309,-0.06020060290080309,-0.06020060290080309,0.056524615790240484,0.009061113207526339,0.18241125646986006,-0.11148272397121817,31.620648259303724,41.61664665866346,19.56782713085234,85.53421368547419,40.39875950380152,1723,中碳,TWSE,84300.00305175781
2498.TW,42.0,486,-0.0389016186100658,0.04738158598946307,0.04477609957460427,-0.023255813953488413,0.025543847909436534,-0.3427628838507695,0.019850662834737243,0.02710413854415772,-0.0032290988900270934,280986710.5843805,0.684985472217368,1.535326429601435,-0.05191871956368821,-0.05191871956368821,-0.16666669189614514,-0.05009564350371687,0.052528037559100405,0.2540870930753882,-0.1455982138605435,23.679471788715485,38.53541416566626,60.624249699879954,73.04921968787515,40.3406362545018,2498,宏達電,TWSE,42000.0
2820.TW,16.850000381469727,486,0.005970172028043397,-0.02601149568994321,-0.008823506972369,0.01201205810941075,0.02601168254012487,0.0923077474722096,-0.013177142760822047,0.008780704568494446,0.018883964241484197,46881354.85551004,0.5520819124941683,1.0787322116816105,-0.037142835344587066,-0.037142835344587066,-0.037142835344587066,0.008176048771135647,-0.012827526342172584,0.1272885172557748,-0.0514285496303013,32.69507803121249,28.451380552220886,25.210084033613445,98.07923169267707,40.31902761104442,2820,華票,TWSE,16850.000381469727
2328.TW,48.04999923706055,486,0.006282706535299498,0.02234040929916059,0.04456520080566406,0.012644856996287368,0.08065698972794011,-0.10011472876923011,0.02348366565273463,0.04644197781871173,-0.006130513506363622,67726121.00077495,1.0597064581154674,0.6594161625832601,-0.04091814969055263,-0.04091814969055263,-0.20658411987692116,-0.0048585936661165174,0.04035024847356827,0.1687773580145003,-0.22554889383674348,32.280912364945976,41.936774709883956,32.89315726290516,69.0876350540216,40.307723089235694,2328,廣宇,TWSE,48049.99923706055
9917.TW,106.5,486,0.0,0.004716981132075526,0.0,0.049999977434185716,0.009474803894577555,0.05003401906797911,0.0025888444339845496,0.0150683073339406,0.0230292441581319,32156323.7,0.909395075655264,0.9845142105992457,-0.018433179723502335,-0.018433179723502335,-0.036034368113596726,0.0,-0.016666659144728573,0.13003575069714143,-0.031531555263090816,33.109243697478995,34.4937975190076,12.605042016806722,98.61944777911164,40.206282513005206,9917,中保科,TWSE,106500.0
6937.TW,286.5,486,-0.04975124378109452,-0.04975124378109452,-0.003478260869565264,0.13690476190476186,-0.05098051029133732,0.15210968321693752,-0.03242147922998995,0.02202800321055931,0.002571619565405525,160872708.475,0.6830217389132874,1.3143689392298494,-0.06980519480519476,-0.06980519480519476,-0.18057633881219937,-0.04888167856370321,-0.04911318150448588,0.3257703068614555,-0.1924398625429553,38.283313325330134,25.21008403361344,50.540216086434576,59.60384153661465,40.0516206482593,6937,天虹,TWSE,286500.0
2542.TW,39.04999923706055,486,0.01692702305606919,-0.05790112139213166,-0.10233972358120103,-0.013401030805523906,0.2129857806539588,0.04828927709399844,-0.037301332051481007,-0.05532002566808414,-0.019828089596868104,551458348.939592,0.6581251731772,1.5992673111862976,-0.1225738450331082,-0.1225738450331082,-0.1225738450331082,0.04251195395136945,-0.09787271331269305,0.30228808365694265,-0.14504314521517236,34.159663865546214,13.925570228091237,72.02881152460985,68.60744297719089,39.948679471788715,2542,興富發,TWSE,39049.99923706055
3537.TWO,56.900001525878906,486,-0.029010187585464475,0.07561436454861314,0.061567222867573435,-0.06308530104238397,0.2775191315333063,0.4990635371642482,0.05341111850529212,0.05369865294764353,-0.02072271108794077,22155614.83795605,3.123321616693532,0.5321549965185595,-0.0718963878548795,-0.0718963878548795,-0.3391405048284498,-0.044401993302357834,0.08259565654836809,0.4145359479894008,-0.2627366809829216,48.511404561824726,47.21888755502201,1.9207683073229291,40.15606242496999,39.94637855142057,3537,堡達,TPEx,56900.001525878906
6150.TWO,64.0,486,-0.08440631469363502,0.04065040650406515,0.08658740818334798,0.07703939119586689,0.2056412100495013,-0.20708752635288208,0.018135541765115448,0.06388873564444175,0.036403828386010195,33206725.53091507,1.775019208204409,3.261214089222225,-0.08440631469363502,-0.08440631469363502,-0.14970571793622955,-0.10605316673947202,0.06090761111805902,0.46348534577677186,-0.15883304887974958,39.45378151260504,47.69907963185275,13.685474189675869,54.62184873949579,39.925070028011206,6150,撼訊,TPEx,64000.0
6279.TWO,116.0,486,0.026548672566371723,0.03571428571428581,0.022026431718061623,0.0020746234365354166,0.13318717912312694,-0.08143164058830266,0.026775835361805722,0.003492663002641505,0.018970366480162815,35955635.325,0.9548349613696255,0.5543252769372495,-0.07087335454924504,-0.07087335454924504,-0.07087335454924504,0.021042064636856317,0.02133489057254982,0.18308113995513367,-0.11492677308354804,33.13925570228091,38.855542216886754,16.80672268907563,84.93397358943577,39.88765506202481,6279,胡連,TPEx,116000.0
8255.TWO,150.5,486,0.006688963210702337,0.07885304659498216,0.07885304659498216,-0.10946745562130178,0.2066673505514478,0.07541574746881441,0.058554598206435715,0.040322580645161255,-0.020718599139858185,49308426.425,1.2670412926783938,0.9385393006595437,-0.12244897959183676,-0.12244897959183676,-0.28556293827609414,-0.013024298438043203,0.11534219846874941,0.22288761894849388,-0.26239067055393583,35.36614645858343,46.41856742697079,26.05042016806723,56.00240096038415,39.827330932372945,8255,朋程,TPEx,150500.0
7765.TW,236.0,486,-0.0021141649048626032,-0.020746887966805017,0.08009153318077811,0.0678733031674208,0.04242885007595887,-0.20681105189707927,0.008654770808847134,0.03690685413005279,0.030859350104980532,67000361.175,0.41419398022694676,7.957694123779086,-0.028806584362139898,-0.028806584362139898,-0.09412546375821507,-0.02213704820005713,0.05746709879163785,0.46602262081366913,-0.06521739130434778,32.43097238895558,40.05602240896358,32.6530612244898,68.48739495798318,39.77901160464185,7765,中華資安,TWSE,236000.0
1477.TW,204.0,486,0.07086614173228356,0.07086614173228356,0.030303030303030276,-0.04648373804132444,-0.03106891894888797,-0.2616904109918873,0.04763127487482355,0.007207763912265408,-0.020658947153145424,245865341.45,1.445031971236377,0.6426867413736566,-0.07179829333029708,-0.07179829333029708,-0.0938506378398074,0.06329038415652599,0.045797609650138425,0.19859239287755248,-0.13549841045468847,20.162064825930372,39.65586234493797,58.103241296518604,80.43217286914766,39.7672068827531,1477,聚陽,TWSE,204000.0
3025.TW,56.20000076293945,486,-0.03270219898590765,0.08704061767104987,0.1150793464576072,0.03711446003990626,-0.05806371053575976,0.3514273170717388,0.057484250269276504,0.06619203747723423,-0.026999831328945345,22451578.946990013,7.403032058174901,2.081705114699961,-0.053872065332276176,-0.053872065332276176,-0.24453844494786348,-0.06147203560030945,0.10270785977763845,0.48450195134975194,-0.14041092525643906,41.48259303721488,49.29971988795518,2.1608643457382954,56.00240096038415,39.71658663465386,3025,星通,TWSE,56200.00076293945
1503.TW,197.0,486,-0.0025316455696202667,0.0,-0.03667481662591687,-0.015756249908994047,0.0294386005507683,0.09360415750430473,-0.005301691492047511,-0.011623438866626978,-0.0374744481670547,176154251.825,0.7266697595111666,0.5147142808039267,-0.07294117647058829,-0.07294117647058829,-0.24712696764345565,0.0066370585868589516,-0.03142273332291886,0.16514222176633236,-0.13475177304964536,29.993997599039613,22.80912364945978,51.62064825930373,83.85354141656663,39.520708283313326,1503,士電,TWSE,197000.0
6234.TWO,39.5,486,-0.0012642032370431266,0.02199219768599381,0.1516035241575442,-0.0483314233521599,0.17691557447770023,0.5816995740356994,0.049554939820628974,0.09545306287444988,-0.053053090834962346,39942081.60489826,1.5310201658649827,3.690002944292458,-0.06729630641811357,-0.06729630641811357,-0.35839121928054374,-0.039165084276429174,0.16771399860826416,0.7891054403501447,-0.3028503234567831,49.29771908763506,49.09963985594238,20.048019207683073,13.565426170468188,39.50090036014406,6234,高僑,TPEx,39500.0
7777.TWO,37.099998474121094,479,-0.030065399369383128,0.03776219508031042,-0.013297872880078332,-0.010666707356770888,0.4296760240669053,0.11970208949518923,0.006033454121995074,-0.03420573690436979,0.007058778837355728,50714132.16356716,1.5863926380555133,0.5851409984366689,-0.1250000674769539,-0.1250000674769539,-0.16441447749732496,-0.026740931149363545,-0.009742303761154703,0.37716181854579534,-0.19736842465502769,44.69387755102041,27.931172468987597,26.89075630252101,55.28211284513806,39.42096838735494,7777,能率亞洲,TPEx,37099.998474121094
3338.TW,68.5,486,0.008836501629420734,0.025449054948770033,0.00439887192349131,0.04420734136179805,0.08079947626240735,0.17359532346465323,0.012639519684131129,0.05511771235969465,-0.007743053328534755,29454628.91545715,1.6757386337792968,1.1379214087086877,-0.0311173556323171,-0.0311173556323171,-0.21407475541901688,0.007736783648547907,-0.010336908530441372,0.21848723848896154,-0.2069464479426305,39.57983193277311,39.935974389755906,10.444177671068427,66.92677070828331,39.40056022408964,3338,泰碩,TWSE,68500.0
1304.TW,13.149999618530273,486,0.05622488513969337,0.07346935661471621,0.0647772641578932,-0.018492141757996294,-0.12790612070801854,0.2975055097132897,0.05284224247314562,0.06903892463801498,0.03327789807423209,33719079.8257945,1.5225956709118589,0.9806917044748285,-0.05004064726988133,-0.05004064726988133,-0.14197217465175382,0.04003056910022007,0.07094131141055864,0.33176120520249863,-0.20174514575146463,33.22328931572629,54.8219287715086,14.045618247298918,57.20288115246098,39.34323729491796,1304,台聚,TWSE,13149.999618530273
7750.TW,1975.0,486,0.04221635883905006,0.015424164524421524,-0.14686825053995678,-0.029484029484029506,0.1826347305389222,1.049487954197633,-0.0018951358180669953,-0.08039733043613218,-0.11211014329867941,319417102.25,0.8633344914338862,0.4224593968737104,-0.21471172962226637,-0.21471172962226637,-0.3566775244299675,0.07893342147403926,-0.13704024071194695,0.5714634700879896,-0.2504970178926441,48.70348139255702,13.005202080832332,62.78511404561825,31.51260504201681,39.312525010004,7750,新代,TWSE,1975000.0
3028.TW,63.599998474121094,486,0.024154589965490914,0.02086676168508217,0.02086676168508217,-0.07731034657564528,0.047706444387412894,1.088802650787998,0.021522621830277977,-0.020232956767458732,-0.08411339093976045,39412252.41831436,1.242241314849952,0.7917187840530101,-0.16119130012254834,-0.16119130012254834,-0.23465704401995469,0.01893789954422037,0.04663687721029726,0.1579960528849133,-0.24691860641205976,44.759903961584634,25.37014805922369,19.447779111644657,65.906362545018,39.2876150460184,3028,增你強,TWSE,63599.998474121094
6177.TW,45.95000076293945,486,-0.015005374920537329,-0.024416088077232168,-0.037696319100744446,0.06492049597968874,0.06376430290927271,-0.024176458913070742,-0.017059724306919488,-0.005002607932214964,0.03495772014010323,55951050.35031261,0.6330439483963713,0.5529665779040837,-0.06605690954476784,-0.06605690954476784,-0.06605690954476784,-0.005581295145351217,-0.059336484427307365,0.18771612236528,-0.08231705638734998,32.60504201680672,27.691076430572235,28.691476590636256,89.13565426170469,39.269107643057225,6177,達麗,TWSE,45950.00076293945
6683.TWO,1415.0,486,-0.10158730158730156,-0.11006289308176098,0.007117437722419906,-0.0629139072847682,-0.24751744334786607,2.468760987929923,-0.051926298157453976,0.0861499884860426,-0.08763249502418546,2177683640.25,1.0863702133516577,1.886481342695442,-0.15522388059701497,-0.15522388059701497,-0.44553917446578095,-0.10336666101790654,0.028088740150675973,0.7737295317475819,-0.42653061224489797,42.25690276110444,24.64985994397759,88.71548619447779,5.162064825930372,39.259703881552625,6683,雍智科技,TPEx,1415000.0
1785.TWO,103.5,486,0.024752475247524774,0.078125,0.03499999999999992,-0.12300349416400269,-0.2588761450147308,0.644368481662275,0.043715014799536656,0.0021786628106479355,-0.1699883578157425,782561032.5652523,4.235873264149495,1.4665587440071113,-0.13025137593680547,-0.13025137593680547,-0.43113739963204534,0.016002475247524794,0.07600116472133414,0.40312491545831886,-0.24033548847880326,29.795918367346935,29.771908763505404,77.55102040816327,45.01800720288115,39.23649459783914,1785,光洋科,TPEx,103500.0
3169.TWO,106.5,486,-0.08974358974358976,-0.004672897196261627,0.03398058252427183,0.049261083743842304,0.14604599596429835,0.08477223165712555,-0.009302325581395321,0.02741377672206924,0.007523997952039618,32632337.675,0.48091627775562873,1.0829209882652024,-0.08974358974358976,-0.08974358974358976,-0.10925208513479645,-0.09823873537465772,0.017560221276324395,0.28488734407681227,-0.12803735465646904,40.93037214885955,31.572629051620652,12.965186074429772,72.62905162064826,39.15096038415366,3169,亞信,TPEx,106500.0
2369.TW,32.0,486,0.007874015748031482,0.020733639892217548,0.05960262223799195,-0.1633986928104575,0.02893889413154227,0.6494845685169293,0.031841992847779554,0.0008079415250148436,-0.044264970848842844,184966195.5747014,1.0081686850738472,1.2407865106763263,-0.21760394116972226,-0.21760394116972226,-0.2817059360714954,-0.007026639811466506,0.11406885317481111,0.32273121407060473,-0.34229832237268565,38.09123649459784,33.61344537815126,52.460984393757506,37.27490996398559,39.00480192076831,2369,菱生,TWSE,32000.0
6126.TWO,31.899999618530273,486,0.03571429898433687,0.03908790963417297,0.10763890498582263,0.0013640278517459414,-0.016787487240119914,0.21434072983351893,0.039765296649905135,0.061609664386952145,-0.02022587065084025,24075717.72751055,2.9714101163703934,2.167641799319429,-0.044910234695241136,-0.044910234695241136,-0.2431551163048955,0.008804572737881211,0.10718422903524065,0.3933486257900159,-0.1333332507810916,37.881152460984396,46.49859943977591,4.68187274909964,63.50540216086435,38.899259703881555,6126,信音,TPEx,31899.999618530273
3592.TW,235.5,486,-0.010504201680672232,0.03063457330415753,0.0778032036613272,-0.06732673267326728,0.06831116852002372,-0.16369580359065516,0.031650421640565085,0.022912368335324063,-0.02136192807259729,92322513.775,1.1822977041837055,1.0916540888854895,-0.06732673267326728,-0.06732673267326728,-0.1451905626134301,-0.029955002596004032,0.10024544788574963,0.2476645526169377,-0.12424849699398799,25.918367346938776,38.93557422969187,39.61584633853541,76.890756302521,38.87314925970388,3592,瑞鼎,TWSE,235500.0
8155.TWO,326.5,486,0.04146730462519943,-0.05224963715529751,-0.04392386530014636,0.006163328197226425,-0.07045334586774832,1.14487622520299,-0.0016817000458645426,0.017741642205886254,-0.07749169552445545,210362272.3,1.0549162878518916,0.8530305770187855,-0.12231182795698925,-0.12231182795698925,-0.27407802753085075,0.05244827095023602,-0.04597830803255517,0.5117485748405227,-0.2651851851851852,43.45138055222088,24.049619847939173,54.98199279711885,32.89315726290516,38.74679871948779,8155,博智,TPEx,326500.0
6472.TW,421.0,486,-0.019790454016297976,0.0023809523809523725,0.020606060606060517,0.04662638117067175,0.01587944938360164,-0.3726317696629673,0.0037551409667997415,0.01430147247853042,0.046632355155386884,220107685.025,0.6978215982867468,0.46214138677298255,-0.10425531914893615,-0.10425531914893615,-0.10425531914893615,-0.024941969167813105,0.005063933549169933,0.38530535869260674,-0.1510638297872341,26.2484993997599,37.254901960784316,55.942376950780314,61.28451380552221,38.709583833533415,6472,保瑞,TWSE,421000.0
3430.TWO,111.0,486,-0.004484304932735439,0.04225352112676051,0.04716981132075482,-0.1461538461538462,0.44272891595655683,0.9016681857103066,0.03231806556614725,-0.007214835357890026,-0.12255003488313831,29266904.975,1.1981467857225832,0.5790249213674991,-0.22377622377622375,-0.22377622377622375,-0.38752814829396043,-0.016276757762924143,0.09588776003870356,0.28501310183577366,-0.3643356536651825,54.15366146458584,28.05122048819528,9.963985594237695,38.475390156062424,38.64785914365747,3430,奇鈦科,TPEx,111000.0
2352.TW,28.549999237060547,486,-0.018900382721623865,-0.02891157797614352,-0.0034904147574594813,-0.035258602443134834,0.16915194274253853,-0.13026191812048904,-0.01560212827817098,-0.009392832767418868,0.0079584051104995,122167940.47666979,0.8971037386446016,0.7997797369440441,-0.06282261130906053,-0.06282261130906053,-0.16607098804430886,-0.018027779032258995,0.008262452723585464,0.19754217604043256,-0.13175680181079008,29.62785114045618,24.689875950380152,46.33853541416567,81.2124849939976,38.63765506202481,2352,佳世達,TWSE,28549.999237060547
1907.TW,28.450000762939453,486,0.016071455819266278,-0.018965490933122275,-0.024013683181863255,0.028933134012524286,0.13732373800552256,0.18290787835521183,-0.00472273132857659,-0.02504495328276435,0.056414375234981495,20985336.701857567,1.052401954328545,0.614509915241898,-0.08814102348569663,-0.08814102348569663,-0.08814102348569663,0.022074876614732092,-0.033658061186038014,0.17524008063831578,-0.11538462478968736,39.68187274909964,31.092436974789916,0.8403361344537815,85.77430972388956,38.62214885954381,1907,永豐餘,TWSE,28450.000762939453
6589.TW,51.29999923706055,486,-0.02099240948065806,-0.011560737402275034,0.08113800657993053,0.1008583887733292,0.0,-0.15206612831304878,0.014284982361206566,0.047615789736847214,0.08299246456609799,36118523.40399361,0.7961689083742938,1.248770084734868,-0.048237517907490646,-0.048237517907490646,-0.048237517907490646,-0.04127691112564069,0.047518543655487466,0.4675770793479903,-0.13878325948340298,33.67947178871549,48.699479791916765,17.046818727490997,57.382953181272505,38.495098039215684,6589,台康生技,TWSE,51299.99923706055
6903.TWO,326.5,486,0.03322784810126578,0.07578253706754534,0.0532258064516129,-0.13624338624338628,-0.12855081621957742,1.4273820670866,0.05620703598867771,0.02300321157210372,-0.0777390885700221,77832628.15,1.3118458161895157,0.9642917379978605,-0.19581280788177335,-0.19581280788177335,-0.2309560898741978,0.019921396488362553,0.09864026853274166,0.33568511724834216,-0.3214285714285714,39.68787515006002,37.97519007603041,35.53421368547419,38.41536614645858,38.445778311324524,6903,巨漢,TPEx,326500.0
3550.TW,23.899999618530273,486,-0.07003895295617502,-0.006236990573335488,0.055187638898561264,-0.051587345438538046,0.22250642205773175,0.6094275423961204,0.0014665644762579255,0.03440811940274857,-0.008710096849463556,42632456.1179801,0.7744123676125132,1.1979759553365508,-0.0877863006654026,-0.0877863006654026,-0.3583892719857644,-0.08383586268081533,0.07238342071140728,0.5132006043405439,-0.27165353236842016,48.83553421368548,33.493397358943575,22.328931572629052,31.39255702280912,38.40756302521009,3550,聯穎,TWSE,23899.999618530273
8464.TW,366.5,486,0.011034482758620623,-0.022666666666666613,-0.013458950201884257,0.006868131868131844,-0.009459459459459474,-0.15474427145148895,-0.009927736881204852,-0.013038307039788033,0.0267065085442153,121814067.6,0.5562691370905257,0.8452656013951885,-0.07914572864321612,-0.07914572864321612,-0.07914572864321612,0.014399220309091687,-0.015748327491261538,0.16463538682329998,-0.09422110552763818,24.573829531812724,27.811124449779914,46.21848739495798,89.55582232893158,38.37715086034414,8464,億豐,TWSE,366500.0
2201.TW,28.899999618530273,486,-0.010274011526394844,-0.011965825007511977,-0.05090315617645824,0.058063262337337385,0.0813600541196624,-0.16641966845868272,-0.017758535563365152,0.008483525847244433,0.03789213580267692,87810193.37173453,0.7507211362510745,0.6433118904261014,-0.09546169238114832,-0.09546169238114832,-0.09546169238114832,0.0024517775177197165,-0.07025757695557071,0.2246568772782982,-0.11737088921605998,29.273709483793517,29.531812725090035,38.655462184873954,80.0720288115246,38.36524609843938,2201,裕隆,TWSE,28899.999618530273
1590.TW,1205.0,486,0.016877637130801704,-0.04365079365079361,-0.09737827715355807,-0.04586716840502081,0.004760299460781603,0.6152844087949036,-0.02429149797570851,-0.11424088721393844,-0.1115519378440607,1093953891.75,1.2271206833260904,1.492890209940035,-0.24451410658307215,-0.24451410658307215,-0.24451410658307215,0.04122220641919122,-0.08208922101855114,0.2505587371540472,-0.2601880877742947,36.23049219687875,6.842737094837935,82.11284513805522,53.36134453781513,38.33553421368547,1590,亞德客-KY,TWSE,1205000.0
8422.TW,25.549999237060547,486,-0.001953169674379085,-0.005836635074938035,-0.039473726667336395,-0.019193858527591257,-0.10763831779343036,0.3407846291125818,-0.009881832489805564,-0.023660188774272006,-0.03726404238667558,100818418.0065835,0.9427045234031498,0.8714855294395706,-0.06238534909869553,-0.06238534909869553,-0.1251929621815675,0.007915261992455014,-0.033075773824805976,0.17508265649723004,-0.09814813401963973,30.750300120048017,20.20808323329332,41.416566626650656,88.11524609843937,38.319427771108444,8422,可寧衛*,TWSE,25549.999237060547
6023.TWO,84.0999984741211,486,-0.008254770665626854,-0.04323097822289623,0.01447523433238529,-0.024182287232149657,0.00997129918707751,0.16894836211672226,-0.017867591096600854,-0.013898559800445964,-0.0021884952186087547,56003781.00538178,0.3927480632558208,0.9284171639084416,-0.047196846380868296,-0.047196846380868296,-0.06484131030662221,-0.011873579248723176,0.02253599674310184,0.2006303092721347,-0.07098858484747061,32.97719087635054,22.368947579031612,28.811524609843936,89.91596638655463,38.24109643857543,6023,元大期,TPEx,84099.9984741211
2434.TW,59.0,486,-0.062003202404920965,-0.11544223838896461,-0.043760141483842996,-0.21438080960373163,1.0068027471270238,1.0068027471270238,-0.05213270548811744,-0.028500082182157715,0.200641013526085,36989803.58890839,0.29218803939571386,0.5195402185490552,-0.3502202861560608,-0.3502202861560608,-0.3502202861560608,-0.051063167033960216,0.027700128384067546,0.5119474194613832,-0.4642070496611389,55.03001200480192,32.37294917967186,17.286914765906364,18.42737094837935,38.21388555422168,2434,統懋,TWSE,59000.0
3033.TW,41.54999923706055,486,-0.02004722307143214,0.002412508378299094,-0.04041570510010939,-0.1444928877284284,0.2657502017085174,0.508315683137029,-0.0061591974933540294,-0.07165181373920304,-0.06929225639277692,106351035.14034653,0.674302889386277,0.543496654769158,-0.2214269365642202,-0.2214269365642202,-0.2214269365642202,-0.009943296796404794,0.00774859080936674,0.18099097651475154,-0.24280572376935716,41.11044417767107,14.765906362545019,42.25690276110444,64.52581032412965,38.20858343337335,3033,威健,TWSE,41549.99923706055
2392.TW,40.20000076293945,486,-0.03365379236858779,-0.07479861778902608,-0.060747628982893875,0.15864231281879815,0.12248393634784493,-0.15670680146418936,-0.040801696270544086,-0.0028917324289312596,0.03665630417248411,86054191.41942444,0.5477649108988057,0.3149117186906343,-0.13826367742692014,-0.13826367742692014,-0.13826367742692014,-0.01846688512286432,-0.11362839992249327,0.3314306900849253,-0.13826367742692014,35.93637454981993,24.80992396958784,38.055222088835535,67.28691476590637,38.175170068027214,2392,正崴,TWSE,40200.00076293945
5443.TWO,110.5,486,-0.013392857142857095,0.03755868544600949,-0.03493449781659386,0.05741626794258381,-0.009754259553266476,-0.026827419528996033,0.013994035329204069,0.057011669916958274,0.006844821872857398,191714428.825,0.5863594982626414,0.6728283179692831,-0.07916666666666672,-0.07916666666666672,-0.1789962063710564,-0.004659232688708631,-0.05407325379745513,0.32953468015533904,-0.27834098569808463,29.219687875150058,42.13685474189676,53.1812725090036,43.157262905162064,38.13385354141656,5443,均豪,TPEx,110500.0
3312.TW,50.900001525878906,486,-0.011650455808176585,-0.07454542680220166,0.01596812527192082,-0.022661750358175636,0.24706974643691826,0.1974090341894954,0.00817036560704465,0.03303384310571156,0.011683466689466737,55548041.75458298,0.3882438121438607,0.7641807402228966,-0.08116435580456693,-0.08116435580456693,-0.28702364688099524,-0.01564248712615679,0.023522042057979364,0.47743285658977147,-0.2684501725186569,43.04321728691477,37.45498199279712,28.331332533013203,34.27370948379352,38.12394957983194,3312,弘憶股,TWSE,50900.001525878906
2388.TW,70.9000015258789,486,-0.03274217497895937,0.0,-0.0683311045007513,-0.018005477525091962,0.15543279408191935,0.1706861504614967,-0.015551215623834658,-0.03818759907052238,-0.04266593278076569,202506239.7962616,0.4187560661496917,0.6226235334645251,-0.14578311414603728,-0.14578311414603728,-0.19382296785243935,-0.015659398853771545,-0.06232927865905399,0.3241658570312041,-0.1638554033026638,36.098439375750296,16.526610644257705,54.14165666266506,64.10564225690275,38.11304521808723,2388,威盛,TWSE,70900.0015258789
3019.TW,137.0,486,0.0,0.014814814814814836,-0.010830324909747335,-0.04529616724738672,0.0940710853654867,-0.14463532188907036,-0.0009115770282588365,0.004214770020157577,-0.02123727259856434,371790329.2,0.4766965212151127,0.4379312002599046,-0.13015873015873014,-0.13015873015873014,-0.13941967011013234,0.002707581227436834,0.004268397506048238,0.26927222472504236,-0.17647058823529416,25.31812725090036,26.97078831532613,65.54621848739495,67.22689075630252,38.05182072829132,3019,亞光,TWSE,137000.0
3515.TW,218.5,486,0.016279069767441756,0.023419203747072626,-0.013544018058690765,0.07635467980295574,0.023570852695269373,-0.17525229777876583,0.02377884502752714,0.023219512195121972,-0.0033456751242838534,80076072.975,0.5017074154238205,0.5371830739590152,-0.07415254237288138,-0.07415254237288138,-0.1616824267181317,0.019665074282114448,-0.038995577993009345,0.33249209460896895,-0.14830508474576276,29.033613445378148,38.855542216886754,36.134453781512605,65.48619447779112,38.02210884353741,3515,華擎,TWSE,218500.0
6579.TW,151.0,486,-0.05919003115264798,-0.013071895424836555,0.023728813559322104,-0.04731861198738174,0.30942055185632,0.24606145832441428,-0.0127492644655115,-0.029718875502008024,-0.007584280651097064,40589676.5,1.161261774180762,0.6550529606329725,-0.17711171662125336,-0.17711171662125336,-0.17711171662125336,-0.06512223454247851,0.039501684221782685,0.21869756678600882,-0.22343324250681196,43.99159663865546,21.528611444577834,20.528211284513805,63.92557022809123,37.84643857543017,6579,研揚,TWSE,151000.0
4540.TW,57.5,486,-0.0695792765395683,-0.040066802416390934,-0.0034662176827545688,0.039783016153553064,0.08695649038631426,0.32641296479689874,-0.03345099644939464,0.009923598663263311,-0.05046306987461313,122563148.61193009,0.5792153185473811,0.6908712153390288,-0.08146962617306519,-0.08146962617306519,-0.256144919405764,-0.06871272211887966,-0.016727223067272257,0.3362416287906711,-0.2530973316293902,42.67106842737095,18.40736294517807,46.578631452581035,46.998799519807925,37.84043617446979,4540,全球傳動,TWSE,57500.0
6451.TW,420.5,486,0.018159806295399594,-0.010588235294117676,-0.033333333333333326,-0.0577619118313486,-0.14836169440307134,1.5420501711495413,-0.001365552455025787,-0.013614362886997466,-0.12153907379297602,892574207.275,0.5545406952553001,0.4163316494643764,-0.15900000000000003,-0.15900000000000003,-0.41890977094181114,0.026493139628732926,-0.014079362722883793,0.4894882412592265,-0.3438690665299097,38.9735894357743,17.92717086834734,79.11164465786314,24.849939975990395,37.6141456582633,6451,訊芯-KY,TWSE,420500.0
2337.TW,116.0,486,-0.04132231404958675,-0.016949152542372836,-0.07936507936507942,-0.1684587813620072,-0.16546762589928055,3.4444443794857857,-0.028475711892797406,-0.05116355198773315,-0.15658343598782765,2901766440.825,0.784493213643535,0.4817325881256171,-0.21885521885521886,-0.21885521885521886,-0.3746630727762803,-0.021481044208316896,-0.023212152244410346,0.34089993964250526,-0.38181816126762413,38.60144057623049,7.162865146058422,90.03601440576232,32.6530612244898,37.564725890356144,2337,旺宏,TWSE,116000.0
2597.TW,164.0,486,-0.020895522388059695,-0.02670623145400597,-0.040935672514619936,0.003058103975535076,0.15032007074938325,0.13152399472385912,-0.025694341304024926,-0.016786570743405393,0.001187390626164575,32899686.15,1.2526631683212306,0.9845316682074227,-0.06285714285714283,-0.06285714285714283,-0.15135700395710572,-0.010661604259404711,-0.04195504050646496,0.19014110262389017,-0.06571428571428573,36.77671068427371,20.928371348539414,13.325330132052821,91.4765906362545,37.501900760304125,2597,潤弘,TWSE,164000.0
4771.TW,203.0,486,-0.049180327868852514,-0.06018518518518523,-0.04018912529550822,0.02706094518145208,0.07696928180881635,0.18285111420243805,-0.03356343727683886,0.004761462908488445,0.04278824374575407,37239282.475,0.8202126235605725,0.7987811903500431,-0.0730593607305936,-0.0730593607305936,-0.0730593607305936,-0.03913304654497546,-0.04920944035599225,0.31548567375844216,-0.07721503638491978,36.686674669867955,26.690676270508202,17.52701080432173,77.67106842737094,37.46138455382153,4771,望隼,TWSE,203000.0
6202.TW,58.900001525878906,486,-0.019966671858717366,0.01903118171865059,0.03514938394316869,-0.12061241164565839,0.11279515199178047,0.402462639450063,0.01903116826780127,0.020607604797705514,0.005135021580510601,91645336.84488793,2.430218456940498,1.1328514950867268,-0.16030268577501505,-0.16030268577501505,-0.19220434931417618,-0.02875401784450954,0.07535352115838814,0.3559461340265213,-0.36459801802423053,37.80912364945978,37.89515806322529,39.49579831932773,32.47298919567827,37.283213285314126,6202,盛群,TWSE,58900.001525878906
2903.TW,22.149999618530273,486,0.009111564858280019,-0.006726440522965893,-0.013363079475009365,0.013729941959862213,0.016181759045044597,0.052718512459729805,0.003170280377530199,-0.0014651323763800184,0.013075427670834694,24503132.252887823,1.078267210259468,0.4812874312457264,-0.028508756152663572,-0.028508756152663572,-0.032107937371027684,0.01245233472703236,-0.017939726794963435,0.12357888644573797,-0.04605259965771458,30.888355342136855,31.012404961984796,5.402160864345738,98.73949579831933,37.27410964385754,2903,遠百,TWSE,22149.999618530273
2348.TW,71.30000305175781,486,0.01278411230641896,-0.016551682044719795,-0.008344902105532404,0.059853961288151014,0.026100613358978952,-0.10301902384783612,-0.0005606492779459682,0.01264845920799873,0.060462255656414055,28312856.123809434,0.7186055746109489,1.327445187320959,-0.03908347730131645,-0.03908347730131645,-0.03908347730131645,0.01487033783280206,-0.028296222534916076,0.24170867499345083,-0.06883611782681354,30.42016806722689,37.09483793517407,9.483793517406964,85.71428571428571,37.24249699879952,2348,海悅,TWSE,71300.00305175781
3213.TWO,123.5,486,-0.0040322580645161255,-0.01200000000000001,0.004065040650406582,-0.02371541501976282,0.23051849131003,0.09208516830165125,-0.003027245206861706,-0.027495242469978254,0.01697917296158513,25208356.65,1.1029772677456873,0.6941106748395007,-0.10830324909747291,-0.10830324909747291,-0.1333333333333333,-0.005048518227117771,0.011970178990327521,0.21367396833355393,-0.12635379061371843,38.5594237695078,27.13085234093637,6.602641056422569,80.43217286914765,37.18967587034814,3213,茂訊,TPEx,123500.0
5871.TW,105.5,486,-0.018604651162790753,-0.02314814814814814,-0.08260869565217388,-0.040760260890864486,-0.028409548810101493,-0.048821111787506366,-0.032332033937170435,-0.052876293290395004,-0.03353022168328179,666282843.725,0.7082280789912164,0.9532563943578217,-0.09829059829059827,-0.09829059829059827,-0.09829059829059827,0.002047522750252717,-0.06902194202188572,0.17476624076750666,-0.10256410256410253,21.110444177671067,13.205282112845138,74.90996398559425,87.63505402160865,37.1827731092437,5871,中租-KY,TWSE,105500.0
8454.TW,241.0,486,0.008368200836819994,0.0,0.006263048016701411,-0.08190476190476192,0.3731671999794819,0.008112489649473309,-0.001450176092811284,-0.03390679806246877,-0.03267615911016353,79832331.2,0.7663374626052807,0.953615029515833,-0.1499118165784833,-0.1499118165784833,-0.45164960182025027,0.006802438832644642,0.033564635318288724,0.27382023207163864,-0.17460317460317465,36.34453781512605,21.56862745098039,35.77430972388956,66.80672268907563,37.1343537414966,8454,富邦媒,TWSE,241000.0
5299.TWO,98.0999984741211,486,-0.052173927786269614,0.017634822835410624,0.06514658088388492,-0.06571430024646574,0.23700066640185047,0.3312793569105599,0.0016336400181420352,-0.0024912461435028233,-0.029992174252899684,22863091.951369476,1.493372151270581,0.7406805615664321,-0.08744187465933861,-0.08744187465933861,-0.28402574668241065,-0.06846057300724084,0.08705134763270683,0.2814307389915545,-0.1715639665793468,44.639855942376954,26.090436174469787,2.881152460984394,66.6266506602641,37.03671468587435,5299,杰力,TPEx,98099.9984741211
3209.TW,46.54999923706055,486,0.026460877691632856,0.015267192720509026,0.026460877691632856,-0.13074062906102868,0.08379997079741175,0.5794914933826418,0.019045531915719893,-0.03663253338008077,-0.12153799614730032,44987517.02884998,1.7047122824767174,0.4157357690386984,-0.15524708850443925,-0.15524708850443925,-0.3742186966349109,0.019845658268724642,0.07004108737864242,0.2060314647282894,-0.19698567247411647,38.74549819927971,21.408563425370147,24.129651860744296,70.52821128451382,36.986294517807124,3209,全科,TWSE,46549.99923706055
2731.TW,145.0,486,0.00694444444444442,0.010452961672473782,0.013986013986013957,0.0034602076124568004,-0.020885640854021448,-0.023935896490400177,0.013454481915079475,0.005664085076869663,-0.015359703171645589,28254222.025,1.0343464252358143,0.7120650653881302,-0.013605442176870763,-0.013605442176870763,-0.10480977094588306,0.0034479409479409306,0.012832611448528356,0.12369932187064363,-0.04761904761904767,28.157262905162064,32.3329331732693,9.36374549819928,98.49939975990395,36.93347338935574,2731,雄獅,TWSE,145000.0
2838.TW,20.399999618530273,486,-0.012106537753911795,-0.0511628084404524,-0.042253504730851654,-0.03732458506211933,0.03968948930815075,0.25530694265996123,-0.02764539119566045,-0.009949056342384521,0.011901799561407245,38742374.979866125,0.6724492155046673,0.9424245158370246,-0.06422016823515475,-0.06422016823515475,-0.10553027865069609,-0.001543161571198881,-0.029811976376811877,0.18915547006091632,-0.07339442798699991,32.65906362545017,22.769107643057225,19.207683073229294,90.69627851140456,36.874449779911956,2838,聯邦銀,TWSE,20399.999618530273
2485.TW,41.54999923706055,486,0.025925907087914757,0.04396985008910392,0.04135332451332019,-0.12156448399040887,-0.47471554944903904,2.0439560731309623,0.028401689902628924,0.011851593065839161,-0.209067343504865,253976184.41003627,8.874048725206844,1.9293215370397712,-0.15890692401509388,-0.15890692401509388,-0.47471554944903904,0.01558757595958471,0.08187481917678982,0.5196513818777106,-0.34210528347910263,38.66146458583433,28.09123649459784,59.183673469387756,23.22929171668667,36.78241296518607,2485,兆赫,TWSE,41549.99923706055
5474.TWO,159.5,486,-0.033333333333333326,-0.03915662650602414,0.04590163934426239,0.04590163934426239,0.12682936084266583,-0.13090293043825874,0.00504095778197855,0.04373432217253792,0.012174998032048467,32650471.725,0.6900090859887197,1.1214404852995414,-0.053412462908011826,-0.053412462908011826,-0.1747967107417504,-0.044808743169398924,0.03060109289617493,0.3593803991102074,-0.15384615384615385,34.93397358943577,38.25530212084834,13.205282112845138,62.545018007202884,36.64665866346539,5474,聰泰,TPEx,159500.0
6877.TWO,134.0,486,-0.032490974729241895,0.08502024291497978,0.1404255319148937,-0.0034210284419942116,-0.062451864553927594,0.4849686606487762,0.07414829659318634,0.10130801047770133,-0.016667478296480853,20332684.675,6.464647855012617,3.0381393806952053,-0.11842105263157898,-0.11842105263157898,-0.27667658599991085,-0.06759735770796532,0.1415658747288918,0.7231277397608331,-0.23871306474239107,41.5906362545018,56.10244097639056,0.24009603841536614,25.690276110444174,36.63095238095238,6877,鏵友益,TPEx,134000.0
2912.TW,213.0,486,0.0023529411764706687,-0.004672897196261627,-0.018433179723502335,-0.08569039172969461,-0.05443193035001925,-0.1131746206705524,-0.005486167853390955,-0.03188056917353577,-0.03004319182337889,335967829.925,1.3010257048331635,0.8249490949627896,-0.09872534994429005,-0.09872534994429005,-0.10055719163816279,0.0069612361073462525,0.01013028418639587,0.09588262136042289,-0.10930369090738523,17.436974789915965,21.20848339335734,63.745498199279716,91.53661464585834,36.441076430572224,2912,統一超,TWSE,213000.0
1514.TW,102.5,486,0.004901960784313708,0.004901960784313708,0.004901960784313708,-0.02505468559565116,-0.04254249392577403,0.031463962546045776,0.004951222347451489,0.010442708424604152,-0.05731627530903427,95336413.87309417,1.0912273674210529,0.6069447678144242,-0.03387772011514756,-0.03387772011514756,-0.28590958126022914,0.003676470588235281,0.013253522649530761,0.2015195983165888,-0.13284634390823002,26.002400960384154,26.770708283313326,39.73589435774309,80.43217286914765,36.41896758703481,1514,亞力,TWSE,102500.0
4714.TWO,12.449999809265137,486,0.050632861475148117,0.020491803599057556,0.15277773975835474,0.10176987602824861,-0.20700637194161353,-0.389914651978875,0.053522305005851756,0.12452578721114649,0.008672334530660963,25538252.586093806,1.0324915642215027,1.8820977749901568,0.0,0.0,-0.2544910634438948,0.012438426535559433,0.11885444774893852,0.4698355858814025,-0.1256637214447338,25.942376950780314,58.14325730292117,6.962785114045618,59.183673469387756,36.13185274109644,4714,永捷,TPEx,12449.999809265137
2515.TW,11.949999809265137,486,0.0,0.004201696835099522,0.004201696835099522,-0.060022771627194604,-0.08068170729828417,0.1873779857425375,0.0012567965276506499,-0.00456324224531135,-0.027498807533842373,61523371.45160041,1.0975701855219289,1.0245849724703096,-0.0972161322483438,-0.0972161322483438,-0.12246886145108782,-0.0010504242087748805,0.024209287377497724,0.18260544477481697,-0.11988017717224986,27.26890756302521,26.010404161664667,30.972388955582232,84.15366146458584,36.04251700680272,2515,中工,TWSE,11949.999809265137
3049.TW,12.0,486,-0.02439025903112113,-0.06614788764484902,-0.040000000000000036,0.02127659574468077,-0.0697674143522814,0.8575851283496518,-0.020608039937988876,0.021044868089589386,-0.041571821019198096,56021266.303457305,0.6293095444707094,0.3502492953884152,-0.11439115637760011,-0.11439115637760011,-0.3063583509129144,-0.014390259031121122,-0.047092198581560295,0.3246398454573032,-0.24758062816683335,41.398559423769505,22.529011604641855,28.931572629051622,49.45978391356543,36.0203081232493,3049,精金,TWSE,12000.0
3581.TWO,110.5,486,-0.05555555555555558,0.09405940594059414,0.04739336492891,-0.11952191235059761,0.023013873645836513,1.7305534084182028,0.04397940309273651,0.011920206116688759,-0.2349621629906412,44950999.06682129,1.1556800834152021,0.9519955500445725,-0.1333333333333333,-0.1333333333333333,-0.6035821491624989,-0.06740389678778308,0.0872340023791092,0.5912576178478723,-0.2870588115617341,46.81272509003601,30.892356942777102,24.009603841536613,24.129651860744296,36.00970388155262,3581,博磊,TPEx,110500.0
3178.TWO,67.5,486,-0.027377542998618054,-0.06896551724137934,0.134453781512605,0.04976666868376922,-0.0357142857142857,0.11570247933884303,0.012753182500605087,0.07712765738887462,0.03275490377749479,34749006.90888176,0.5106530096014462,9.841496931477723,-0.11067195463777213,-0.11067195463777213,-0.11067195463777213,-0.060990988376769306,0.1178648919513486,0.6186108786156211,-0.23762370788590226,38.103241296518604,47.21888755502201,15.486194477791116,30.91236494597839,35.9109643857543,3178,公準,TPEx,67500.0
9941.TW,76.5999984741211,486,-0.0166881004659023,-0.038895841817086385,-0.05432100649233218,0.016870642774396538,0.05869578398213737,-0.1804325617596989,-0.029519850779753498,-0.02577620913012446,0.010069587631942989,73963130.03711204,1.223958135305984,0.6886360806481983,-0.07263922652347055,-0.07263922652347055,-0.07263922652347055,-0.0031078488428192552,-0.059944554083797695,0.12491961742173262,-0.08716703488194344,25.63025210084033,20.528211284513805,34.45378151260504,93.63745498199279,35.87935174069628,9941,裕融,TWSE,76599.9984741211
2406.TW,30.049999237060547,486,-0.04299364324428345,-0.0016611675672921766,0.11710035922678497,-0.1377331261757423,-0.08384146536481596,0.3659090562300249,0.03105161285730995,0.005380969420669901,-0.07075030274032468,216419630.88817272,0.9498222655957892,1.8796364478145953,-0.14872521567898966,-0.14872521567898966,-0.28110048359958495,-0.0722687330509797,0.16301140128536573,0.46286189403146777,-0.2677053558026572,31.734693877551024,31.65266106442577,55.58223289315727,35.59423769507803,35.8702480992397,2406,國碩,TWSE,30049.999237060547
2385.TW,104.0,486,-0.014218009478673022,0.0,-0.014218009478673022,-0.004784688995215336,-0.1301871922527601,-0.22819425322837772,-0.009287925696594423,-0.013750592697961195,-0.0750914244360914,251798653.925,1.1244180884614523,0.8415550802047034,-0.05882352941176472,-0.05882352941176472,-0.2519016253201297,-0.010663507109004766,-0.012623113146934576,0.15091280619878786,-0.06334841628959276,17.899159663865547,18.24729891956783,58.9435774309724,95.7983193277311,35.82773109243698,2385,群光,TWSE,104000.0
1229.TW,39.95000076293945,486,-0.006218905354610782,0.0,-0.04196642609069923,-0.0012499809265136275,-0.038788945917718975,-0.13802331241463695,-0.007453397194050804,-0.02382405432501733,-0.0012074579276470931,80764249.77134342,0.9244361498984679,1.2231981696651344,-0.05999998204848345,-0.05999998204848345,-0.05999998204848345,0.004272701168064025,-0.04154976578186135,0.15251875173401047,-0.07176468793083635,22.22689075630252,24.369747899159663,36.61464585834334,94.83793517406963,35.812424969987994,1229,聯華,TWSE,39950.00076293945
7714.TWO,170.0,486,0.002949852507374562,0.042944785276073594,0.09324758842443726,-0.14815263661925526,0.3154483403698023,0.10861691851997213,-0.0005878894767783471,0.02042968332702033,0.14090823796715757,65705288.275,0.39116659622975586,0.8693554367672335,-0.1707317073170732,-0.1707317073170732,-0.1707317073170732,-0.020362044598734752,0.14263180063085568,0.5985042935551167,-0.3975903394745617,39.10564225690276,44.45778311324529,32.292917166866744,14.40576230492197,35.716786714685874,7714,創泓科技,TPEx,170000.0
4755.TW,127.0,486,0.0672268907563025,0.10434782608695659,0.10434782608695659,-0.03053435114503822,-0.09086945028825844,0.007414960230874401,0.08131119625372496,0.08069777336548012,-0.017954945028695435,43192475.85,5.559904126321879,1.9728923795672506,-0.07299270072992703,-0.07299270072992703,-0.216455073082372,0.04113993423456336,0.11452594313530266,0.4259814040895011,-0.24452554744525545,26.88475390156063,54.78191276510605,22.92917166866747,42.55702280912365,35.61654661864746,4755,三福化,TWSE,127000.0
8074.TWO,56.5,486,0.09073360679852716,0.09284331075873742,0.07619047619047614,-0.06765674220061202,-0.17964860414705952,0.9448467483763547,0.08102937823817036,0.04765436825384173,-0.1177239296882705,33683740.18747272,5.963655219100935,1.347695029825286,-0.08130081300813008,-0.08130081300813008,-0.38318776265086485,0.07168598775090812,0.09874272359068015,0.4512376292322546,-0.2682926829268293,38.48739495798319,42.697078831532615,13.925570228091235,36.434573829531814,35.54761904761905,8074,鉅橡,TPEx,56500.0
1476.TW,310.0,486,0.12932604735883424,0.13138686131386867,0.03333333333333344,-0.09752547307132464,-0.06313505118223162,-0.2590736684893544,0.09106907171139467,-0.011558389796731738,-0.03048036877635174,424754189.75,2.0291285807645862,1.2322649439854716,-0.14951989026063095,-0.14951989026063095,-0.14951989026063095,0.12099271402550088,0.06584182435710831,0.2957862518116576,-0.2510288065843621,16.218487394957982,41.33653461384554,68.30732292917166,50.84033613445378,35.504601840736285,1476,儒鴻,TWSE,310000.0
2105.TW,30.350000381469727,486,-0.006546607547806449,0.01166667938232413,-0.008169934538673762,-0.0704441358934137,-0.019901453910830758,-0.16755265998887148,0.003554615459530952,-0.018328826612958538,-0.017547255549775764,112771979.78248492,0.9087882326389496,0.7333787233410309,-0.09672613810249231,-0.09672613810249231,-0.09672613810249231,-0.004504123913138008,0.015311444092464137,0.10701667052327554,-0.11011901856009254,18.775510204081634,26.210484193677473,44.29771908763505,90.93637454981993,35.28671468587435,2105,正新,TWSE,30350.000381469727
6443.TW,27.0,486,-0.03225805128443526,-0.049295761877997,0.125,-0.09698995503441488,-0.33250928329431406,0.7532467966760115,0.026615965859097868,0.020151129825345393,-0.1647331798864231,219574856.7790455,0.7875158983424608,2.167540304681681,-0.11184209411824497,-0.11184209411824497,-0.37572254335260113,-0.06350805128443526,0.15732998501147163,0.5769446186459122,-0.26809209607892404,34.38175270108043,29.051620648259302,55.82232893157263,27.73109243697479,35.267707082833134,6443,元晶,TWSE,27000.0
4915.TW,63.29999923706055,486,-0.026153857891376253,-0.024653347476122245,0.04628097912496765,-0.06083089311569412,-0.09522794060876927,-0.15312428198822514,-0.010705646646527067,0.008791721608632175,-0.03894438302920766,244041319.45442295,0.578162680587107,1.872935642641375,-0.06222223352502898,-0.06222223352502898,-0.1346667606725831,-0.037724102672618165,0.06655794349686568,0.22617117723969818,-0.11999997739438661,19.483793517406962,23.529411764705884,57.863145258103245,79.23169267707082,35.214285714285715,4915,致伸,TWSE,63299.99923706055
6121.TWO,364.0,486,-0.040843214756258184,-0.03448275862068961,-0.03830911492734479,-0.053315994798439514,0.07594879958374867,0.04077853297942502,-0.03275094665515177,-0.052741151977793166,-0.05188074360372996,186615009.3,1.1050646944357294,0.8044389232547898,-0.1622554660529344,-0.1622554660529344,-0.19792906220344852,-0.031265936024421986,-0.020537116661198285,0.1624902004964816,-0.1622554660529344,27.22689075630252,11.72468987595038,52.701080432172866,79.95198079231693,35.081232492997195,6121,新普,TPEx,364000.0
6191.TW,87.9000015258789,486,0.04270460668798304,0.04270460668798304,0.07588745176532252,-0.08627854143102387,-0.1417048363647091,-0.3198415990329557,0.04936430926709989,0.038659252574616554,-0.03623762275428499,112773896.75082779,1.9122917318438304,0.8907948706732662,-0.09287925550337983,-0.09287925550337983,-0.2129170983376355,0.023732743746652407,0.10464696557566382,0.16942162854903559,-0.20123838692398954,14.789915966386557,43.13725490196078,44.41776710684274,73.109243697479,35.06882753101241,6191,精成科,TWSE,87900.0015258789
3305.TW,110.5,486,0.04245283018867929,0.07281553398058249,0.06763285024154597,-0.05730154342404403,-0.06898786488992059,-0.045318049762787194,0.06173432620706221,0.02518903396643224,-0.07580316944429,76551318.88651657,0.9768935542103483,0.44743143909067185,-0.07916666666666672,-0.07916666666666672,-0.3274479256394337,0.0255446176282928,0.08673336471622732,0.21631375059202768,-0.24583333333333335,23.92557022809124,39.45578231292517,35.414165666266506,60.324129651860744,34.99119647859144,3305,昇貿,TWSE,110500.0
1210.TW,51.29999923706055,486,-0.0077369733070805635,-0.015355072178321105,-0.022857157389322924,-0.04994263125876863,-0.010067974711069572,0.029378969586675074,-0.011179651316372774,-0.02616979664949448,-0.013288825745437882,50583387.17404175,0.9943054355637108,0.5872960469949263,-0.07583861988102025,-0.07583861988102025,-0.07741027826864155,-0.0020226839597498325,-0.0062096136364000465,0.0932407357642726,-0.07583861988102025,24.051620648259302,21.928771508603443,26.53061224489796,96.57863145258102,34.77180872348939,1210,大成,TWSE,51299.99923706055
2014.TW,16.950000762939453,486,-0.008771907320705097,0.021084359844980805,-0.002941131591796875,-0.002941131591796875,-0.08625329056210951,0.05607486409100515,0.010281680692988182,-0.0034784708866270053,-0.02455395695951823,35907407.873154834,0.6074248561268033,1.1407833027926846,-0.05571030403879729,-0.05571030403879729,-0.10079573369123351,-0.008036624422755878,-0.00196075439453125,0.1968241605523612,-0.09470755936954423,26.69267707082833,28.891556622649063,16.686674669867948,86.37454981992798,34.693777511004406,2014,中鴻,TWSE,16950.000762939453
2540.TW,49.5,486,0.013306070546210025,0.0,0.026970938101314346,0.03489052408202231,0.031050474810110584,-0.04607529946772315,0.014916195701756507,0.025782344042868832,0.02556290907178127,24083272.689386748,0.90629606078617,0.5330581202845959,-0.08895703389353915,-0.08895703389353915,-0.08895703389353915,0.006563336020881438,0.015340763407306909,0.28647879773266327,-0.19018403012759044,31.914765906362547,40.016006402561025,4.8019207683073235,63.50540216086434,34.61174469787915,2540,愛山林,TWSE,49500.0
6112.TW,45.04999923706055,486,-0.05555558665604521,-0.07684426349646556,0.01122334474888298,0.0750819425889806,-0.01328098387263743,-0.09788407076441763,-0.04982864778148066,0.005580335831725902,0.02149548761293074,176193382.86063728,0.32642669353289294,10.089414842800007,-0.13531668797576635,-0.13531668797576635,-0.13531668797576635,-0.05836142284326595,-0.013803969447443887,0.595003493230626,-0.14299418745554704,30.444177671068427,23.409363745498197,51.7406962785114,48.499399759903966,34.588235294117645,6112,邁達特,TWSE,45049.99923706055
6640.TWO,1050.0,486,-0.05405405405405406,0.01449275362318847,-0.13580246913580252,0.14879649890590807,-0.3450349750988261,0.44021406306679567,-0.0529875986471251,0.014002897151134786,-0.0804634494610793,422134442.0,0.7200944136032958,0.687600867142249,-0.1923076923076923,-0.1923076923076923,-0.3450349750988261,-0.020103436770103428,-0.18540130210443853,0.5846791080977414,-0.2660194174757281,36.278511404561826,14.765906362545019,68.0672268907563,27.911164465786314,34.41356542617047,6640,均華,TPEx,1050000.0
4526.TW,33.0,486,-0.040697716970323206,0.03286382510132824,0.026438520490796646,-0.018827016092673676,0.004191700595335135,-0.07200716412556396,0.027077497056024136,0.06751557778860318,-0.027622867104930338,69716145.39871673,0.5629042128305749,0.8666747765008729,-0.043493384811398306,-0.043493384811398306,-0.2339387524842801,-0.04730734709302237,0.03271419252168787,0.3722653362489108,-0.26957674446941216,27.256902761104445,43.77751100440176,33.25330132052821,41.35654261704681,34.401460584233696,4526,東台,TWSE,33000.0
6781.TW,1020.0,486,-0.004878048780487809,0.0049261083743843415,-0.04225352112676062,-0.037735849056603765,0.021676312416404997,-0.1394178085013471,0.0031471282454760274,-0.018239568795418548,-0.06436632778554385,271715136.85,1.2033128137689901,0.4716904021986498,-0.14644351464435146,-0.14644351464435146,-0.21439279514072518,0.005685331501202345,-0.029674904774559363,0.23519827138510113,-0.19425837320574157,21.896758703481392,21.64865946378551,59.903961584633855,67.46698679471788,34.37134853941576,6781,AES-KY,TWSE,1020000.0
3289.TWO,142.5,486,0.007067137809187329,0.028880866425992746,0.032608695652173836,-0.08479257334762957,-0.21050789536064507,0.19745772573070197,0.03335750543872362,0.017558418213025284,-0.08863783633095679,80004189.85,1.039699293180336,0.9923363773983634,-0.10475034829292129,-0.10475034829292129,-0.31739874928652667,-0.0010850361038561296,0.06087288676805036,0.27707420781355274,-0.19314633920245927,24.165666266506605,32.97318927571028,36.014405762304925,63.92557022809124,34.10884353741497,3289,宜特,TPEx,142500.0
4746.TW,48.95000076293945,486,-0.0010203925930724056,0.015560165728807807,0.0746432839259541,-0.0088896739672778,-0.03292776479793336,-0.20007609032144325,0.03112329714266604,0.009443510586612414,-0.006738659035857575,30853465.573313713,1.0014088253632618,0.8898094439353023,-0.057544164205367454,-0.057544164205367454,-0.07602370636504252,-0.01968121357456093,0.07760650858171336,0.25050403083620915,-0.12878190183819282,25.21608643457383,38.37535014005603,11.76470588235294,75.69027611044419,34.0593237294918,4746,台耀,TWSE,48950.00076293945
8033.TW,170.5,486,-0.028490028490028463,0.005899705014749346,-0.022922636103151817,-0.35416666666666663,0.17586206896551726,0.11074918566775249,-0.0061206645292918305,-0.06622244534708599,0.016927599537505778,369225409.5,0.7435914084862877,0.2538849094837903,-0.36734693877551017,-0.36734693877551017,-0.36734693877551017,-0.02275936946424051,0.09513291945240372,0.2592609164529077,-0.4434137291280148,28.24129651860744,23.289315726290514,65.3061224489796,37.755102040816325,33.990096038415366,8033,雷虎,TWSE,170500.0
8415.TWO,35.20000076293945,486,-0.009845245615539233,0.007153075666455955,-0.049932483460635724,-0.016759734271166393,0.0908643717947808,0.09411106008601866,-0.00035496590871264555,-0.04256763936921826,0.002068378161406148,21998532.657071494,0.35343008252426344,1.0977429886942638,-0.08926262941100882,-0.08926262941100882,-0.08926262941100882,0.0026378752496196978,-0.04434590537024693,0.1602359452752634,-0.111254925795505,31.95078031212485,24.369747899159666,1.680672268907563,87.81512605042016,33.894657863145255,8415,大國鋼,TPEx,35200.00076293945
5234.TW,334.0,486,0.10413223140495864,0.12647554806070826,0.1283783783783783,-0.08367626886145407,-0.22235157159487773,-0.10269048262646874,0.10641821946169783,0.06877149942668193,-0.07326265650831809,147755042.325,3.7397947858924923,2.112177191324685,-0.11170212765957444,-0.11170212765957444,-0.2770562770562771,0.07203763681036407,0.156270467998863,0.5188217728822928,-0.24867021276595747,18.907563025210084,50.3001200480192,49.57983193277311,35.65426170468187,33.86854741896758,5234,達興材料,TWSE,334000.0
6269.TW,63.599998474121094,486,-0.021538485013521624,-0.015479876526631853,-0.033434718474195324,0.059999974568685,0.0,-0.05917159896876767,-0.02326655417210488,0.007285371942715058,-0.021036454820127948,213137534.13602942,0.48343434876226477,0.37256114249399985,-0.15425530511796448,-0.15425530511796448,-0.27314287458147324,-0.013179805394972793,-0.053434709997090324,0.344314066733953,-0.2532467347491062,29.18967587034814,22.008803521408566,55.22208883553421,46.15846338535414,33.844637855142054,6269,台郡,TWSE,63599.998474121094
6869.TW,70.5999984741211,486,0.017291021928792283,0.01582731617440425,0.10140405857613599,0.03176447134363891,-0.15908213769842872,-0.3938383595684851,0.03815893180354579,0.057833255961717844,-0.02408615134012837,29366902.077174377,0.8014032767408561,1.013038897477693,-0.018080709654643146,-0.018080709654643146,-0.18544914459107464,-0.008059992715241715,0.09081590146158969,0.30949037121513023,-0.09544155611832905,21.62064825930372,45.25810324129652,10.324129651860744,74.90996398559423,33.828931572629045,6869,雲豹能源,TWSE,70599.9984741211
3526.TWO,275.5,486,0.012867647058823595,0.014732965009208066,-0.005415162454873612,-0.09375,0.03377110694183871,0.15342284867558842,0.015574601419224177,-0.032512949577126804,-0.11469351685724227,47757804.95,1.27706523154456,0.8275898524813697,-0.11839999999999995,-0.11839999999999995,-0.3025316455696202,0.014221437672541998,0.025834837545126388,0.1644425120172181,-0.16159999999999997,28.295318127250894,21.008403361344538,25.690276110444177,79.7719087635054,33.80432172869147,3526,凡甲,TPEx,275500.0
4590.TW,88.9000015258789,464,0.007936560111759361,-0.01984559518111606,-0.002244634698846504,-0.060253668500866664,0.18894746175661337,-0.008779711915543276,-0.006648395675448171,0.014859509835983387,0.08794265894804432,20273981.753225327,0.5525520699149,0.5171962970361494,-0.06421051025390623,-0.06421051025390623,-0.06421051025390623,0.008497718786470987,0.01783992146810905,0.26599326874772355,-0.1842105263157895,31.320528211284515,38.61544617847139,0.12004801920768307,66.50660264105642,33.74209683873549,4590,富田-創,TWSE,88900.0015258789
3227.TWO,187.0,486,0.008086253369272267,0.016304347826086918,0.002680965147453085,-0.057934508816120944,-0.010868217694946058,-0.194040789247662,0.012178619756427533,-0.027898111245884594,-0.07402340718605727,112599526.675,1.2341538742033775,0.8511723463304675,-0.10952380952380958,-0.10952380952380958,-0.17710887123632635,0.007416012082408996,0.021992468086160066,0.15980504807183302,-0.1428571428571429,19.933973589435773,22.569027611044415,44.17767106842737,83.25330132052821,33.72719087635054,3227,原相,TPEx,187000.0
7728.TWO,631.0,486,-0.027734976887519247,0.09548611111111116,0.004777070063694211,-0.04019575048905588,-0.20851423166393546,1.132541454464782,0.014469453376205754,0.03303874023094577,-0.04397805328492377,41332912.0,0.6221084345528964,2.9266821498214326,-0.0736773140765189,-0.0736773140765189,-0.21239878540196877,-0.0289292444034428,0.01817565356004617,0.5230681780958762,-0.27180234980492957,38.81752701080432,33.93357342937175,20.888355342136855,30.4921968787515,33.65836334533814,7728,光焱科技,TPEx,631000.0
6695.TW,50.900001525878906,486,-0.08122743458586235,0.01192847510773487,0.08067947292706834,-0.02862595336489049,0.2536946659819004,0.0,0.009770400215038277,0.012599502413214614,-0.01706613378479771,23738870.478511237,0.981767805021377,1.0975393181050606,-0.11631939454394957,-0.11631939454394957,-0.2612481799908115,-0.10139730281762943,0.09022145738203184,0.43914416356019736,-0.2083333388522821,39.537815126050425,31.97278911564626,3.8415366146458583,48.139255702280906,33.58233293317327,6695,芯鼎,TWSE,50900.001525878906
1309.TW,14.350000381469727,486,0.047445297901756334,0.0436363913796165,0.05514705727669611,-0.0335380790878006,-0.30135282609365865,0.3361224222682424,0.02978115473918086,0.05630950778810151,-0.03610729471385854,27965104.128471993,1.0680664381986882,0.9480203433263319,-0.06818177032920958,-0.06818177032920958,-0.30303228492963885,0.033658533582582306,0.06632641697262964,0.3344148198970969,-0.21103896626655694,29.765906362545017,42.096838735494195,8.643457382953182,55.342136854741895,33.51670668267307,1309,台達化,TWSE,14350.000381469727
2401.TW,26.0,486,-0.03165736943737052,0.009708737864077666,0.0462776499346782,-0.16666668704432253,0.14537441084355396,0.09014673308771592,0.014040563131145767,-0.008516590443617744,-0.04914285824829934,73685696.20255394,1.551025255776929,1.1872297331302255,-0.16666668704432253,-0.16666668704432253,-0.2550143592194234,-0.04322678192104007,0.10183321228278572,0.3081803542809327,-0.2483974298233269,30.79831932773109,27.73109243697479,34.213685474189674,50.60024009603841,33.5141056422569,2401,凌陽,TWSE,26000.0
6138.TWO,267.0,486,-0.05820105820105825,-0.029090909090909056,-0.03260869565217395,-0.1625946669231796,0.24767778545954866,0.25894347417394514,-0.02749954470952476,-0.06227919232559165,-0.0893155413045219,125911244.675,1.898702435688145,0.5705411329365073,-0.17983530815927873,-0.17983530815927873,-0.36623638528872315,-0.05004888428801477,0.021589526655552582,0.2919710022748596,-0.24264706295925975,35.91836734693877,8.883553421368548,47.29891956782713,53.24129651860744,33.46518607442977,6138,茂達,TPEx,267000.0
6831.TW,476.0,486,0.0031612223393044925,-0.0703125,-0.15000000000000002,-0.3081395348837209,0.10185185185185186,1.5920791491802144,-0.0703125,-0.17467381409932237,-0.25632746588896993,404997327.225,1.0915539195847854,0.7385075073249439,-0.3295774647887324,-0.3295774647887324,-0.502092050209205,0.0406612223393045,-0.04728682170542638,0.43196322685719063,-0.3359154929577465,41.38655462184874,1.1204481792717085,67.22689075630252,29.531812725090035,33.41786714685874,6831,邁科,TWSE,476000.0
4743.TWO,48.099998474121094,486,0.04907306597338179,0.08333326173616484,0.024494093556850505,-0.018367378079161334,-0.13644528159279845,-0.30491328619425717,0.056794430724697254,0.04026237439088676,-0.014470515966015007,58237541.60375519,1.937291374947751,0.924972691132365,-0.05128209565469877,-0.05128209565469877,-0.19430489347697644,0.042949542584169165,0.03061655291657095,0.3175492894712003,-0.18836290124952781,17.641056422569026,46.8187274909964,30.132052821128454,61.104441776710686,33.328631452581035,4743,合一,TPEx,48099.998474121094
8147.TWO,139.0,486,-0.03135888501742157,0.01090909090909098,0.014598540145985384,0.0,-0.03892035866364463,0.20134956751368627,0.00797679477882518,0.07287579597349958,-0.03152795421340038,43730367.05,0.981082173825792,1.3788391900132742,-0.12302839116719244,-0.12302839116719244,-0.25585699390374006,-0.03500852005391791,0.014598540145985384,0.563592570174587,-0.2508833922261484,33.64045618247299,38.775510204081634,23.289315726290518,31.932773109243698,33.11539615846338,8147,正淩,TPEx,139000.0
6719.TW,192.0,486,0.02127659574468077,0.02400000000000002,0.04632152588555849,-0.19615906617599854,0.18154933441958132,-0.08560751570040248,0.037277147487844386,-0.035200879104301586,-0.0952768017394966,96382290.55,1.6315507010595576,0.7520570416035697,-0.2210953346855984,-0.2210953346855984,-0.3723610473059421,0.009696214273291148,0.111707881277558,0.221475301255452,-0.27383367139959436,27.208883553421366,27.010804321728695,39.97599039615846,53.9015606242497,33.07833133253301,6719,力智,TWSE,192000.0
5534.TW,72.19999694824219,486,-0.015006903925214088,-0.029569953394039672,-0.048748412427569776,-0.029394678726022083,-0.03183336735022724,-0.008158790212134837,-0.018755147125919858,-0.028230298808926246,-0.020636305130609878,52051579.003218845,1.784568468041288,0.7318081478803693,-0.06111839381505135,-0.06111839381505135,-0.09546872114615912,-0.002819800818321644,-0.03895018618556242,0.18189982747030253,-0.07542266497622829,23.36734693877551,18.927571028411364,27.490996398559425,91.23649459783914,33.0563225290116,5534,長虹,TWSE,72199.99694824219
3346.TW,22.0,486,-0.08333333333333337,-0.08523905622007422,0.19565219870136508,-0.03387916369910471,0.20240039413065558,-0.050464912061897294,-0.009343676581140659,0.05862573945386984,0.0510971097689219,22023850.33438282,0.5571035105398351,3.82543599799274,-0.10204081632653061,-0.10204081632653061,-0.24490899598538174,-0.13224638300867464,0.2069452532677333,0.6754676765123466,-0.1911110353337837,37.97719087635054,40.576230492196885,1.800720288115246,36.79471788715486,33.02310924369748,3346,麗清,TWSE,22000.0
4532.TW,24.399999618530273,486,-0.016129017372408794,-0.029821074010967674,0.02736840499074833,-0.03937007933143677,0.0061855512795989664,0.06352902738253485,-0.0013302102699933593,0.00836861576873904,0.003512965203884111,21677366.467510797,0.5533054641226426,1.6429227874151142,-0.050583700615442706,-0.050583700615442706,-0.1615120515920101,-0.022971118620095876,0.04049176476789392,0.25692765080791935,-0.0914397008446215,29.201680672268907,30.05202080832333,1.440576230492197,80.43217286914766,32.93467386954782,4532,瑞智,TWSE,24399.999618530273
2453.TW,53.099998474121094,486,-0.003752359583532372,-0.016666694923683445,0.025096510737599775,0.0,-0.002527888862032923,-0.09173268588121342,-0.01080478899145454,0.009505679293757785,-0.00114958884311267,25444942.13929634,0.3326694159700594,2.7299638877445767,-0.04324327073655687,-0.04324327073655687,-0.12584608453526114,-0.010026487267932316,0.025096510737599775,0.26907501989540883,-0.05617977367558935,27.620048019207683,27.37094837935174,6.722689075630252,84.27370948379351,32.92121848739495,2453,凌群,TWSE,53099.998474121094
1795.TW,180.5,486,0.019774011299435124,0.022662889518413554,0.0,-0.0709608752277685,-0.21464702712388584,-0.024508976448599396,0.016042780748663166,-0.005198376355312284,-0.05076726566239631,118765577.775,1.0830125886499584,0.6087123444504945,-0.08472446520679577,-0.08472446520679577,-0.2163074072270591,0.019774011299435124,0.023653625075922835,0.22711332331159342,-0.1456790367996652,16.87875150060024,28.451380552220886,45.61824729891957,75.51020408163265,32.87755102040816,1795,美時,TWSE,180500.0
4534.TWO,30.75,486,0.0016286396031919281,0.004901948256873512,0.0640138548750544,-0.12142857142857144,0.1560150210156115,0.732394366197183,0.03101424649370732,-0.03723223760322125,0.02008376340595297,22166180.36682892,0.8898244262306679,1.1721752538268189,-0.27390788411030353,-0.27390788411030353,-0.27390788411030353,-0.014374824115571672,0.10449004535124487,0.5326847542178879,-0.35655251518717956,45.486194477791116,35.654261704681865,2.0408163265306123,20.64825930372149,32.785714285714285,4534,慶騰,TPEx,30750.0
2495.TW,37.849998474121094,486,-0.01943005258155206,-0.015604740621921631,0.04993063176573087,-0.13638346153200054,-0.11360457052235706,0.7727908589552859,-0.004602275499773989,0.001017392216682067,-0.08568829947313428,45934529.09029923,0.8729402928740538,1.05628304696011,-0.1421344637643318,-0.1421344637643318,-0.2816572110187282,-0.03191271052298478,0.09539178560973105,0.21868838023150272,-0.2781236787885967,34.951980792316924,20.408163265306122,24.729891956782712,53.54141656662665,32.571128451380545,2495,普安,TWSE,37849.998474121094
4541.TWO,58.79999923706055,486,-0.021630603495278344,-0.021630603495278344,-0.01571697880192835,-0.16713880300416606,0.2570204129963636,0.1550673846327697,-0.0071271650205322334,-0.08423393058394635,0.04609739856273709,55325249.631075285,0.5551605675603797,0.2335696907612523,-0.223249648513679,-0.223249648513679,-0.223249648513679,-0.017701358794796257,0.03999595553279367,0.3829482152800375,-0.25627474892034485,34.27370948379352,25.650260104041617,28.211284513805523,43.337334933973594,32.56802721088435,4541,晟田,TPEx,58799.99923706055
6829.TWO,210.0,486,0.024390243902439046,0.0,-0.12863070539419086,-0.18128654970760238,0.18989057809625254,0.668635678494317,-0.023709902370990243,-0.019264448336252182,-0.025954567439839704,169972989.85,0.4927452506046278,0.6331569878269958,-0.18604651162790697,-0.18604651162790697,-0.2317073456663794,0.05654792025098676,-0.06820185549165672,0.5654082747427756,-0.38132295719844356,38.99759903961584,18.28731492597039,51.140456182472995,17.58703481392557,32.429871948779514,6829,千附精密,TPEx,210000.0
4764.TW,199.0,486,0.07567567567567557,0.012722646310432628,-0.08924485125858128,-0.3918918944123301,0.033038110123654096,3.845887823650024,-0.00995024875621886,-0.14928655573738703,-0.24597284335998204,224317091.6,2.509316297117783,0.7762304929659399,-0.44694692589220164,-0.44694692589220164,-0.44694692589220164,0.09798688849032089,0.04138578021219541,0.572511539531096,-0.49141350471493916,44.17166866746699,7.843137254901961,56.542617046818734,13.925570228091237,32.40826330532213,4764,雙鍵,TWSE,199000.0
3131.TWO,2465.0,486,0.03571428571428581,0.022821576763485396,-0.06451612903225812,-0.175576937083589,-0.22876552788210947,0.5307123668140279,0.015029853819229944,-0.015455649783264525,-0.12598380319344715,870620840.25,0.8326688742776995,0.7253519939899666,-0.22876552788210947,-0.22876552788210947,-0.3571400147015612,0.05184331797235034,-0.005990483337728447,0.4524036893378337,-0.3257564756940957,23.41536614645858,22.288915566226493,78.51140456182473,29.65186074429772,32.33363345338135,3131,弘塑,TPEx,2465000.0
2548.TW,91.80000305175781,486,0.0,-0.026511133818604926,-0.029598260756095618,-0.029305081308257264,-0.1974733276689722,0.06643924064881124,-0.012797039706305635,-0.03260849053323989,-0.08090596543651363,103104700.90792885,0.9021733499424255,1.125084048914863,-0.07831320825160393,-0.07831320825160393,-0.21875244496765356,0.0073995651890239045,-0.019829900320009863,0.21790992460606515,-0.08433736600971398,21.18847539015606,14.445778311324531,41.65666266506602,85.95438175270108,32.287915166066426,2548,華固,TWSE,91800.00305175781
2646.TW,20.100000381469727,486,-0.002481351762139372,-0.009852160744208027,-0.024271844210729476,-0.049645354893557814,-0.054117629107307,-0.20079520133828377,-0.005073608740346236,-0.03326650732851899,-0.0307024386382857,72748534.72870779,0.7036059304790194,0.9130538935089496,-0.08636361902410339,-0.08636361902410339,-0.08636361902410339,0.003586609290542997,-0.007723392579543537,0.11412503583981544,-0.09090909090909094,17.557022809123648,21.048419367747098,33.97358943577431,93.45738295318128,32.27741096438575,2646,星宇航空,TWSE,20100.000381469727
6217.TWO,168.0,486,-0.03724928366762181,-0.014662756598240456,-0.0561797752808989,-0.2679738562091504,-0.2582781456953642,2.3701104341500585,-0.017112768758227315,0.014952424105119988,-0.2257023793520635,484499440.025,0.6503908467047664,0.6265999688571403,-0.2679738562091504,-0.2679738562091504,-0.5073313782991202,-0.023204339847397087,0.03314484345548456,0.5407018050987376,-0.5567685589519651,34.49579831932773,15.806322529011604,69.98799519807923,15.126050420168067,32.241796718687475,6217,中探針,TPEx,168000.0
4953.TWO,117.0,486,-0.004255319148936176,-0.008474576271186418,-0.008474576271186418,-0.03305785123966942,0.025360711724413232,0.10925381434244685,-0.011824324324324342,-0.038422025888637745,-0.03789340329100299,29207983.4,0.7249512756512325,1.4696294960840075,-0.09999999999999998,-0.09999999999999998,-0.14672782087822234,-0.002136675081139572,0.002544707475370056,0.20279248467146724,-0.10384615384615381,30.24609843937575,17.847138855542216,9.723889555822328,84.27370948379351,32.172168867547015,4953,緯致,TPEx,117000.0
4147.TWO,61.20000076293945,486,-0.012903213500976562,-0.06134963761544432,-0.06278716841052268,-0.046728914764923135,0.14606739726927698,-0.19261215964396694,-0.013460128742266653,-0.00847868227958648,0.045253037526372664,56600810.96965752,0.7375143556672105,0.7088094531954162,-0.1065693319278912,-0.1065693319278912,-0.15702476516229225,0.0027935786016541064,-0.04721086348888163,0.33874881420011244,-0.16666666666666663,24.52581032412965,29.451780712284915,29.411764705882355,62.21488595438176,32.14355742296919,4147,中裕,TPEx,61200.00076293945
3060.TW,28.75,486,0.015901087458339846,0.07677899544879474,0.10789977474911572,-0.16058394160583944,-0.059788083551493676,0.1315662070294532,0.05359596885020612,0.03358399418619973,-0.02776770877571355,28150811.443222143,1.544337822801657,1.3065483264836069,-0.16058394160583944,-0.16058394160583944,-0.3058459643104705,-0.011073856228939083,0.16142775528439554,0.29021749116698686,-0.24404759607077087,26.242496998799517,43.677470988395356,9.003601440576231,53.121248499399755,32.047218887555026,3060,銘異,TWSE,28750.0
3152.TWO,243.0,486,0.04516129032258065,0.09954751131221728,0.047413793103448176,-0.028357783050223295,-0.14100187450160007,0.10489459643147847,0.06473874465987506,0.05686010383582274,-0.0917475032267473,21520263.05,1.0984153456695676,0.37623779693455783,-0.06717850287907867,-0.06717850287907867,-0.3494778502393475,0.033307842046718605,0.056866387453522606,0.29119797328319674,-0.2081711915685568,26.86674669867947,43.297318927571034,1.2004801920768309,59.483793517406966,32.01700680272109,3152,璟德,TPEx,243000.0
6117.TW,66.30000305175781,486,0.06420551948125497,0.06420551948125497,0.059105505875791664,0.011031316457436935,-0.15830403484688482,-0.21531904503786525,0.060206332634750837,0.048149886014821286,-0.06155726463098776,24044297.148273088,7.076382843315761,2.003885255330919,-0.03493441052541102,-0.03493441052541102,-0.2805714383166873,0.04942914301230705,0.05542840038997935,0.38298508197106046,-0.0922401350857448,21.73469387755102,43.977591036414566,4.561824729891957,70.04801920768307,31.966486594637857,6117,迎廣,TWSE,66300.00305175781
3645.TW,73.0,486,-0.01617246627488733,0.05339100700296928,-0.009497923707293743,-0.035667068125355916,-0.2624997475701605,0.020919759219614864,0.018273112793743662,0.042187167096421785,-0.1286866466982297,198944560.5122963,1.0488738883104236,1.1121996480697558,-0.06048902358867492,-0.06048902358867492,-0.3692019371996941,-0.013797985348063896,0.0023910990011582287,0.36557416376790347,-0.22651221577067593,18.877551020408163,31.132452981192476,54.021608643457384,50.54021608643457,31.962284913965586,3645,達邁,TWSE,73000.0
3413.TW,289.5,486,-0.011945392491467532,0.0229681978798586,0.02841918294849033,-0.14222222222222225,-0.052324878617766024,-0.009961918384969626,0.014010507880910739,-0.03494638591032839,-0.0586825685265312,175244915.025,1.0824235886977847,0.6744111556789555,-0.2421465968586387,-0.2421465968586387,-0.2421465968586387,-0.019050188228590115,0.07582659035589775,0.15131409440728236,-0.2827225130890052,20.33613445378151,23.88955582232893,51.50060024009604,59.84393757503001,31.82533013205282,3413,京鼎,TWSE,289500.0
8390.TWO,90.9000015258789,486,0.006644501149985382,0.005530973357969149,-0.07150153106125967,-0.060699532756072205,0.030564427030087993,0.4131690240744528,-0.004053906757958692,-0.04225365744212961,-0.08248585182051149,30618703.39952469,1.4291595576656446,0.8527679007314231,-0.10882351445216754,-0.10882351445216754,-0.2710447825116017,0.0245198839153003,-0.051268353475902265,0.270140639547147,-0.12745098039215685,33.28331332533013,15.846338535414167,11.524609843937576,74.1296518607443,31.78721488595438,8390,金益鼎,TPEx,90900.0015258789
8210.TW,874.0,486,0.03431952662721893,-0.026726057906458767,-0.03638368246968027,-0.21261261261261266,-0.13398688837922568,0.4845938671565957,-0.010696700435791517,-0.1143387941226145,-0.23381733846883712,1320014125.25,1.9020252494324552,1.012019182051527,-0.29230769230769227,-0.29230769230769227,-0.4319399833258807,0.043415447244639,0.034487188401190624,0.31595944581921404,-0.32307692307692304,24.813925570228086,8.083233293317328,83.43337334933973,39.915966386554615,31.689475790316123,8210,勤誠,TWSE,874000.0
2645.TW,171.5,486,-0.014367816091954033,-0.005797101449275366,-0.005797101449275366,-0.2883817427385892,0.11559828264495708,0.0008510341217753403,-0.0068046908932967165,-0.061516713028409886,-0.026962346235560486,144393377.825,0.7619716998819551,0.22628200523456196,-0.29132231404958675,-0.29132231404958675,-0.3180914512922465,-0.012918540729635192,0.09033014613025436,0.13460686111434442,-0.2975206611570248,23.57142857142857,18.927571028411364,49.459783913565424,59.42376950780312,31.671568627450977,2645,長榮航太,TWSE,171500.0
5263.TWO,96.0999984741211,486,0.05953695377697099,0.06777776082356768,-0.08038278972132928,-0.03271114698890332,0.0020854738796662886,0.06423029043574746,0.04815399502531181,0.028412941339187592,-0.014169155158797686,22725919.530599594,1.1387942058189466,0.8682249378734438,-0.08038278972132928,-0.08038278972132928,-0.15330397820157626,0.07963265120730331,-0.06947907405836151,0.4185910393443565,-0.15598089044744323,25.72629051620648,43.937575030012006,2.6410564225690276,57.98319327731092,31.654861944777913,5263,智崴,TPEx,96099.9984741211
1722.TW,41.45000076293945,486,0.007290382161271092,-0.009557890699302907,-0.06958470319214383,-0.08884191887542991,-0.05091866171803783,-0.11850327417596385,-0.01162442743554648,-0.04683332079651692,-0.06323280517802565,124061716.67161235,0.6282813695471036,1.1274240260881874,-0.09832328097443332,-0.09832328097443332,-0.14545235340037144,0.02468655795930705,-0.03997073023366719,0.12383602658548569,-0.11137534575686114,16.008403361344534,15.246098439375752,46.818727490996395,90.27611044417768,31.579531812725087,1722,台肥,TWSE,41450.00076293945
3228.TWO,164.5,486,-0.08356545961002781,-0.04081632653061229,-0.07323943661971832,-0.02083333333333337,0.22304832713754652,0.03134796238244508,-0.033205994710549525,0.03280489719039403,-0.06615890436880578,55074004.475,1.209449678522621,1.0731515129914582,-0.09615384615384615,-0.09615384615384615,-0.36116504854368936,-0.06525560045509823,-0.06629499217527386,0.382095899216066,-0.24127906976744184,33.829531812725094,20.28811524609844,28.091236494597837,46.57863145258103,31.49579831932773,3228,金麗科,TPEx,164500.0
6962.TW,32.0,453,-0.034690843829408124,0.0031348082340301175,0.02400000000000002,-0.023664639842978286,-0.04891464741020923,-0.25622990866867357,0.007635983025495063,0.01104533676046593,-0.05219911786005926,44997898.69480686,1.467763085328199,0.5399401485399261,-0.06295758213215985,-0.06295758213215985,-0.17358875484378034,-0.04069084382940813,0.03188821328099278,0.2230683045010599,-0.14422666369032844,20.8343337334934,28.05122048819528,24.24969987995198,76.35054021608643,31.478291316526608,6962,奕力-KY,TWSE,32000.0
6282.TW,43.20000076293945,486,-0.002309433623165158,0.004651180533475685,-0.0011560517239432855,-0.19826168821367718,-0.1230487083953028,0.47433753161469516,0.00040527707813931,-0.038230124540840404,-0.13490572075774,188955377.97681466,1.4031877638265886,0.6637347191003797,-0.21823382721899243,-0.21823382721899243,-0.37944555152505877,-0.0020204206921793366,0.06493117768061578,0.21288483961789523,-0.30871885187461723,26.770708283313326,15.046018407362945,52.94117647058824,51.500600240096034,31.47458983593437,6282,康舒,TWSE,43200.00076293945
4966.TWO,558.0,486,-0.02447552447552448,-0.04123711340206182,0.02010968921389389,-0.09769513464688384,0.020986443240113895,-0.260795445173547,-0.0015209805851301716,-0.02208788197933853,-0.10380499261818243,250356390.15,0.7576028234126817,0.638536671469751,-0.10904490350255192,-0.10904490350255192,-0.34868107210374744,-0.02950294677899795,0.0526747340961885,0.302262409281492,-0.1649291837488076,18.73349339735894,17.567026810724286,58.70348139255702,65.60624249699879,31.468287314925966,4966,譜瑞-KY,TPEx,558000.0
2543.TW,39.599998474121094,486,0.03664915401100921,0.038007782182094774,0.014084487779927324,0.05212747433711096,-0.29432696334082,-0.4336564339058653,0.02923972132057706,0.03420562370415681,-0.021774079695900617,30420631.126091957,1.2330258010573432,0.962078423281762,-0.03414637867997328,-0.03414637867997328,-0.29432696334082,0.03312803206602738,-0.003291336999109662,0.2503678074547788,-0.11125005969297752,17.719087635054024,40.05602240896358,11.164465786314526,78.51140456182472,31.43897559023609,2543,皇昌,TWSE,39599.998474121094
6757.TW,53.29999923706055,486,-0.001872701984285463,-0.0184162065202661,-0.03790617745447877,-0.02739413165171145,0.11238152120035472,-0.2808992123808891,-0.006338577434972126,-0.029120459059945758,-0.01039164585793273,24954194.438814353,0.640782675329585,0.4870932680189858,-0.07142860940465068,-0.07142860940465068,-0.15045249735418464,0.00760384237933423,-0.028774800237241625,0.13850930582753332,-0.08188154421599536,23.583433373349344,23.209283713485394,6.24249699879952,93.57743097238895,31.387855142056825,6757,台灣虎航,TWSE,53299.99923706055
1810.TW,23.399999618530273,486,-0.025000015894571903,-0.01886795621559323,-0.025000015894571903,-0.18749999172157694,0.3090467483656574,0.17846849244827934,-0.015565862450948487,-0.07345081645963358,0.03586865308065157,31235702.285037994,0.7455475482018749,0.17935757203485736,-0.31478774310455804,-0.31478774310455804,-0.31478774310455804,-0.018750011920928927,0.037499981345953746,0.18223919384777176,-0.31478774310455804,35.31812725090036,22.408963585434176,12.004801920768307,53.721488595438174,31.35434173669468,1810,和成,TWSE,23399.999618530273
6409.TW,868.0,486,-0.02581369248035914,-0.022522522522522515,-0.09394572025052195,-0.1655519030467807,0.13788374429390338,-0.04432247874771289,-0.019984193293440256,-0.0915970972344543,-0.02829488696840654,246685169.2,0.6832487974464824,0.6523188651651569,-0.1849765258215963,-0.1849765258215963,-0.30139232142813277,-0.002327262417728654,-0.03876175256826172,0.3240895808392675,-0.19154929577464785,22.436974789915965,13.925570228091237,58.22328931572629,60.08403361344538,31.324129651860744,6409,旭隼,TWSE,868000.0
8096.TWO,90.30000305175781,486,0.03200003487723224,0.07244663093355341,-0.10149250694768341,-0.4238142208884762,-0.04373808035853155,0.9328914848467329,0.018899893390779354,-0.17026953669458655,-0.2208925309839458,308521629.1189083,0.5802755157856966,1.0847567465704968,-0.4238142208884762,-0.4238142208884762,-0.4646061469091751,0.057373161614153095,0.03977890001514198,0.455593370075786,-0.42248343851960024,31.932773109243698,16.046418567426972,62.54501800720288,23.10924369747899,31.22949179671869,8096,擎亞,TPEx,90300.00305175781
6165.TW,47.900001525878906,486,-0.03427413307541061,-0.0244398571391945,0.006302585322999876,-0.04960317310141993,0.06681514249550524,-0.06627675948824163,-0.013388224221211775,-0.0192632195441248,-0.023702525032069044,28234059.893024255,1.7154018185645081,1.7097528440618859,-0.05893909450031587,-0.05893909450031587,-0.09792838225365419,-0.035849779406160576,0.02283697635680652,0.23526648573659245,-0.08055014078405887,26.69267707082833,20.80832332933173,9.243697478991598,84.093637454982,31.21438575430172,6165,浪凡,TWSE,47900.001525878906
4536.TW,159.0,486,-0.01851851851851849,-0.036363636363636376,-0.021538461538461506,-0.010067172433566474,0.06925438451572341,-0.13123084601122637,-0.022440823854903202,-0.038209496925093234,-0.0007179060966321371,23968474.4,0.9312774413717045,0.8758408274519203,-0.07558139534883723,-0.07558139534883723,-0.07558139534883723,-0.013133903133903113,-0.018182737393939347,0.16282172494455602,-0.08139534883720934,26.63865546218487,19.007603041216488,4.441776710684274,91.83673469387756,31.181072428971593,4536,拓凱,TWSE,159000.0
2204.TW,51.599998474121094,486,-0.011494296552661099,-0.02087290840405298,-0.03189494910456603,-0.038690103929773456,0.003258026228123434,-0.13782516168690295,-0.012723641281952802,-0.019528819621668747,-0.005376280537238487,26412358.381353,1.8458549962105175,0.5401706167938634,-0.06352087290245301,-0.06352087290245301,-0.06352087290245301,-0.0035205592765195914,-0.018998247794641543,0.09798010054617484,-0.07259528331708909,21.650660264105642,22.929171668667465,7.44297719087635,97.05882352941177,31.150360144057622,2204,中華,TWSE,51599.998474121094
6515.TW,5615.0,486,-0.026863084922010394,-0.02601908065915004,-0.2707792207792208,-0.19651690211217976,-0.4239795597377164,1.8002578536357356,-0.08965629053177693,-0.12219290525242865,-0.2811185328573834,3846052015.25,1.4239530220059566,1.444218526600257,-0.2707792207792208,-0.2707792207792208,-0.4760054712780232,0.0408317202727948,-0.20527358674182755,0.6973250739468889,-0.2831168831168831,31.33253301320528,1.1604641856742697,91.83673469387756,18.48739495798319,30.93837535014006,6515,穎崴,TWSE,5615000.0
2374.TW,66.19999694824219,486,-0.007496252217042643,-0.004511324086583612,-0.017804221817056876,-0.057277181585618786,-0.05597131760461005,-0.20745504844983187,-0.007868149791251833,-0.010772858222952375,-0.06722920223588358,96462752.49347457,0.6104067489664923,0.5457816814853476,-0.06375187396024473,-0.06375187396024473,-0.19529080516214115,-0.0030451967627784238,0.0012881720448160543,0.13452328330404456,-0.18131875009036658,17.34093637454982,19.56782713085234,40.216086434573825,79.41176470588235,30.63955582232893,2374,佳能,TWSE,66199.99694824219
7768.TW,300.0,372,-0.0033222591362126463,0.022146507666098714,0.08892921960072586,-0.07723327682438486,-0.3215860465796768,0.5978434055272892,0.04456824512534818,0.06479643307059457,-0.0934547860217182,26556616.425,1.453990594670313,0.9029931327915242,-0.08831756641331645,-0.08831756641331645,-0.37532868574757594,-0.025554564036394112,0.11467364520885415,0.4857628891960851,-0.2888877018023869,31.95078031212485,41.45658263305322,7.563025210084033,30.672268907563023,30.477290916366545,7768,頌勝科技,TWSE,300000.0
3535.TW,92.5,486,0.013143449158067533,0.07184237229428359,0.036995551173310215,-0.0740740882167249,-0.2658730158730159,0.11311674727414389,0.04638008598232668,0.05373077653313074,-0.12546090584400438,74291571.92560005,0.9997755637202287,1.4267856668575951,-0.07960199004975121,-0.07960199004975121,-0.36426116838487976,0.003894561364739979,0.06168691391221852,0.360691209768968,-0.30248757737192944,21.608643457382954,38.97559023609443,34.57382953181273,38.35534213685474,30.407162865146063,3535,晶彩科,TWSE,92500.0
5471.TW,50.79999923706055,486,-0.03053439393562163,-0.028680688754906813,-0.07636365023526281,-0.1872000122070312,0.23637077507953785,0.33592263416693346,-0.022418946198189293,-0.07901497077394382,-0.05525189453047752,41696789.62424698,0.6348156110795343,0.24142721645841367,-0.1949286772503661,-0.1949286772503661,-0.23915646783977218,-0.011443481376805925,-0.013963646166252418,0.2409854017121116,-0.2599048828488909,35.762304921968784,11.64465786314526,21.48859543817527,54.26170468187275,30.36674669867947,5471,松翰,TWSE,50799.99923706055
1736.TW,123.0,486,-0.03529411764705881,-0.012048192771084376,-0.02766798418972327,-0.008479659536844819,0.061752993426648306,-0.25491016369476904,-0.018551765409934196,-0.04007491793347251,0.005390461390974544,58278106.725,1.831654945706213,0.9481241003077058,-0.15172413793103445,-0.15172413793103445,-0.15172413793103445,-0.02837712159962799,-0.024841431010775,0.29578656443245077,-0.16896551724137931,23.715486194477794,20.048019207683073,30.252100840336134,65.54621848739495,30.053721488595443,1736,喬山,TWSE,123000.0
6689.TW,62.599998474121094,486,-0.024922095797154098,-0.023400936594492938,0.026229483182313107,0.035026257220412305,-0.1075392965826325,-0.15524578320769944,-0.030509555051516313,0.010084318063791953,-0.016796955672801483,64638422.365278624,0.2336002021299355,11.031699200599203,-0.11205675923232494,-0.11205675923232494,-0.12795909485353785,-0.031479466592732375,0.014554064108842338,0.5014397965780212,-0.11205675923232494,24.309723889555823,22.12885154061625,31.45258103241296,59.00360144057623,30.04001600640256,6689,伊雲谷,TWSE,62599.998474121094
4749.TWO,759.0,486,0.0026420079260238705,0.04258241758241765,-0.02692307692307694,-0.08222490931076176,-0.14071652009516378,-0.10974236881745547,0.011662779073642104,-0.014093654608040573,-0.13508126104216556,509844914.2,1.6523924528350125,1.25852433088404,-0.12355658198614317,-0.12355658198614317,-0.3484071851468066,0.009372777156793105,0.0004852261805103168,0.38267907413402225,-0.233256351039261,14.699879951980794,20.68827531012405,70.82833133253301,48.07923169267707,29.623149259703883,4749,新應材,TPEx,759000.0
2427.TW,22.899999618530273,486,-0.017167366164289044,-0.029661048797655076,0.038548771468485565,-0.08282618784340467,0.05434041610380036,-0.13962752768826558,-0.013356317829649855,0.010422707884247151,0.034683529265719715,27115653.49556284,0.454549852520285,3.1511019034960572,-0.08460363546590177,-0.08460363546590177,-0.11380020084211973,-0.026804559031410435,0.06615750074962046,0.3146463539357309,-0.15116275789516542,23.805522208883552,30.652260904361743,8.043217286914766,66.56662665066027,29.567026810724286,2427,三商電,TWSE,22899.999618530273
6231.TWO,232.5,486,-0.01898734177215189,0.03563474387527843,-0.010638297872340385,-0.05097649246738378,-0.08908256384920776,-0.16125036949941296,0.03024260551678304,0.04712617926743534,-0.08827097672811302,80707137.075,0.6478009866110731,1.8190036820920785,-0.07132589993583383,-0.07132589993583383,-0.3164851869954761,-0.016327767304066793,0.006353866283454208,0.4162026038824621,-0.22910063951662762,17.62905162064826,36.41456582633053,36.49459783913566,46.75870348139256,29.524709883953584,6231,系微,TPEx,232500.0
6284.TWO,78.9000015258789,486,-0.017434638513980194,0.0436508348989908,0.01675261697577679,-0.10645527973956026,-0.08717811066458725,0.08969655536777377,0.0246088073916384,0.01587984797268982,-0.08087093945794188,81436052.42525597,2.02415438049512,0.908614741139996,-0.14517877662869383,-0.14517877662869383,-0.3514547674677986,-0.02162279275792439,0.052237710222296875,0.3455498111282041,-0.29469126412037217,22.557022809123644,31.092436974789916,36.734693877551024,40.03601440576231,29.43937575030012,6284,佳邦,TPEx,78900.0015258789
5439.TWO,260.5,486,0.03784860557768921,0.027613412228796763,0.011650485436893288,-0.08524448040379251,-0.3171378787962421,-0.1624269263202225,0.031989699910864644,0.05561293219654262,-0.13222861515301765,360483928.8,1.4780856036521544,0.518979501599241,-0.09451559121928566,-0.09451559121928566,-0.3929255159472137,0.03493598421846589,0.04006531223815746,0.34581595569066775,-0.3552116782002974,12.20888355342137,36.57462985194078,64.70588235294117,33.793517406962785,29.412565026010405,5439,高技,TPEx,260500.0
3032.TW,77.0,486,-0.029003820469674313,-0.011553292788831548,-0.02035621507865415,-0.042288575389946015,0.22807016049532414,-0.22613065326633164,0.0020170413340230287,-0.02108274181587033,-0.01988862132771474,35766965.08660927,0.6332815450780871,1.1227327758059027,-0.11595865271021766,-0.11595865271021766,-0.16395221199014454,-0.023914766700010776,-0.006260023282005478,0.4531942578523897,-0.1905855196892252,28.79951980792317,25.330132052821128,16.44657863145258,51.02040816326531,29.412364945978393,3032,偉訓,TWSE,77000.0
4968.TW,96.69999694824219,486,-0.04257428764116644,0.04090414811569976,0.0865168196431707,-0.08773587784677184,-0.1121464269647936,-0.3731129454565526,0.034390512981522736,0.02595837675025936,-0.07026303559804026,42430453.24156151,1.4047573539814535,1.2684731703047223,-0.08773587784677184,-0.08773587784677184,-0.24532448935239082,-0.06420349255195912,0.11576211225876132,0.27456589950548665,-0.16966826090880482,15.642256902761105,35.81432573029212,22.088835534213686,67.28691476590636,29.398959583833534,4968,立積,TWSE,96699.99694824219
4123.TWO,31.350000381469727,486,0.0015974806909890837,0.01129033488612019,0.0312500254888286,-0.07022108316529752,-0.1650964462157547,-0.04819457600885213,0.0156313391786862,-0.029270220519616585,-0.06272062918004795,37381377.09068251,0.8024806969135913,0.465175056204438,-0.11741789075469433,-0.11741789075469433,-0.1650964462157547,-0.006215025681218067,0.05465705321059444,0.12873650237940534,-0.1680924932218647,18.409363745498204,24.609843937575032,17.767106842737096,81.69267707082832,29.35564225690276,4123,晟德,TPEx,31350.000381469727
2329.TW,44.5,486,0.0033822216694423535,0.027713643974209834,0.042154548124102575,-0.0815273622443553,-0.2502351730433976,-0.06761001677124279,0.01865629290224602,0.0159624088302337,-0.1042157455690903,113889963.79010144,1.4596166430132813,1.2432679907919681,-0.1342412708374121,-0.1342412708374121,-0.2730645467440226,-0.00715641536158329,0.06933033553888768,0.24640342756245995,-0.26945528944868125,16.79471788715486,28.291316526610647,44.77791116446579,51.860744297719094,29.126250500200083,2329,華泰,TWSE,44500.0
2359.TW,127.0,486,-0.0078125,-0.023076923076923106,-0.0627306273062731,-0.10877192982456141,0.11235035672618987,-0.12383366563432296,-0.01244167962674958,-0.0883531734162829,-0.05993807625776382,226165255.95,0.5302570928580594,0.17376387114968286,-0.2845070422535211,-0.2845070422535211,-0.2845070422535211,0.007870156826568275,-0.026473317364752634,0.22675814538535727,-0.295774647887324,21.380552220888354,13.365346138455381,56.90276110444178,50.720288115246106,29.106042416966787,2359,所羅門,TWSE,127000.0
6913.TWO,129.5,487,0.003875968992248069,0.003875968992248069,-0.007662835249042099,0.03600000000000003,0.030664812414205267,-0.10861418264471567,0.005434782608695565,-0.03729401561144852,-0.017061335663111077,27969640.05,0.6253365768911667,0.27115660846491485,-0.21987951807228912,-0.21987951807228912,-0.21987951807228912,0.005791677804508594,-0.01966283524904211,0.24018177779703392,-0.25,29.057623049219686,24.92997198879552,8.763505402160865,56.18247298919569,29.050320128051226,6913,鴻呈,TPEx,129500.0
1215.TW,106.5,486,0.009478672985782088,0.014285714285714235,-0.03181818181818186,-0.05752212389380529,-0.2222094068569782,-0.16103488788329945,-0.0007037297677692234,-0.012517385257301727,-0.08014457696497546,67615504.425,0.6425400975033786,1.1352118629837025,-0.05752212389380529,-0.05752212389380529,-0.2222094068569782,0.017433218440327553,-0.01264414052024676,0.20298873585547683,-0.08444444444444443,13.415366146458584,20.008003201280513,32.773109243697476,87.1548619447779,29.0281112444978,1215,卜蜂,TWSE,106500.0
2419.TW,27.0,486,-0.07056796182098546,-0.07692307692307687,0.011235926160607423,0.005586577891961486,-0.2847682119205298,0.13207545359108952,-0.03846153584901846,0.03497843794920952,-0.039900436181153354,56793993.813157655,0.4827090091541392,1.4661334391229999,-0.11908644906878141,-0.11908644906878141,-0.2847682119205298,-0.07337694336113731,0.009373733529953595,0.49885982887501595,-0.18681313614095996,25.82833133253301,22.448979591836732,29.65186074429772,48.31932773109244,28.930672268907564,2419,仲琦,TWSE,27000.0
3483.TWO,79.0,486,0.006369426751592355,0.01412064765821186,0.012820512820512775,-0.018748486145315657,-0.07399913326211272,-0.27231077700505857,0.019354838709677358,0.048338871939886285,-0.039759760405468914,26901027.981848143,1.4967105398605045,1.0768304808359592,-0.029484047676779146,-0.029484047676779146,-0.25584721921382036,0.0031642985464641615,0.01907000820228466,0.37158099225394026,-0.15476185974363466,19.363745498199282,37.89515806322529,7.803121248499399,61.644657863145255,28.604641856742695,3483,力致,TPEx,79000.0
2539.TW,33.45000076293945,486,-0.023357641957972186,-0.051063808143561595,-0.051063808143561595,0.024568590006038393,-0.11509566942968097,-0.13535362160871223,-0.030364498124478834,-0.022340838603274515,0.016207004481987752,28376998.59422798,1.21739377553774,0.5445210525940993,-0.07468881463273491,-0.07468881463273491,-0.11509566942968097,-0.010591689922081787,-0.059253338145574395,0.2553494423346607,-0.07468881463273491,20.624249699879954,21.328531412565024,9.603841536614647,83.43337334933975,28.568627450980394,2539,櫻花建,TWSE,33450.00076293945
3704.TW,39.099998474121094,486,-0.023720369064585745,-0.05326878459032225,0.00514130952177827,-0.19630015934691758,0.06583728938835831,0.09696742873098452,-0.029355218765797164,-0.08136897734989967,-0.07768111794731125,90712545.62727356,0.41849608735435373,0.9647179829401332,-0.2242064029691665,-0.2242064029691665,-0.2242064029691665,-0.025005696445030312,0.07057469597075079,0.26484014028553543,-0.2281745962665317,25.96638655462185,8.643457382953182,39.25570228091237,58.76350540216087,28.54861944777911,3704,合勤控,TWSE,39099.998474121094
3062.TW,22.200000762939453,486,-0.0022471567218222965,-0.006711392213426426,0.08823535186609299,-0.0431034468583914,-0.2780487556767658,-0.07883815719734033,0.022805839365628966,0.05454837575778204,-0.07450186805133807,42488533.9046936,0.7556041635310015,2.0510144969203674,-0.0451612575079805,-0.0451612575079805,-0.2929935976865926,-0.024305994688345545,0.1026031674855568,0.45970859120229507,-0.210752671764743,20.006002400960384,36.73469387755102,22.20888355342137,46.69867947178871,28.52250900360144,3062,建漢,TWSE,22200.000762939453
3587.TWO,243.0,486,0.008298755186721962,0.01673640167364021,-0.012195121951219523,-0.07131815602171843,-0.2603911223052068,0.18195868545381466,0.008298755186721962,-0.011877804939724568,-0.13221351404400783,103445043.65,1.9821311917326816,0.8376676489450172,-0.12115732368896925,-0.12115732368896925,-0.3761884844268125,0.011347535674526843,0.011577596722686618,0.33879215612917274,-0.24029644785197624,21.350540216086436,20.528211284513805,41.89675870348139,49.51980792316927,28.452280912364948,3587,閎康,TPEx,243000.0
6462.TWO,100.5,486,-0.06074766355140182,0.025510204081632626,0.01208456104091682,-0.024271844660194164,-0.13733905579399142,-0.2086614173228346,0.0005475701829011914,0.010117933689777203,-0.09663597911905797,53345205.80636139,0.813604740310426,1.345118860633859,-0.06074766355140182,-0.06074766355140182,-0.3516129032258064,-0.06376880381163103,0.020175175927648205,0.2724798924799482,-0.1497584541062802,17.83313325330132,22.408963585434176,27.73109243697479,70.40816326530611,28.34803921568627,6462,神盾,TPEx,100500.0
9938.TW,39.54999923706055,486,0.025940337737766717,0.03129076429427302,-0.019826499809501463,-0.06998384369965738,-0.09485058628091825,-0.23755438084705793,0.029076931205313405,-0.03919512837214978,-0.04449820799666537,40102314.719948195,0.9036551071533463,1.155837098819899,-0.11101398114211414,-0.11101398114211414,-0.11101398114211414,0.030896962690142082,0.0035014480903843292,0.19760885132643716,-0.1525973644576053,14.621848739495798,28.25130052020808,20.168067226890756,77.6110444177671,28.30952380952381,9938,百和,TWSE,39549.99923706055
3380.TW,30.299999237060547,486,-0.03194888256789341,-0.08042493063792278,0.013377913833897637,-0.04448471857128933,-0.24957093170222822,0.050088516938391336,-0.02454731125845866,0.02648069434124256,-0.05018308397758697,108386783.52840337,0.4455217327070013,1.408897306931311,-0.08597291576573451,-0.08597291576573451,-0.25950440728845714,-0.03529336102636782,0.028206153357660746,0.4867881829648353,-0.20061733337132337,20.576230492196878,22.168867547018806,42.857142857142854,46.63865546218487,28.225890356142454,3380,明泰,TWSE,30299.999237060547
9910.TW,66.30000305175781,486,-0.03633720769051807,-0.03352763080936427,-0.07660166805334623,-0.008968586852557747,-0.11144664763126888,-0.3858759454532451,-0.02686038437791627,-0.03523873208401407,-0.05073299642804019,71510701.88206749,1.0858342250058417,0.8135915908853584,-0.07660166805334623,-0.07660166805334623,-0.28457714588393324,-0.017186790677181513,-0.07361213910249365,0.2231341743734263,-0.07660166805334623,14.849939975990397,13.965586234493797,33.85354141656663,86.31452581032413,28.19907963185274,9910,豐泰,TWSE,66300.00305175781
6584.TWO,531.0,486,0.0,-0.039783001808318286,-0.11794019933554822,-0.20551114689292982,-0.21138754448117925,1.1539475485701964,-0.032346241457858804,-0.04996411600250328,-0.14043913122601903,230662944.5,1.3305080956271826,0.36365165899459617,-0.21832552698468888,-0.21832552698468888,-0.3377614995559147,0.029485049833887056,-0.04943648370457161,0.3929850543569039,-0.38813810532777593,30.162064825930372,7.042817126850739,57.022809123649466,28.691476590636253,28.190776310524207,6584,南俊國際,TPEx,531000.0
6153.TW,17.299999237060547,486,-0.028089888844431754,0.011695839247322315,-0.005747148486326958,-0.06233070343221425,-0.008596075605766251,0.09841264997209831,-0.01015595623973109,0.022106199699091222,-0.055096648976623475,41344213.60379247,1.1443464709808553,0.8215843882236826,-0.07486638870376383,-0.07486638870376383,-0.2924335911153285,-0.026653101722850014,0.01502975265774446,0.3029292786237911,-0.2780748957639114,26.800720288115244,24.449779911964782,21.008403361344538,45.43817527010804,28.139755902360942,6153,嘉聯益,TWSE,17299.999237060547
8436.TWO,103.0,486,-0.01904761904761909,-0.028301886792452824,-0.05504587155963303,-0.04702988485722792,-0.12063328085521319,-0.06353153158652436,-0.01764425369575584,-0.06914961677398346,-0.07854509262938925,67979078.25,0.8676947656128166,0.7349159112390099,-0.14496354395230138,-0.14496354395230138,-0.14496354395230138,-0.005286151157710833,-0.039369243273890395,0.14994481034934884,-0.14911420636029982,17.533013205282113,10.724289715886355,33.01320528211284,83.25330132052821,28.0109043617447,8436,大江,TPEx,103000.0
3596.TW,156.5,486,0.02287581699346397,0.012944983818770295,0.006430868167202508,-0.1741424802110818,-0.11331444759206799,-0.2607217107077957,0.013436943500080956,-0.05323653962492447,-0.101521385513348,124137098.675,1.3105120430900161,0.6220983433335937,-0.18062827225130895,-0.18062827225130895,-0.20759493670886076,0.021268099951663344,0.06447836157089645,0.15954132624303777,-0.20418848167539272,11.308523409363744,19.087635054021607,46.93877551020408,73.46938775510205,27.921968787515006,3596,智易,TWSE,156500.0
3003.TW,58.0,486,-0.03010032207400115,-0.005145784579527746,-0.01192505543170963,-0.04852497877003237,0.08241197437154968,0.07452549426569033,-0.012765954241702904,-0.056432240592789396,-0.04909681423787071,23109208.35669937,0.5034932946329808,0.3572772114644874,-0.19556170280893992,-0.19556170280893992,-0.19556170280893992,-0.027119058216073744,0.004249937491634492,0.21620784725286774,-0.21497920011140392,30.168067226890752,15.446178471388555,3.241296518607443,66.02641056422569,27.827330932372945,3003,健和興,TWSE,58000.0
2458.TW,132.0,486,-0.04693140794223827,0.019305019305019266,0.011494252873563315,-0.24163408825822874,-0.017135798665102397,0.07193289812510462,0.00189753320683117,-0.06552293255829722,-0.1035593323530033,178643171.15,1.1415341659322455,0.7022099149592022,-0.24163408825822874,-0.24163408825822874,-0.2797530025652718,-0.0498049711606291,0.09203894895963956,0.32336301705978876,-0.2778271695488491,21.4765906362545,14.885954381752702,51.86074429771909,44.057623049219686,27.773709483793517,2458,義隆,TWSE,132000.0
5522.TW,60.79999923706055,486,0.0,-0.017770634276292774,-0.04402514629304388,-0.09925927056206596,-0.06572111089135768,0.03239288870867285,-0.006211194453572322,-0.04168966179118616,-0.06238601891230233,37724643.06503697,0.9576489826116616,0.9761057430620238,-0.12391933861285953,-0.12391933861285953,-0.1987023570838201,0.01100628657326097,-0.010938722772355226,0.18406713526954743,-0.13544670488766042,18.781512605042018,17.28691476590636,18.127250900360146,81.87274909963986,27.7734093637455,5522,遠雄,TWSE,60799.99923706055
4585.TW,292.0,486,-0.008488964346349714,-0.01848739495798324,-0.01683501683501687,-0.029900332225913595,-0.061417073198484995,-0.5246138410581351,-0.008488964346349714,-0.01931150293870698,-0.06258647642292448,50596583.225,0.5067651042158254,0.770043840575716,-0.09876543209876543,-0.09876543209876543,-0.21399730820995966,-0.004280210137595497,-0.006868239426379005,0.16888445521422757,-0.16666666666666663,16.044417767106843,18.927571028411368,26.650660264105642,78.60144057623049,27.73969587835134,4585,達明,TWSE,292000.0
3059.TW,38.099998474121094,486,-0.005221952138994457,0.006605020081333235,0.015962443606869492,-0.12397418080941436,0.054300616650134303,-0.2675177701096638,0.0017089212049576918,-0.013009164924920325,-0.06765712458718565,37343274.98200283,0.9556904503916107,0.5762697634968553,-0.14033951115386023,-0.14033951115386023,-0.23304800818885985,-0.00921256304071183,0.05728717054334095,0.16200837484621194,-0.20329673119917713,18.81152460984394,21.568627450980397,17.647058823529413,73.22929171668667,27.48879551820729,3059,華晶科,TWSE,38099.998474121094
6739.TWO,1080.0,486,-0.022624434389140302,0.0,-0.05676855895196509,-0.004608294930875556,-0.3060848945134309,0.3993806090782843,-0.04361301748948421,0.005305780508237934,-0.07701508436895887,383862561.5,0.6483297458203725,1.8380746837225568,-0.18181818181818177,-0.18181818181818177,-0.3608676646800455,-0.00843229465114903,-0.05523246064167323,0.7779112054679782,-0.36790123456790125,28.199279711884753,14.36574629851941,66.14645858343337,7.44297719087635,27.319527811124452,6739,竹陞科技,TPEx,1080000.0
6261.TWO,76.4000015258789,486,-0.03413396966278748,-0.043804755108376114,-0.023017845174017504,-0.1117193793186464,0.0024234983844846347,0.2980310926499268,-0.01597113600784661,-0.01677254941635742,-0.14127717487413427,34357365.67287445,0.812693740272221,0.9702762241716912,-0.13321794590703706,-0.13321794590703706,-0.40980911196787406,-0.028379508369283102,0.014221947932197963,0.2796001589990443,-0.2222222126046799,28.883553421368546,12.805122048819527,15.006002400960384,58.34333733493397,27.20128051220488,6261,久元,TPEx,76400.0015258789
2211.TW,79.69999694824219,486,0.005044059030153036,-0.003750038146972612,-0.04206730923532742,-0.09982051452846519,-0.1481883779963925,-0.08831664718460841,-0.008398171717049041,-0.048839271015613805,-0.07674432099379036,47340592.09160576,0.6322364129028848,0.7619730778216677,-0.1035908921239268,-0.1035908921239268,-0.15240527576789664,0.015560886338984892,-0.00879380439250569,0.13582635952292707,-0.11371338593487879,13.655462184873947,14.965986394557824,25.45018007202881,89.25570228091236,27.092336934773908,2211,長榮鋼,TWSE,79699.99694824219
8114.TW,177.5,486,-0.002808988764044895,0.008522727272727293,-0.01388888888888884,-0.10353535353535348,0.09842226630232132,-0.17978073315614596,-0.002668914173338921,-0.09207161125319696,-0.10512808018977504,50118627.7,0.5513900662320138,0.5848260685530527,-0.2349137931034483,-0.2349137931034483,-0.296516028870042,0.0006632334581773147,0.020622895622895654,0.13017389483332842,-0.2456896551724138,21.470588235294112,12.725090036014405,26.290516206482593,68.0672268907563,26.996698679471788,8114,振樺電,TWSE,177500.0
3577.TWO,106.0,486,-0.08225108225108224,-0.08225108225108224,-0.02304147465437789,-0.15537848605577687,0.39049770707920595,0.44656606376907804,-0.06669601584855822,-0.13138486752253487,-0.10935963106460289,33101600.85,0.6618471002040914,0.7830658715870423,-0.3375,-0.3375,-0.3375,-0.07649071358748777,0.02875135403088106,0.43078864294967556,-0.3375,43.565426170468186,3.6014405762304924,13.565426170468186,29.471788715486195,26.960384153661458,3577,泓格,TPEx,106000.0
6592.TW,56.70000076293945,486,-0.005263144509834117,-0.025773195538429716,-0.05970146798788889,-0.04705881070689999,-0.05302905777201494,-0.10548518407449825,-0.024096372410680744,-0.05331699788875688,-0.040784004426186904,28223724.614426233,1.5959950768806057,1.2413298950399734,-0.08695648701878755,-0.08695648701878755,-0.08695648701878755,0.009662222487138106,-0.044015197752255555,0.1269914841137849,-0.10789045270321984,18.853541416566628,13.565426170468186,9.123649459783914,90.7563025210084,26.857442977190875,6592,和潤企業,TWSE,56700.00076293945
2501.TW,20.649999618530273,486,-0.019002357863559194,-0.0372960893218891,-0.07812500133046085,-0.04398151602601097,-0.12075916247161556,-0.030681073746258836,-0.029833235540458136,-0.06719368910267132,-0.07766653497451648,50655340.93940029,1.0093720712697092,1.6015563831101123,-0.10799136247064511,-0.10799136247064511,-0.19402925408369642,0.0005288924690560193,-0.0634644959884572,0.18382977434585646,-0.1274297582808387,18.085234093637457,9.003601440576231,26.770708283313326,82.953181272509,26.84783913565426,2501,國建,TWSE,20649.999618530273
3078.TWO,46.54999923706055,486,0.017486322121541997,0.0197151737371013,0.02986722237465078,-0.057247399179931824,-0.10730501545690141,-0.38416037746132914,0.029753326384573064,-0.017250309919865425,-0.059306902252836635,23353715.79646206,0.5197275745347827,0.6081120019699546,-0.07792933876272945,-0.07792933876272945,-0.1523148679759282,0.010019516527879302,0.048949688767961394,0.23154293066139606,-0.13834426592454507,15.888355342136855,29.97198879551821,3.601440576230492,76.23049219687876,26.617547018807524,3078,僑威,TPEx,46549.99923706055
8069.TWO,144.0,486,0.0,-0.006896551724137945,-0.020408163265306145,-0.23086162763849782,-0.039817543454098714,-0.3720325924500453,-0.01098901098901095,-0.11679264011835666,-0.1792004770233433,823660148.1,1.2306255802676989,0.733688915621964,-0.2708860759493671,-0.2708860759493671,-0.40229609586687287,0.005102040816326536,0.056545712614193125,0.22373802583337857,-0.2784810126582279,10.92436974789916,8.363345338135254,77.91116446578631,52.82112845138055,26.616646658663463,8069,元太,TPEx,144000.0
6125.TWO,51.20000076293945,486,0.027081290474245234,0.047034747756466544,0.021956134178059195,-0.07133309268677313,-0.08448231995094235,-0.3342760861596822,0.0365421819873879,0.02602081436376169,-0.06361315004576673,25154077.479769707,1.0713844723271073,0.3036791122706098,-0.08896797032247017,-0.08896797032247017,-0.294314482381802,0.021592256929730436,0.04573383174031691,0.24482961757705335,-0.22980251967603904,15.330132052821128,36.73469387755102,6.482593037214886,60.204081632653065,26.085234093637453,6125,廣運,TPEx,51200.00076293945
2101.TW,30.0,486,0.011804397503296649,0.001669423565505035,-0.02120716563197933,-0.10651246832474726,-0.16166598673835997,-0.23957859438960627,0.0016694490818029983,-0.05186585389320264,-0.057778436260584765,56453609.48383379,2.8193020311112384,0.935153434804358,-0.1392317058060969,-0.1392317058060969,-0.16166598673835997,0.01710618891129148,0.014296990476269755,0.18085722611714217,-0.17653164333069626,10.876350540216086,18.80752300920368,29.17166866746699,76.47058823529412,25.442577030812323,2101,南港,TWSE,30000.0
5388.TW,73.0,486,0.023842873428885136,0.00968183843285697,-0.006802721088435382,-0.14819133489482206,-0.12574850299401197,-0.26886205947978115,0.009193333365783873,-0.07737029528692985,-0.09836656105565555,138098339.285215,0.991571143818555,0.43966879905338624,-0.22008545737120566,-0.22008545737120566,-0.22008545737120566,0.02554355370099398,0.04259439054317197,0.21805572623610422,-0.2414529790870631,10.67827130852341,16.84673869547819,48.739495798319325,60.74429771908763,25.439475790316127,5388,中磊,TWSE,73000.0
9802.TW,65.9000015258789,486,0.01697528429500994,0.03779529962014028,-0.03230538909744929,-0.06892090202183332,-0.14938448475771826,-0.3184131108681595,0.017839240750040286,-0.025793706450085163,-0.06502995003598955,34288644.196531296,0.47802301783465573,1.104358236160105,-0.09222855593459744,-0.09222855593459744,-0.17088018841509411,0.025051631569372262,-0.009331755090171517,0.22086699033095641,-0.12528853773218063,10.966386554621849,25.33013205282113,14.8859543817527,79.35174069627851,25.403061224489797,9802,鈺齊-KY,TWSE,65900.0015258789
6753.TW,131.0,486,-0.015037593984962405,-0.01872659176029967,-0.026022304832713727,-0.16089725144808775,-0.06270432204167009,-0.17658139391239924,-0.012996797890374778,-0.04221756542884436,-0.024241613716846855,50564617.0,0.5098150933441489,0.18830631449506702,-0.1635526634356027,-0.1635526634356027,-0.1714189284462725,-0.008532017776783973,0.02761011231664886,0.15571453983684372,-0.2115384653337652,13.241296518607443,18.367346938775512,26.410564225690276,72.50900360144057,25.388355342136855,6753,龍德造船,TWSE,131000.0
3138.TW,99.5999984741211,486,0.006060590647687825,-0.004000015258789014,0.09210528297107379,-0.05915527165160961,-0.4220525335350437,0.0384066053204577,0.01689722583545361,0.03051266001879127,-0.18161303338866708,73719520.44666214,1.1275511478091385,4.685745225708047,-0.09290755916215565,-0.09290755916215565,-0.4891878480372339,-0.016965730095080622,0.11182370685494365,0.6487981974505043,-0.2550184180169298,20.708283313325328,28.091236494597847,34.33373349339736,25.81032412965186,25.363145258103245,3138,耀登,TWSE,99599.9984741211
3004.TW,120.5,486,-0.004132231404958664,0.025531914893617058,-0.004132231404958664,-0.21498371335504884,0.04329004329004338,-0.11291588835647959,0.013883045856121212,-0.035099426131055655,-0.04827722381281463,31911038.65,1.0226815635966988,0.6979900151523322,-0.22508038585209,-0.22508038585209,-0.24451410658307215,-0.003099173553718998,0.06752900638005761,0.2154364444290639,-0.26688102893890675,18.703481392557023,24.609843937575032,12.48499399759904,56.30252100840336,24.88715486194478,3004,豐達科,TWSE,120500.0
2208.TW,18.549999237060547,486,-0.015915179752680086,-0.03636367599685475,-0.013297872880078332,-0.1229314623340122,-0.10817308089084188,-0.2851638269100645,-0.020849877594178445,-0.03448279673371446,-0.03190035963295501,42186251.76032229,1.378048890732517,0.6643954728190721,-0.1372093378111373,-0.1372093378111373,-0.14516135553592535,-0.012590711532660503,0.027679281231259067,0.1815453576119897,-0.1534883366074673,11.422569027611045,16.48659463785514,21.84873949579832,79.41176470588235,24.450880352140853,2208,台船,TWSE,18549.999237060547
9914.TW,67.80000305175781,486,-0.007320643889592526,0.01649184638447898,-0.11948047984730115,-0.0760257266433414,0.12864276390842888,-0.3549133558910016,-0.012381601576725298,-0.11574404855643383,-0.043871242746771344,116550410.0388256,0.7340865373442039,0.5165576530520816,-0.28101801847721175,-0.28101801847721175,-0.28101801847721175,0.02254947607223276,-0.09413857096618734,0.41108102554241305,-0.30116649636046344,19.345738295318128,14.245698279311725,45.01800720288116,35.05402160864346,24.277811124449784,9914,美利達,TWSE,67800.00305175781
3376.TW,169.5,486,-0.025862068965517238,-0.06094182825484762,-0.16707616707616713,-0.12280741376395377,-0.11156134147427033,-0.2736036194685063,-0.044262757259656005,-0.08588932569194418,-0.12511149206319505,694194348.75,0.39209669730664914,0.7823755014842887,-0.21889400921658986,-0.21889400921658986,-0.2690062069988003,0.015906972803524544,-0.12614036248818253,0.3864320916885664,-0.2211981566820277,9.159663865546218,4.641856742697079,76.23049219687876,50.0,24.216886754701882,3376,新日興,TWSE,169500.0
1582.TW,71.0999984741211,486,0.0,0.007082153127570878,-0.015235436573628247,-0.0669291165140754,-0.2758154383754713,0.0500676347554192,0.003811923629900793,-0.010576141117680904,-0.13826396045404177,23040107.428621672,1.509190126592105,0.7272728698392976,-0.09079282290535551,-0.09079282290535551,-0.38489764155800266,0.0038088591434070618,0.007074268931063554,0.16601453892370427,-0.20076723223702242,17.22689075630252,19.007603041216488,3.12124849939976,73.7094837935174,24.02861144457783,1582,信錦,TWSE,71099.9984741211
6412.TW,73.0,486,-0.021447701164178157,-0.017496675617256985,-0.022757657532704756,-0.13813456162686444,-0.035645491481091196,-0.2513187837354296,-0.015774572941761322,-0.057233256646305075,-0.1234849102955704,35395391.84213219,1.3548650648449145,0.7773100101096101,-0.14819133489482206,-0.14819133489482206,-0.2831024469992893,-0.015758286781001968,0.023287196342916726,0.10021431524084994,-0.14819133489482206,13.799519807923168,9.80392156862745,16.206482593037215,85.41416566626651,23.903861544617847,6412,群電,TWSE,73000.0
8105.TW,15.0,486,-0.02912620160650603,-0.019607855359147774,-0.006622541651882585,-0.18478259179452383,0.04895103496003261,0.13207547169811318,0.0001666950850696125,-0.036247789826450494,-0.1089329460263826,34155940.55084629,0.7162277469002323,0.437355150509313,-0.18478259179452383,-0.18478259179452383,-0.4035785197806465,-0.027470566193535384,0.05497165561295869,0.48441767705443084,-0.24175826306360837,25.984393757503,16.206482593037215,14.405762304921968,39.07563025210084,23.766806722689072,8105,凌巨,TWSE,15000.0
1536.TW,46.400001525878906,486,-0.005359056630712344,0.0010788145286722006,-0.03131523908594436,-0.1278195326981576,-0.08661412947368063,-0.29803324361580674,-0.006264355052847392,-0.05135104165107507,-0.0716440980673626,34256515.17422943,0.6677301580378732,0.6068862312211707,-0.1278195326981576,-0.1278195326981576,-0.17876103494019635,0.002469753140773745,0.011291271813441507,0.13649093461509082,-0.15413535047638183,11.176470588235295,15.686274509803921,14.765906362545017,82.89315726290516,23.59983993597439,1536,和大,TWSE,46400.001525878906
3545.TW,49.0,486,-0.05038756881795392,-0.05769230769230771,-0.04109586177746383,-0.06371751726229136,0.007284647676578215,-0.27811262765183564,-0.02989506368918826,-0.015871551425344688,-0.06572431387291855,30052505.32600975,0.8647717859596112,0.8280371826185228,-0.07587703527393275,-0.07587703527393275,-0.1913923985928967,-0.040113603373587964,-0.01985668935670004,0.2309015995926179,-0.17439703487680258,17.112845138055224,14.205682272909163,11.044417767106843,71.06842737094838,23.569127651060427,3545,敦泰,TWSE,49000.0
7749.TW,364.0,323,-0.09339975093399755,-0.04210526315789476,0.025352112676056304,-0.052526389338583335,-0.09622051714070645,-0.30139373903920696,-0.029786099820083956,0.007403307271846682,-0.11046573591691877,86414203.125,1.0360564279791304,0.9796415609660605,-0.09452736318407962,-0.09452736318407962,-0.31551996268502547,-0.09973777910301163,0.042860909122250754,0.46066859088260764,-0.22193877551020413,16.65066026410564,14.485794317727091,38.17527010804322,44.71788715486194,23.548219287715085,7749,意騰-KY,TWSE,364000.0
5284.TW,282.0,486,-0.05369127516778527,-0.06622516556291391,-0.08885298869143776,-0.07389162561576357,-0.09734498232752675,-0.008174536661766485,-0.050265218489517594,-0.06313439951331712,-0.15968054337076942,70818623.025,0.8441013225233648,0.4867930039539772,-0.20563380281690136,-0.20563380281690136,-0.37795295732619383,-0.03147802799492583,-0.06422244681951657,0.26743257133721726,-0.20563380281690136,17.292917166866747,4.2416966786714685,33.73349339735894,62.4249699879952,23.266006402561022,5284,jpp-KY,TWSE,282000.0
3691.TWO,103.5,486,-0.07999999999999996,-0.06334841628959276,0.06372041884668955,-0.21292775665399244,-0.16194331983805665,0.2606577579002567,-0.014520355876511792,-0.03431974814880712,-0.17939637426373134,109552032.0861992,0.874535167131622,2.136004190731089,-0.21292775665399244,-0.21292775665399244,-0.3893805309734514,-0.09593010471167235,0.1346963377313537,0.655321878921162,-0.28505744787925047,23.94357743097239,10.684273709483795,42.97719087635054,20.28811524609844,22.93547418967587,3691,碩禾,TPEx,103500.0
6761.TWO,166.5,486,0.012158054711246091,0.009090909090909038,-0.0485714285714286,-0.02346041055718473,-0.14395886889460152,0.06806844803625256,0.005131300935707683,-0.0034415681580127755,-0.0934869898595766,24949214.775,0.6786034635993281,0.26145362294610053,-0.11904761904761907,-0.11904761904761907,-0.2760869565217391,0.02430091185410324,-0.04075129171903369,0.36411309666678987,-0.26530612244897955,21.902761104441772,22.12885154061625,6.122448979591836,42.737094837935174,22.71738695478191,6761,穩得,TPEx,166500.0
6862.TW,146.5,476,0.03169014084507049,0.05776173285198549,0.061594202898550776,-0.1227544910179641,-0.22696521521247492,-0.08319963958310272,0.06410023606319215,0.043757050406697306,-0.09200708774916877,24776735.25,2.0755401232278943,1.1695444618272113,-0.138235294117647,-0.138235294117647,-0.33764201837861163,0.016291590120432797,0.10251236657120547,0.491638808853202,-0.31176470588235294,16.140456182472988,41.376550620248096,5.762304921968788,27.791116446578634,22.64035614245698,6862,三集瑞-KY,TWSE,146500.0
6244.TWO,22.299999237060547,486,-0.06498956476384188,-0.0590717924392703,-0.021929825295224914,-0.14747410255841875,-0.22147807153377574,0.24563496942385066,-0.03421398086626981,-0.06570508622384985,-0.14557745020925839,74773193.66270867,1.0111312303597642,1.5087562315119545,-0.1647940599307497,-0.1647940599307497,-0.2971338340845564,-0.05950710844003565,0.027228208890914672,0.42020820416746457,-0.23179459178680883,20.43817527010804,5.482192877150861,34.81392557022809,45.55822328931573,22.623549419767905,6244,茂迪,TPEx,22299.999237060547
3294.TWO,31.5,486,-0.046898616424851824,0.02773247608642171,0.0606060333610039,-0.11888111888111885,-0.052631578947368474,-0.38235294117647056,0.011723139919891601,0.02209122815425668,-0.06273246166054036,30038137.104174994,0.5379982117973567,3.503836769766675,-0.11888111888111885,-0.11888111888111885,-0.255319135504813,-0.0620501247651028,0.10023307298804351,0.42416769640330343,-0.2507002961252187,16.05642256902761,29.49179671868747,10.92436974789916,41.29651860744298,22.431472589035614,3294,英濟,TPEx,31500.0
6405.TW,39.79999923706055,486,-0.11751661677110137,-0.05125152531053867,0.029754144004668026,-0.2149901649280952,0.10709314026190575,0.3964912013003701,-0.03286556521833284,-0.009395824159066812,-0.20803901807923975,39631172.16339149,2.081692920298962,1.8788738601250903,-0.2149901649280952,-0.2149901649280952,-0.5086419847276475,-0.12495515277226837,0.1014175323140331,0.7864484032638904,-0.3580000305175781,34.86194477791116,10.244097639055623,19.687875150060023,7.983193277310924,22.39955982392957,6405,悅城,TWSE,39799.99923706055
4510.TWO,41.650001525878906,486,-0.0414269092164401,-0.052332177409198266,-0.05981936245643771,-0.0035884620554884616,-0.11571119160941512,-0.11004268793028948,-0.03453867494881013,-0.014084471219260486,-0.060190633551516326,22802274.693789672,0.3340748081817141,0.18580158412485764,-0.12407986973390261,-0.12407986973390261,-0.23296497033001484,-0.026472068602330673,-0.058623208437941554,0.23871662417743247,-0.20958083832335328,19.23169267707083,14.325730292116846,2.7611044417767108,63.98559423769508,22.247699079631854,4510,高鋒,TPEx,41650.001525878906
1905.TW,12.800000190734863,486,0.0,-0.026615926840196202,-0.030303001841675226,-0.13220337689933126,-0.12328768107564014,0.024000015258789142,-0.019720454705047685,-0.043646081815787,-0.060349295480529475,21687139.77125554,0.8401254573388006,0.9911064397172511,-0.14093956252077766,-0.14093956252077766,-0.30623308068115396,0.007575750460418806,0.013764790458101861,0.2152654886662067,-0.16107380402517135,16.224489795918366,13.445378151260504,1.56062424969988,75.03001200480192,22.150960384153663,1905,華紙,TWSE,12800.000190734863
6469.TWO,66.4000015258789,486,0.031055899885286564,0.032659383739542136,-0.020648989127775685,-0.10218543101011579,-0.14530705455151105,-0.47423436480851877,0.024375218190517467,-0.036936701330866795,-0.05672710243957546,22598965.03813553,1.8658096780682882,1.0474996980130158,-0.1346500471493064,-0.1346500471493064,-0.14530705455151105,0.036218147167230486,0.01341282120892958,0.21790993485052698,-0.1815666396086787,9.36374549819928,26.730692276910762,2.2809123649459786,71.60864345738295,21.979791916766708,6469,大樹,TPEx,66400.0015258789
6176.TW,91.0999984741211,486,-0.0032823090453982795,-0.011930569528528223,0.0,-0.20344010827279857,-0.20270686778711555,-0.4907430382572465,-0.008273474576022788,-0.09668475919593478,-0.18906747480273078,170301408.09947205,0.3823422069712841,1.1041340778714885,-0.21063253667149917,-0.21063253667149917,-0.3425955625557373,-0.0032823090453982795,0.06781336942426619,0.2819307010273274,-0.2296951715721759,6.956782713085236,9.523809523809524,51.26050420168067,56.78271308523409,21.71798719487795,6176,瑞儀,TWSE,91099.9984741211
1707.TW,85.4000015258789,486,-0.0011695727967379055,-0.017261219489775215,-0.056353574299680576,-0.06666664999039451,-0.24854772001508063,-0.29778608010893604,-0.01584556005901583,-0.04222507011373511,-0.10079976937216995,24825331.016238023,0.6043173512917186,0.5087946007498879,-0.07874860477545798,-0.07874860477545798,-0.2517183962624254,0.012918820778182238,-0.034131357636215734,0.1442165138766736,-0.0916936384015834,9.123649459783914,11.604641856742697,5.88235294117647,91.77671068427371,21.655662264905963,1707,葡萄王,TWSE,85400.0015258789
3708.TW,94.0999984741211,486,-0.04853390270678415,-0.04563894593954876,-0.05522088438012429,-0.06831684679088024,-0.15836722405557424,-0.15480099349922039,-0.031992603733228986,-0.04628379801967175,-0.10851560591237108,41549836.38619385,0.6654159987462548,0.8505809514720618,-0.09519232236422026,-0.09519232236422026,-0.24157044104288017,-0.034728681611753076,-0.03244860211649754,0.2900215174165354,-0.1475727859052639,12.83313325330132,8.483393357342937,21.368547418967587,69.44777911164465,21.518207282913163,3708,上緯投控,TWSE,94099.9984741211
3663.TWO,61.599998474121094,486,-0.053763442120376426,0.016501650580520222,0.009836040559362269,-0.17426273814884496,-0.13239438768843526,0.16888040953199446,-0.0031556241130362706,-0.022945994882924703,-0.11966465947238725,38468380.41978874,0.7395236999439341,1.4410215268471764,-0.20310483774657107,-0.20310483774657107,-0.3282442690931636,-0.05622245226021699,0.06792361994231058,0.4210132922957028,-0.3078913597949282,21.05642256902761,16.566626650660265,18.967587034813928,33.55342136854742,21.495198079231695,3663,鑫科,TPEx,61599.998474121094
9958.TW,89.0999984741211,486,-0.03152175571607507,-0.02195389718440166,-0.011098779322257446,-0.2045315453905494,-0.1298396622573682,-0.45963801693028705,-0.02232952627089735,-0.09729923850252709,-0.12584880513424535,111687669.7718174,0.462435882086932,0.5668025747227182,-0.2318965648782665,-0.2318965648782665,-0.2341150812341286,-0.02874706088551071,0.05707840247459235,0.21859399621503886,-0.24051725453343886,7.917166866746699,6.842737094837935,43.81752701080432,60.624249699879954,20.93967587034814,9958,世紀鋼,TWSE,89099.9984741211
6104.TWO,87.30000305175781,486,-0.04798248683659001,-0.03429201794021708,-0.056216183224239824,-0.13990144776593283,-0.05926723943028811,-0.24461332645893163,-0.03519917706923659,-0.06021240206340084,-0.09692766188638591,33412703.615565874,1.7316870752067866,0.608445479829203,-0.1482926531535823,-0.1482926531535823,-0.1953916769423243,-0.033928441030530054,-0.009582367302262217,0.18408305295489966,-0.15915917200221508,11.728691476590637,7.442977190876351,13.805522208883552,77.97118847539016,20.90516206482593,6104,創惟,TPEx,87300.00305175781
3552.TWO,43.20000076293945,486,-0.024830665757683668,0.10344825234255528,0.016470606186810732,-0.04575603382543636,-0.1930376880757192,-0.3894173234222069,0.016231496542086,-0.019092927602616383,-0.10042453181399802,29318014.135807417,0.6060575914792089,6.190542519008016,-0.08668073023791212,-0.08668073023791212,-0.3070371281433726,-0.02894831730438635,0.03172261746195618,0.5485739262502187,-0.17230439413614085,13.649459783913567,23.44937975190076,10.204081632653061,46.75870348139256,20.54901960784314,3552,同致,TPEx,43200.00076293945
2072.TW,131.0,486,-0.02238805970149249,0.0234375,0.0,-0.032075544236642495,-0.2622846071328281,-0.5103200378729544,0.010802469135802406,-0.05404655087100663,-0.13585444350193554,24998571.125,0.5771084165096133,0.5496493526565318,-0.1652761271964669,-0.1652761271964669,-0.3141841756992769,-0.02238805970149249,0.010691848078880831,0.2547703828535988,-0.19394984801796233,12.154861944777913,16.606642657062824,6.362545018007203,65.84633853541416,20.45268107242897,2072,世紀風電,TWSE,131000.0
6679.TWO,196.5,486,-0.03911980440097795,-0.012562814070351758,-0.015037593984962405,-0.16560509554140124,-0.24700863396681838,-0.10582278551327018,-0.018236322757931633,-0.0520603015075376,-0.2029429973244522,38670572.025,0.8317135154944603,0.6456915871546091,-0.191358024691358,-0.191358024691358,-0.42027293372284846,-0.03536040590473735,0.04016410452883801,0.2142164915309351,-0.2016460905349794,10.966386554621849,8.283313325330132,19.08763505402161,68.72749099639856,20.17797118847539,6679,鈺太,TPEx,196500.0
6890.TW,152.0,486,0.023569023569023573,0.023569023569023573,-0.06172839506172845,-0.1460674157303371,-0.07605709049221443,-0.2873624100875113,0.019450033534540667,-0.06543013782855978,-0.12640375150285565,29301891.6,1.0369730925809064,0.6346872687427028,-0.15320334261838442,-0.15320334261838442,-0.4404289231230373,0.039001122334455685,-0.013039256484949413,0.3189662288530877,-0.1866295264623955,10.150060024009603,19.207683073229294,10.084033613445378,61.40456182472989,20.092737094837936,6890,來億-KY,TWSE,152000.0
6188.TWO,62.5,486,0.00644124856211703,0.003210285158727233,-0.038461538461538436,-0.1539453803166302,-0.27771109184302,-0.49128006715202477,0.0034518769063915933,-0.06195354188461266,-0.15491280778034777,33959515.86224327,1.0059944054413446,0.8405755783043807,-0.1550764721802328,-0.1550764721802328,-0.28587256835338015,0.01605663317750164,0.012853588310671626,0.13530503990332796,-0.1699471056418448,4.981992797118847,13.965586234493797,14.285714285714285,80.7923169267707,19.994997999199676,6188,廣明,TPEx,62500.0
6215.TW,93.30000305175781,486,-0.03913486593283566,-0.04307689177684293,-0.02405852990662849,-0.10288458604079032,-0.09859215766749108,-0.2433966361546861,-0.04199606457513594,-0.043387584161974635,-0.1142147814331842,45475001.95878868,1.0712732927058877,0.45933407768354273,-0.12803735465646904,-0.12803735465646904,-0.302243532795875,-0.03312023345617854,0.010236332106968282,0.24488527113913078,-0.24339625520526242,12.653061224489795,7.122849139655862,24.60984393757503,57.32292917166867,19.764505802320926,6215,和椿,TWSE,93300.00305175781
8054.TWO,81.0,486,-0.09799557631067979,-0.0592334328049261,-0.027611080041962555,-0.13829787234042556,-0.23222748815165872,-0.18999999999999995,-0.04102291496062305,-0.04207787126972207,-0.15612409900056157,85637848.02074432,1.0706354953213022,1.4375460712618484,-0.16025143025278277,-0.16025143025278277,-0.4065934065934066,-0.09109280630018915,0.0184882107381793,0.34492782773058356,-0.21623468405512358,9.321728691476592,6.24249699879952,37.935174069627855,53.421368547418965,19.45888355342137,8054,安國,TPEx,81000.0
5392.TWO,38.20000076293945,486,-0.04260653378263268,-0.040200967457085346,-0.0716889587740166,-0.12069058170747882,0.0033145576530342336,-0.14001610574935064,-0.03911456035782057,-0.08628174384357412,-0.09040537060534648,24378935.995495796,0.952118270334505,0.3007786439447766,-0.18987020320592585,-0.18987020320592585,-0.20710704833693927,-0.024684294089128533,-0.03145876487152366,0.17646190724051436,-0.24890820492064547,16.530612244897956,6.4025610244097635,5.162064825930372,63.625450180072036,19.357543017206883,5392,能率,TPEx,38200.00076293945
3694.TW,51.0,486,-0.003906264842953311,0.00990099009900991,0.0323886320789466,-0.19484705739799624,-0.13705470128170127,-0.3664844845053551,0.011704018557272322,-0.03829637431776156,-0.10332611291926885,24935022.73090439,1.179142524402108,0.7761202570109105,-0.22093456776296316,-0.22093456776296316,-0.26325146114268083,-0.01200342286268996,0.09733765121161202,0.20662860119583884,-0.25912404973536696,10.510204081632653,19.367747098839533,6.002400960384153,58.34333733493397,19.2233893557423,3694,海華,TWSE,51000.0
6477.TW,33.70000076293945,486,-0.03160915224818861,-0.023188383682914426,-0.014619882714792864,-0.18795178884483243,-0.021622801538424774,-0.2385530232561347,-0.01763588324562093,-0.06173868186326559,-0.03456983091687649,35006760.39864902,0.45172414213187084,0.4004945834061119,-0.20425024847326534,-0.20425024847326534,-0.20425024847326534,-0.027954181569490394,0.04803071356681794,0.4889736800334569,-0.2302243294284403,13.805522208883554,15.046018407362945,15.846338535414164,41.05642256902762,18.509403761504604,6477,安集,TWSE,33700.00076293945
3217.TWO,127.0,486,-0.019305019305019266,-0.019305019305019266,-0.048689138576779034,-0.19365079365079363,-0.1681013454292597,-0.24074601645969584,-0.013209013209013132,-0.07636363636363641,-0.17117134482673346,30485798.15,0.8118185177825608,0.4632052859695381,-0.19620253164556967,-0.19620253164556967,-0.34894888186086215,-0.007132734660824508,0.015861125973485504,0.17097295799848689,-0.19620253164556967,7.689075630252102,8.56342537014806,11.404561824729893,74.1296518607443,18.43107242897159,3217,優群,TPEx,127000.0
2614.TW,15.350000381469727,486,-0.11887609094609719,-0.07059532880615726,-0.06547466361623133,-0.06289305832607417,-0.17260315857133512,-0.18649229773628961,-0.06716656739636151,-0.0681345037732689,-0.08790364779722126,27281819.47895651,4.328983758674994,2.2430376412622133,-0.11887609094609719,-0.11887609094609719,-0.17260315857133512,-0.10250742504203936,-0.04451031084087327,0.3477935954742292,-0.11887609094609719,12.09483793517407,5.882352941176471,8.16326530612245,68.60744297719087,18.428871548619448,2614,東森,TWSE,15350.000381469727
4303.TWO,31.649999618530273,486,-0.050974480760770824,-0.08658013781350149,-0.11220201223399573,0.021933770361120652,-0.17165666321159934,-0.3804352395849614,-0.07503471355009794,-0.05168660511155121,-0.060740424368640134,25510053.208972074,1.018170726567689,0.3675015716262249,-0.24821850912926857,-0.24821850912926857,-0.24821850912926857,-0.02292397770227189,-0.11951326902103594,0.2716323072302979,-0.2589073184380726,14.66986794717887,8.923569427771108,6.8427370948379345,51.800720288115244,17.628851540616246,4303,信立,TPEx,31649.999618530273
2233.TW,164.0,486,-0.02670623145400597,-0.0060606060606061,0.01863354037267073,-0.26161114479736924,-0.2759642365713003,-0.2415643390359059,0.0012210012210012167,-0.0994447568172877,-0.2938442645377185,61879109.475,0.6263044694473799,0.4536284230420202,-0.29127158342275494,-0.29127158342275494,-0.5606440848463206,-0.03136461654717365,0.10583725530512715,0.27295932909365106,-0.3236829439369582,7.94717887154862,10.924369747899158,31.212484993997595,43.45738295318127,17.5078031212485,2233,宇隆,TWSE,164000.0
6919.TW,77.5,486,-0.020227541150263817,-0.061743324071839356,-0.05024508027927699,-0.2790697674418605,-0.2757009345794392,-0.6025641025641026,-0.03953402090166658,-0.18592436974789917,-0.2104928047859873,389944528.46951216,0.47305053053235463,0.4496128353103869,-0.31718061674008813,-0.31718061674008813,-0.35146443514644354,-0.00766627108044457,0.04277817553467651,0.3768955168410816,-0.31718061674008813,2.9111644657863147,2.681072428971589,66.74669867947179,35.834333733493395,17.367446978791516,6919,康霈*,TWSE,77500.0
2630.TW,45.20000076293945,486,-0.035218735643995025,-0.038297856107671224,-0.0775510048379704,-0.27447830952698915,-0.07186858203631674,-0.24942317452410312,-0.03470366370410849,-0.09032970751005476,-0.054928764568963895,31543344.338162996,0.7485395014648153,0.17411925789726282,-0.27447830952698915,-0.27447830952698915,-0.27447830952698915,-0.015830984434502426,0.013941765004359327,0.19712415273764403,-0.2528925493729016,8.871548619447779,9.483793517406964,12.12484993997599,60.50420168067227,17.25750300120048,2630,亞航,TWSE,45200.00076293945
7825.TWO,75.4000015258789,364,-0.11915884497738505,-0.0013244831009416869,-0.23451775100630556,-0.033457728618635274,-0.5506426289884396,0.09771583851535337,-0.11142535391347863,-0.06439169476850981,-0.21685690309803496,60608113.31961975,0.4463147646559468,1.5259240654229924,-0.3114155111791881,-0.3114155111791881,-0.6507267786542057,-0.06052940722580866,-0.2233651748000938,1.0633072912700394,-0.3168949492990154,17.947178871548616,2.7210884353741496,30.4921968787515,9.423769507803122,14.743897559023608,7825,和亞智慧,TPEx,75400.0015258789
6143.TWO,77.0,486,-0.04466499432102311,-0.060975609756097615,-0.08659552535574422,-0.22535212456759413,-0.18776373922730327,-0.4311102132421295,-0.05026210299105771,-0.12205689832879518,-0.15632618507739127,24541405.825323105,1.5265876536445435,0.8040985756628121,-0.2560386473429952,-0.2560386473429952,-0.29032258064516125,-0.023016112982087056,-0.011478150499879505,0.15442545271782743,-0.2560386473429952,4.489795918367347,2.8811524609843935,5.5222088835534215,64.34573829531813,13.220888355342137,6143,振曜,TPEx,77000.0
4583.TW,417.0,486,-0.005959475566150174,-0.027972027972028024,-0.09935205183585316,-0.3015075376884422,-0.43419267299864317,-0.39624370229999273,-0.023590704208862556,-0.12839002978523284,-0.2823182668932729,27796747.8,1.4937591192690367,0.542301609986183,-0.3084577114427861,-0.3084577114427861,-0.46743295019157083,0.018878537392813116,0.0011504607269609002,0.20130032335859943,-0.31011608623548925,1.5666266506602642,4.5218087234893956,8.403361344537815,51.98079231692677,10.893057222889155,4583,台灣精銳,TWSE,417000.0
7740.TW,118.5,480,0.15609756097560967,-0.012499999999999956,-0.08139534883720934,-0.08657135631994639,-0.2485088747570916,-0.36614884306078466,0.025308241401687193,-0.10789882853779587,-0.1531948541958461,25617123.2,1.4886165861847942,1.5802010279333074,-0.3305084745762712,-0.3305084745762712,-0.3305084745762712,0.176446398184912,-0.05253823006389387,0.6449516583484414,-0.43220338983050843,7.400960384153662,19.007603041216488,7.082833133253301,10.504201680672269,10.720388155262105,7740,熙特爾-創,TWSE,118500.0
6949.TW,46.849998474121094,486,-0.05161949338041938,-0.07775592169808099,-0.22433779320274017,-0.9498930497602983,-0.9399358993921525,-0.8880525723437966,-0.08254188418465502,-0.9251513771830211,-0.9328650707627272,398306806.52776587,0.5749987359536333,3.2191097357943597,-0.9685570480039456,-0.9685570480039456,-0.9685570480039456,0.004464954920265662,0.09229322338402596,0.8431988224092523,-0.9701342281879195,0.1800720288115246,0.5602240896358545,66.98679471788715,1.800720288115246,10.539215686274508,6949,沛爾生醫*-創,TWSE,46849.998474121094
2236.TW,81.5999984741211,486,-0.247926281344506,-0.2746666802300347,-0.3311475534908107,-0.5142857233683269,-0.36988418166701853,-0.2234218774595994,-0.2520966176510555,-0.34786084641665094,-0.3891110656352088,96520167.04244423,4.8683246979783235,2.6701539045466793,-0.5142857233683269,-0.5142857233683269,-0.5577235855061187,-0.16513939297180333,-0.15971897903470175,0.5858112060665661,-0.5069486497031959,3.325330132052821,0.3201280512204882,40.33613445378151,12.845138055222089,9.553621448579431,2236,百達-KY,TWSE,81599.9984741211
5457.TWO,23.299999237060547,486,-0.025104618872233364,-0.021008404034795758,-0.12734087748035683,-0.19517260762702116,-0.3521087065223871,-0.47686220185079775,-0.04566867235398209,-0.12692170375771317,-0.20972553024522045,20519186.68148737,1.0674339502997545,2.880147562186609,-0.21695936466065935,-0.21695936466065935,-0.3845437730848167,0.006730600497855843,-0.062283341604683115,0.4016675946149945,-0.21695936466065935,2.3949579831932772,2.4409763905562225,0.6002400960384154,49.459783913565424,9.196978791516607,5457,宣德,TPEx,23299.999237060547
6994.TW,30.200000762939453,486,0.0360206229210962,0.10622716508878405,-0.14204545146670233,-0.2598038890278366,-0.5642135723950243,-0.6824395242113745,0.04498273225792704,-0.12209299783223537,-0.34052734482319114,30456565.34025841,2.1721684935055965,2.6160293275096262,-0.2687651011906197,-0.2687651011906197,-0.5896738941705516,0.07153198578777178,-0.055444155124090136,0.7877163456825689,-0.3680387200092513,0.9543817527010805,21.56862745098039,11.28451380552221,7.142857142857143,8.585734293717486,6994,富威電力,TWSE,30200.000762939453
8084.TWO,14.399999618530273,486,-0.40495871220868596,-0.6470588262793378,-0.6821192083652523,-0.6723549631727657,-0.6909871225311909,-0.6651162879411565,-0.5654797943757885,-0.6549752376284304,-0.6729854261510023,23950290.100317907,0.3743872612912766,1.3746157042796148,-0.7348066331333931,-0.7348066331333931,-0.7348066331333931,-0.23442891011737288,-0.45800088730766375,0.7619327067215879,-0.7348066331333931,0.31212484993997597,0.2000800320128051,4.321728691476591,3.721488595438175,1.3969587835134054,8084,巨虹,TPEx,14399.999618530273
